[ALTA] #6 HOT: Luisa | 2026-08-08 09:30 | Cafeteria Central
[TXT OK] 5738935134: 📅 ¡Cita agendada 2026-08-08 09:30! Te confirmo por...
[WACLI ERROR] [Errno 2] No such file or directory: 'wacli'
[INGEST] 1 leads nuevos.
[ALTA] #7 HOT: Luisa | 2026-08-08 09:30 | Cafeteria Central
[TXT OK] 5738935134: 📅 ¡Cita agendada 2026-08-08 09:30! Te confirmo por...
[WACLI ERROR] [Errno 2] No such file or directory: 'wacli'
[INGEST] 1 leads nuevos.
[ALTA] #8 HOT: Luisa | 2026-08-08 09:30 | Cafeteria Central
[TXT OK] 5738935134: 📅 ¡Cita agendada 2026-08-08 09:30! Te confirmo por...
[WACLI ERROR] [Errno 2] No such file or directory: 'wacli'
[INGEST] 1 leads nuevos.
[ALTA] #9 HOT: Luisa | 2026-08-08 09:30 | Cafeteria Central
[TXT OK] 5738935134: 📅 ¡Cita agendada 2026-08-08 09:30! Te confirmo por...
[WACLI ERROR] [Errno 2] No such file or directory: 'wacli'
[INGEST] 1 leads nuevos.
[ALTA] #12 HOT: Luisa | 2026-08-08 09:30 | Cafeteria Central
[TXT OK] 5738935134: 📅 ¡Cita agendada 2026-08-08 09:30! Te confirmo por...
[WACLI ERROR] [Errno 2] No such file or directory: 'wacli'
[INGEST] 1 leads nuevos.
[DUP LEAD] prospecto_20260807.done.done.done.done.done.done.json: ya existe cita #4. skip
[INGEST] 0 leads nuevos, 1 duplicados saltados.
[DUP LEAD] prospecto_20260807.done.done.done.done.done.done.dup.json: ya existe cita #4. skip
[INGEST] 0 leads nuevos, 1 duplicados saltados.
[DUP LEAD] prospecto_20260807.done.done.done.done.done.done.dup.dup.json: ya existe cita #4. skip
[INGEST] 0 leads nuevos, 1 duplicados saltados.
[DUP LEAD] prospecto_20260807.done.done.done.done.done.done.dup.dup.dup.json: ya existe cita #4. skip
[INGEST] 0 leads nuevos, 1 duplicados saltados.
[DUP LEAD] prospecto_20260807.done.done.done.done.done.done.dup.dup.dup.dup.json: ya existe cita #4. skip
[INGEST] 0 leads nuevos, 1 duplicados saltados.
[DUP LEAD] prospecto_20260807.done.done.done.done.done.done.dup.dup.dup.dup.dup.json: ya existe cita #4. skip
[INGEST] 0 leads nuevos, 1 duplicados saltados.
[DUP LEAD] prospecto_20260807.done.done.done.done.done.done.dup.dup.dup.dup.dup.dup.json: ya existe cita #4. skip
[INGEST] 0 leads nuevos, 1 duplicados saltados.
[DUP LEAD] prospecto_20260807.done.done.done.done.done.done.dup.dup.dup.dup.dup.dup.dup.json: ya existe cita #4. skip
[INGEST] 0 leads nuevos, 1 duplicados saltados.
[DUP LEAD] prospecto_20260807.done.done.done.done.done.done.dup.dup.dup.dup.dup.dup.dup.dup.json: ya existe cita #4. skip
[INGEST] 0 leads nuevos, 1 duplicados saltados.
[DUP LEAD] prospecto_20260807.done.done.done.done.done.done.dup.dup.dup.dup.dup.dup.dup.dup.dup.json: ya existe cita #4. skip
[INGEST] 0 leads nuevos, 1 duplicados saltados.
[DUP LEAD] prospecto_20260807.done.done.done.done.done.done.dup.dup.dup.dup.dup.dup.dup.dup.dup.dup.json: ya existe cita #4. skip
[INGEST] 0 leads nuevos, 1 duplicados saltados.
[DUP LEAD] prospecto_20260807.done.done.done.done.done.done.dup.dup.dup.dup.dup.dup.dup.dup.dup.dup.dup.json: ya existe cita #4. skip
[INGEST] 0 leads nuevos, 1 duplicados saltados.
[DUP LEAD] prospecto_20260807.done.done.done.done.done.done.dup.dup.dup.dup.dup.dup.dup.dup.dup.dup.dup.dup.json: ya existe cita #4. skip
[INGEST] 0 leads nuevos, 1 duplicados saltados.
[DUP LEAD] prospecto_20260807.done.done.done.done.done.done.dup.dup.dup.dup.dup.dup.dup.dup.dup.dup.dup.dup.dup.json: ya existe cita #4. skip
[INGEST] 0 leads nuevos, 1 duplicados saltados.
[DUP LEAD] prospecto_20260807.done.done.done.done.done.done.dup.dup.dup.dup.dup.dup.dup.dup.dup.dup.dup.dup.dup.dup.json: ya existe cita #4. skip
[INGEST] 0 leads nuevos, 1 duplicados saltados.
[DUP LEAD] prospecto_20260807.done.done.done.done.done.done.dup.dup.dup.dup.dup.dup.dup.dup.dup.dup.dup.dup.dup.dup.dup.json: ya existe cita #4. skip
[INGEST] 0 leads nuevos, 1 duplicados saltados.
[DUP LEAD] prospecto_20260807.done.done.done.done.done.done.dup.dup.dup.dup.dup.dup.dup.dup.dup.dup.dup.dup.dup.dup.dup.dup.json: ya existe cita #4. skip
[INGEST] 0 leads nuevos, 1 duplicados saltados.
[DUP LEAD] prospecto_20260807.done.done.done.done.done.done.dup.dup.dup.dup.dup.dup.dup.dup.dup.dup.dup.dup.dup.dup.dup.dup.dup.json: ya existe cita #4. skip
[INGEST] 0 leads nuevos, 1 duplicados saltados.
[DUP LEAD] prospecto_20260807.done.done.done.done.done.done.dup.dup.dup.dup.dup.dup.dup.dup.dup.dup.dup.dup.dup.dup.dup.dup.dup.dup.json: ya existe cita #4. skip
[INGEST] 0 leads nuevos, 1 duplicados saltados.
[DUP LEAD] prospecto_20260807.done.done.done.done.done.done.dup.dup.dup.dup.dup.dup.dup.dup.dup.dup.dup.dup.dup.dup.dup.dup.dup.dup.dup.json: ya existe cita #4. skip
[INGEST] 0 leads nuevos, 1 duplicados saltados.
[DUP LEAD] prospecto_20260807.done.done.done.done.done.done.dup.dup.dup.dup.dup.dup.dup.dup.dup.dup.dup.dup.dup.dup.dup.dup.dup.dup.dup.dup.json: ya existe cita #4. skip
[INGEST] 0 leads nuevos, 1 duplicados saltados.
[DUP LEAD] prospecto_20260807.done.done.done.done.done.done.dup.dup.dup.dup.dup.dup.dup.dup.dup.dup.dup.dup.dup.dup.dup.dup.dup.dup.dup.dup.dup.json: ya existe cita #4. skip
[INGEST] 0 leads nuevos, 1 duplicados saltados.
[DUP LEAD] prospecto_20260807.done.done.done.done.done.done.dup.dup.dup.dup.dup.dup.dup.dup.dup.dup.dup.dup.dup.dup.dup.dup.dup.dup.dup.dup.dup.dup.json: ya existe cita #4. skip
[INGEST] 0 leads nuevos, 1 duplicados saltados.
[DUP LEAD] prospecto_20260807.done.done.done.done.done.done.dup.dup.dup.dup.dup.dup.dup.dup.dup.dup.dup.dup.dup.dup.dup.dup.dup.dup.dup.dup.dup.dup.dup.json: ya existe cita #4. skip
[INGEST] 0 leads nuevos, 1 duplicados saltados.
[DUP LEAD] prospecto_20260807.done.done.done.done.done.done.dup.dup.dup.dup.dup.dup.dup.dup.dup.dup.dup.dup.dup.dup.dup.dup.dup.dup.dup.dup.dup.dup.dup.dup.json: ya existe cita #4. skip
[INGEST] 0 leads nuevos, 1 duplicados saltados.
[DUP LEAD] prospecto_20260807.done.done.done.done.done.done.dup.dup.dup.dup.dup.dup.dup.dup.dup.dup.dup.dup.dup.dup.dup.dup.dup.dup.dup.dup.dup.dup.dup.dup.dup.json: ya existe cita #4. skip
[INGEST] 0 leads nuevos, 1 duplicados saltados.
[DUP LEAD] prospecto_20260807.done.done.done.done.done.done.dup.dup.dup.dup.dup.dup.dup.dup.dup.dup.dup.dup.dup.dup.dup.dup.dup.dup.dup.dup.dup.dup.dup.dup.dup.dup.json: ya existe cita #4. skip
[INGEST] 0 leads nuevos, 1 duplicados saltados.
[DUP LEAD] prospecto_20260807.done.done.done.done.done.done.dup.dup.dup.dup.dup.dup.dup.dup.dup.dup.dup.dup.dup.dup.dup.dup.dup.dup.dup.dup.dup.dup.dup.dup.dup.dup.dup.json: ya existe cita #4. skip
[INGEST] 0 leads nuevos, 1 duplicados saltados.
[DUP LEAD] prospecto_20260807.done.done.done.done.done.done.dup.dup.dup.dup.dup.dup.dup.dup.dup.dup.dup.dup.dup.dup.dup.dup.dup.dup.dup.dup.dup.dup.dup.dup.dup.dup.dup.dup.json: ya existe cita #4. skip
[INGEST] 0 leads nuevos, 1 duplicados saltados.
[DUP LEAD] prospecto_20260807.done.done.done.done.done.done.dup.dup.dup.dup.dup.dup.dup.dup.dup.dup.dup.dup.dup.dup.dup.dup.dup.dup.dup.dup.dup.dup.dup.dup.dup.dup.dup.dup.dup.json: ya existe cita #4. skip
[INGEST] 0 leads nuevos, 1 duplicados saltados.
[DUP LEAD] prospecto_20260807.done.done.done.done.done.done.dup.dup.dup.dup.dup.dup.dup.dup.dup.dup.dup.dup.dup.dup.dup.dup.dup.dup.dup.dup.dup.dup.dup.dup.dup.dup.dup.dup.dup.dup.json: ya existe cita #4. skip
[INGEST] 0 leads nuevos, 1 duplicados saltados.
[DUP LEAD] prospecto_20260807.done.done.done.done.done.done.dup.dup.dup.dup.dup.dup.dup.dup.dup.dup.dup.dup.dup.dup.dup.dup.dup.dup.dup.dup.dup.dup.dup.dup.dup.dup.dup.dup.dup.dup.dup.json: ya existe cita #4. skip
[INGEST] 0 leads nuevos, 1 duplicados saltados.
[DUP LEAD] prospecto_20260807.done.done.done.done.done.done.dup.dup.dup.dup.dup.dup.dup.dup.dup.dup.dup.dup.dup.dup.dup.dup.dup.dup.dup.dup.dup.dup.dup.dup.dup.dup.dup.dup.dup.dup.dup.dup.json: ya existe cita #4. skip
[INGEST] 0 leads nuevos, 1 duplicados saltados.
[DUP LEAD] prospecto_20260807.done.done.done.done.done.done.dup.dup.dup.dup.dup.dup.dup.dup.dup.dup.dup.dup.dup.dup.dup.dup.dup.dup.dup.dup.dup.dup.dup.dup.dup.dup.dup.dup.dup.dup.dup.dup.dup.json: ya existe cita #4. skip
[INGEST] 0 leads nuevos, 1 duplicados saltados.
[DUP LEAD] prospecto_20260807.done.done.done.done.done.done.dup.dup.dup.dup.dup.dup.dup.dup.dup.dup.dup.dup.dup.dup.dup.dup.dup.dup.dup.dup.dup.dup.dup.dup.dup.dup.dup.dup.dup.dup.dup.dup.dup.dup.json: ya existe cita #4. skip
[INGEST] 0 leads nuevos, 1 duplicados saltados.
[DUP LEAD] prospecto_20260807.done.done.done.done.done.done.dup.dup.dup.dup.dup.dup.dup.dup.dup.dup.dup.dup.dup.dup.dup.dup.dup.dup.dup.dup.dup.dup.dup.dup.dup.dup.dup.dup.dup.dup.dup.dup.dup.dup.dup.json: ya existe cita #4. skip
[INGEST] 0 leads nuevos, 1 duplicados saltados.
[DUP LEAD] prospecto_20260807.done.done.done.done.done.done.dup.dup.dup.dup.dup.dup.dup.dup.dup.dup.dup.dup.dup.dup.dup.dup.dup.dup.dup.dup.dup.dup.dup.dup.dup.dup.dup.dup.dup.dup.dup.dup.dup.dup.dup.dup.json: ya existe cita #4. skip
[INGEST] 0 leads nuevos, 1 duplicados saltados.
[DUP LEAD] prospecto_20260807.done.done.done.done.done.done.dup.dup.dup.dup.dup.dup.dup.dup.dup.dup.dup.dup.dup.dup.dup.dup.dup.dup.dup.dup.dup.dup.dup.dup.dup.dup.dup.dup.dup.dup.dup.dup.dup.dup.dup.dup.dup.json: ya existe cita #4. skip
[INGEST] 0 leads nuevos, 1 duplicados saltados.
[DUP LEAD] prospecto_20260807.done.done.done.done.done.done.dup.dup.dup.dup.dup.dup.dup.dup.dup.dup.dup.dup.dup.dup.dup.dup.dup.dup.dup.dup.dup.dup.dup.dup.dup.dup.dup.dup.dup.dup.dup.dup.dup.dup.dup.dup.dup.dup.json: ya existe cita #4. skip
[INGEST] 0 leads nuevos, 1 duplicados saltados.
[DUP LEAD] prospecto_20260807.done.done.done.done.done.done.dup.dup.dup.dup.dup.dup.dup.dup.dup.dup.dup.dup.dup.dup.dup.dup.dup.dup.dup.dup.dup.dup.dup.dup.dup.dup.dup.dup.dup.dup.dup.dup.dup.dup.dup.dup.dup.dup.dup.json: ya existe cita #4. skip
[INGEST] 0 leads nuevos, 1 duplicados saltados.
[DUP LEAD] prospecto_20260807.done.done.done.done.done.done.dup.dup.dup.dup.dup.dup.dup.dup.dup.dup.dup.dup.dup.dup.dup.dup.dup.dup.dup.dup.dup.dup.dup.dup.dup.dup.dup.dup.dup.dup.dup.dup.dup.dup.dup.dup.dup.dup.dup.dup.json: ya existe cita #4. skip
[INGEST] 0 leads nuevos, 1 duplicados saltados.
[DUP LEAD] prospecto_20260807.done.done.done.done.done.done.dup.dup.dup.dup.dup.dup.dup.dup.dup.dup.dup.dup.dup.dup.dup.dup.dup.dup.dup.dup.dup.dup.dup.dup.dup.dup.dup.dup.dup.dup.dup.dup.dup.dup.dup.dup.dup.dup.dup.dup.dup.json: ya existe cita #4. skip
[INGEST] 0 leads nuevos, 1 duplicados saltados.
[DUP LEAD] prospecto_20260807.done.done.done.done.done.done.dup.dup.dup.dup.dup.dup.dup.dup.dup.dup.dup.dup.dup.dup.dup.dup.dup.dup.dup.dup.dup.dup.dup.dup.dup.dup.dup.dup.dup.dup.dup.dup.dup.dup.dup.dup.dup.dup.dup.dup.dup.dup.json: ya existe cita #4. skip
[INGEST] 0 leads nuevos, 1 duplicados saltados.
[DUP LEAD] prospecto_20260807.done.done.done.done.done.done.dup.dup.dup.dup.dup.dup.dup.dup.dup.dup.dup.dup.dup.dup.dup.dup.dup.dup.dup.dup.dup.dup.dup.dup.dup.dup.dup.dup.dup.dup.dup.dup.dup.dup.dup.dup.dup.dup.dup.dup.dup.dup.dup.json: ya existe cita #4. skip
[INGEST] 0 leads nuevos, 1 duplicados saltados.
[DUP LEAD] prospecto_20260807.done.done.done.done.done.done.dup.dup.dup.dup.dup.dup.dup.dup.dup.dup.dup.dup.dup.dup.dup.dup.dup.dup.dup.dup.dup.dup.dup.dup.dup.dup.dup.dup.dup.dup.dup.dup.dup.dup.dup.dup.dup.dup.dup.dup.dup.dup.dup.dup.json: ya existe cita #4. skip
[INGEST] 0 leads nuevos, 1 duplicados saltados.
[DUP LEAD] prospecto_20260807.done.done.done.done.done.done.dup.dup.dup.dup.dup.dup.dup.dup.dup.dup.dup.dup.dup.dup.dup.dup.dup.dup.dup.dup.dup.dup.dup.dup.dup.dup.dup.dup.dup.dup.dup.dup.dup.dup.dup.dup.dup.dup.dup.dup.dup.dup.dup.dup.dup.json: ya existe cita #4. skip
[INGEST] 0 leads nuevos, 1 duplicados saltados.
[DUP LEAD] prospecto_20260807.done.done.done.done.done.done.dup.dup.dup.dup.dup.dup.dup.dup.dup.dup.dup.dup.dup.dup.dup.dup.dup.dup.dup.dup.dup.dup.dup.dup.dup.dup.dup.dup.dup.dup.dup.dup.dup.dup.dup.dup.dup.dup.dup.dup.dup.dup.dup.dup.dup.dup.json: ya existe cita #4. skip
[INGEST] 0 leads nuevos, 1 duplicados saltados.
[DUP LEAD] prospecto_20260807.done.done.done.done.done.done.dup.dup.dup.dup.dup.dup.dup.dup.dup.dup.dup.dup.dup.dup.dup.dup.dup.dup.dup.dup.dup.dup.dup.dup.dup.dup.dup.dup.dup.dup.dup.dup.dup.dup.dup.dup.dup.dup.dup.dup.dup.dup.dup.dup.dup.dup.dup.json: ya existe cita #4. skip
[INGEST] 0 leads nuevos, 1 duplicados saltados.
[DUP LEAD] prospecto_20260807.done.done.done.done.done.done.dup.dup.dup.dup.dup.dup.dup.dup.dup.dup.dup.dup.dup.dup.dup.dup.dup.dup.dup.dup.dup.dup.dup.dup.dup.dup.dup.dup.dup.dup.dup.dup.dup.dup.dup.dup.dup.dup.dup.dup.dup.dup.dup.dup.dup.dup.dup.dup.json: ya existe cita #4. skip
[INGEST] 0 leads nuevos, 1 duplicados saltados.
[DUP LEAD] prospecto_20260807.done.done.done.done.done.done.dup.dup.dup.dup.dup.dup.dup.dup.dup.dup.dup.dup.dup.dup.dup.dup.dup.dup.dup.dup.dup.dup.dup.dup.dup.dup.dup.dup.dup.dup.dup.dup.dup.dup.dup.dup.dup.dup.dup.dup.dup.dup.dup.dup.dup.dup.dup.dup.dup.json: ya existe cita #4. skip
[INGEST] 0 leads nuevos, 1 duplicados saltados.
[DUP LEAD] prospecto_20260807.done.done.done.done.done.done.dup.dup.dup.dup.dup.dup.dup.dup.dup.dup.dup.dup.dup.dup.dup.dup.dup.dup.dup.dup.dup.dup.dup.dup.dup.dup.dup.dup.dup.dup.dup.dup.dup.dup.dup.dup.dup.dup.dup.dup.dup.dup.dup.dup.dup.dup.dup.dup.dup.dup.json: ya existe cita #4. skip
[LEAD FAIL] prospecto_20260807.done.done.done.done.done.done.dup.dup.dup.dup.dup.dup.dup.dup.dup.dup.dup.dup.dup.dup.dup.dup.dup.dup.dup.dup.dup.dup.dup.dup.dup.dup.dup.dup.dup.dup.dup.dup.dup.dup.dup.dup.dup.dup.dup.dup.dup.dup.dup.dup.dup.dup.dup.dup.dup.dup.json: [Errno 36] File name too long: '/home/mystic/Documentos/Sonora Digital Corp Nuevo/01_Core_Platform/03_Agentic_Infrastructure/Databases/Aztrotech_Citas/leads/prospecto_20260807.done.done.done.done.done.done.dup.dup.dup.dup.dup.dup.dup.dup.dup.dup.dup.dup.dup.dup.dup.dup.dup.dup.dup.dup.dup.dup.dup.dup.dup.dup.dup.dup.dup.dup.dup.dup.dup.dup.dup.dup.dup.dup.dup.dup.dup.dup.dup.dup.dup.dup.dup.dup.dup.dup.json' -> '/home/mystic/Documentos/Sonora Digital Corp Nuevo/01_Core_Platform/03_Agentic_Infrastructure/Databases/Aztrotech_Citas/leads/prospecto_20260807.done.done.done.done.done.done.dup.dup.dup.dup.dup.dup.dup.dup.dup.dup.dup.dup.dup.dup.dup.dup.dup.dup.dup.dup.dup.dup.dup.dup.dup.dup.dup.dup.dup.dup.dup.dup.dup.dup.dup.dup.dup.dup.dup.dup.dup.dup.dup.dup.dup.dup.dup.dup.dup.dup.dup.json'
[INGEST] 0 leads nuevos, 0 duplicados saltados.
[DUP LEAD] prospecto_20260807.done.done.done.done.done.done.dup.dup.dup.dup.dup.dup.dup.dup.dup.dup.dup.dup.dup.dup.dup.dup.dup.dup.dup.dup.dup.dup.dup.dup.dup.dup.dup.dup.dup.dup.dup.dup.dup.dup.dup.dup.dup.dup.dup.dup.dup.dup.dup.dup.dup.dup.dup.dup.dup.dup.json: ya existe cita #4. skip
[LEAD FAIL] prospecto_20260807.done.done.done.done.done.done.dup.dup.dup.dup.dup.dup.dup.dup.dup.dup.dup.dup.dup.dup.dup.dup.dup.dup.dup.dup.dup.dup.dup.dup.dup.dup.dup.dup.dup.dup.dup.dup.dup.dup.dup.dup.dup.dup.dup.dup.dup.dup.dup.dup.dup.dup.dup.dup.dup.dup.json: [Errno 36] File name too long: '/home/mystic/Documentos/Sonora Digital Corp Nuevo/01_Core_Platform/03_Agentic_Infrastructure/Databases/Aztrotech_Citas/leads/prospecto_20260807.done.done.done.done.done.done.dup.dup.dup.dup.dup.dup.dup.dup.dup.dup.dup.dup.dup.dup.dup.dup.dup.dup.dup.dup.dup.dup.dup.dup.dup.dup.dup.dup.dup.dup.dup.dup.dup.dup.dup.dup.dup.dup.dup.dup.dup.dup.dup.dup.dup.dup.dup.dup.dup.dup.json' -> '/home/mystic/Documentos/Sonora Digital Corp Nuevo/01_Core_Platform/03_Agentic_Infrastructure/Databases/Aztrotech_Citas/leads/prospecto_20260807.done.done.done.done.done.done.dup.dup.dup.dup.dup.dup.dup.dup.dup.dup.dup.dup.dup.dup.dup.dup.dup.dup.dup.dup.dup.dup.dup.dup.dup.dup.dup.dup.dup.dup.dup.dup.dup.dup.dup.dup.dup.dup.dup.dup.dup.dup.dup.dup.dup.dup.dup.dup.dup.dup.dup.json'
[INGEST] 0 leads nuevos, 0 duplicados saltados.
[DUP LEAD] prospecto_20260807.done.done.done.done.done.done.dup.dup.dup.dup.dup.dup.dup.dup.dup.dup.dup.dup.dup.dup.dup.dup.dup.dup.dup.dup.dup.dup.dup.dup.dup.dup.dup.dup.dup.dup.dup.dup.dup.dup.dup.dup.dup.dup.dup.dup.dup.dup.dup.dup.dup.dup.dup.dup.dup.dup.json: ya existe cita #4. skip
[LEAD FAIL] prospecto_20260807.done.done.done.done.done.done.dup.dup.dup.dup.dup.dup.dup.dup.dup.dup.dup.dup.dup.dup.dup.dup.dup.dup.dup.dup.dup.dup.dup.dup.dup.dup.dup.dup.dup.dup.dup.dup.dup.dup.dup.dup.dup.dup.dup.dup.dup.dup.dup.dup.dup.dup.dup.dup.dup.dup.json: [Errno 36] File name too long: '/home/mystic/Documentos/Sonora Digital Corp Nuevo/01_Core_Platform/03_Agentic_Infrastructure/Databases/Aztrotech_Citas/leads/prospecto_20260807.done.done.done.done.done.done.dup.dup.dup.dup.dup.dup.dup.dup.dup.dup.dup.dup.dup.dup.dup.dup.dup.dup.dup.dup.dup.dup.dup.dup.dup.dup.dup.dup.dup.dup.dup.dup.dup.dup.dup.dup.dup.dup.dup.dup.dup.dup.dup.dup.dup.dup.dup.dup.dup.dup.json' -> '/home/mystic/Documentos/Sonora Digital Corp Nuevo/01_Core_Platform/03_Agentic_Infrastructure/Databases/Aztrotech_Citas/leads/prospecto_20260807.done.done.done.done.done.done.dup.dup.dup.dup.dup.dup.dup.dup.dup.dup.dup.dup.dup.dup.dup.dup.dup.dup.dup.dup.dup.dup.dup.dup.dup.dup.dup.dup.dup.dup.dup.dup.dup.dup.dup.dup.dup.dup.dup.dup.dup.dup.dup.dup.dup.dup.dup.dup.dup.dup.dup.json'
[INGEST] 0 leads nuevos, 0 duplicados saltados.
[DUP LEAD] prospecto_20260807.done.done.done.done.done.done.dup.dup.dup.dup.dup.dup.dup.dup.dup.dup.dup.dup.dup.dup.dup.dup.dup.dup.dup.dup.dup.dup.dup.dup.dup.dup.dup.dup.dup.dup.dup.dup.dup.dup.dup.dup.dup.dup.dup.dup.dup.dup.dup.dup.dup.dup.dup.dup.dup.dup.json: ya existe cita #4. skip
[LEAD FAIL] prospecto_20260807.done.done.done.done.done.done.dup.dup.dup.dup.dup.dup.dup.dup.dup.dup.dup.dup.dup.dup.dup.dup.dup.dup.dup.dup.dup.dup.dup.dup.dup.dup.dup.dup.dup.dup.dup.dup.dup.dup.dup.dup.dup.dup.dup.dup.dup.dup.dup.dup.dup.dup.dup.dup.dup.dup.json: [Errno 36] File name too long: '/home/mystic/Documentos/Sonora Digital Corp Nuevo/01_Core_Platform/03_Agentic_Infrastructure/Databases/Aztrotech_Citas/leads/prospecto_20260807.done.done.done.done.done.done.dup.dup.dup.dup.dup.dup.dup.dup.dup.dup.dup.dup.dup.dup.dup.dup.dup.dup.dup.dup.dup.dup.dup.dup.dup.dup.dup.dup.dup.dup.dup.dup.dup.dup.dup.dup.dup.dup.dup.dup.dup.dup.dup.dup.dup.dup.dup.dup.dup.dup.json' -> '/home/mystic/Documentos/Sonora Digital Corp Nuevo/01_Core_Platform/03_Agentic_Infrastructure/Databases/Aztrotech_Citas/leads/prospecto_20260807.done.done.done.done.done.done.dup.dup.dup.dup.dup.dup.dup.dup.dup.dup.dup.dup.dup.dup.dup.dup.dup.dup.dup.dup.dup.dup.dup.dup.dup.dup.dup.dup.dup.dup.dup.dup.dup.dup.dup.dup.dup.dup.dup.dup.dup.dup.dup.dup.dup.dup.dup.dup.dup.dup.dup.json'
[INGEST] 0 leads nuevos, 0 duplicados saltados.
[DUP LEAD] prospecto_20260807.done.done.done.done.done.done.dup.dup.dup.dup.dup.dup.dup.dup.dup.dup.dup.dup.dup.dup.dup.dup.dup.dup.dup.dup.dup.dup.dup.dup.dup.dup.dup.dup.dup.dup.dup.dup.dup.dup.dup.dup.dup.dup.dup.dup.dup.dup.dup.dup.dup.dup.dup.dup.dup.dup.json: ya existe cita #4. skip
[LEAD FAIL] prospecto_20260807.done.done.done.done.done.done.dup.dup.dup.dup.dup.dup.dup.dup.dup.dup.dup.dup.dup.dup.dup.dup.dup.dup.dup.dup.dup.dup.dup.dup.dup.dup.dup.dup.dup.dup.dup.dup.dup.dup.dup.dup.dup.dup.dup.dup.dup.dup.dup.dup.dup.dup.dup.dup.dup.dup.json: [Errno 36] File name too long: '/home/mystic/Documentos/Sonora Digital Corp Nuevo/01_Core_Platform/03_Agentic_Infrastructure/Databases/Aztrotech_Citas/leads/prospecto_20260807.done.done.done.done.done.done.dup.dup.dup.dup.dup.dup.dup.dup.dup.dup.dup.dup.dup.dup.dup.dup.dup.dup.dup.dup.dup.dup.dup.dup.dup.dup.dup.dup.dup.dup.dup.dup.dup.dup.dup.dup.dup.dup.dup.dup.dup.dup.dup.dup.dup.dup.dup.dup.dup.dup.json' -> '/home/mystic/Documentos/Sonora Digital Corp Nuevo/01_Core_Platform/03_Agentic_Infrastructure/Databases/Aztrotech_Citas/leads/prospecto_20260807.done.done.done.done.done.done.dup.dup.dup.dup.dup.dup.dup.dup.dup.dup.dup.dup.dup.dup.dup.dup.dup.dup.dup.dup.dup.dup.dup.dup.dup.dup.dup.dup.dup.dup.dup.dup.dup.dup.dup.dup.dup.dup.dup.dup.dup.dup.dup.dup.dup.dup.dup.dup.dup.dup.dup.json'
[INGEST] 0 leads nuevos, 0 duplicados saltados.
[DUP LEAD] prospecto_20260807.done.done.done.done.done.done.dup.dup.dup.dup.dup.dup.dup.dup.dup.dup.dup.dup.dup.dup.dup.dup.dup.dup.dup.dup.dup.dup.dup.dup.dup.dup.dup.dup.dup.dup.dup.dup.dup.dup.dup.dup.dup.dup.dup.dup.dup.dup.dup.dup.dup.dup.dup.dup.dup.dup.json: ya existe cita #4. skip
[LEAD FAIL] prospecto_20260807.done.done.done.done.done.done.dup.dup.dup.dup.dup.dup.dup.dup.dup.dup.dup.dup.dup.dup.dup.dup.dup.dup.dup.dup.dup.dup.dup.dup.dup.dup.dup.dup.dup.dup.dup.dup.dup.dup.dup.dup.dup.dup.dup.dup.dup.dup.dup.dup.dup.dup.dup.dup.dup.dup.json: [Errno 36] File name too long: '/home/mystic/Documentos/Sonora Digital Corp Nuevo/01_Core_Platform/03_Agentic_Infrastructure/Databases/Aztrotech_Citas/leads/prospecto_20260807.done.done.done.done.done.done.dup.dup.dup.dup.dup.dup.dup.dup.dup.dup.dup.dup.dup.dup.dup.dup.dup.dup.dup.dup.dup.dup.dup.dup.dup.dup.dup.dup.dup.dup.dup.dup.dup.dup.dup.dup.dup.dup.dup.dup.dup.dup.dup.dup.dup.dup.dup.dup.dup.dup.json' -> '/home/mystic/Documentos/Sonora Digital Corp Nuevo/01_Core_Platform/03_Agentic_Infrastructure/Databases/Aztrotech_Citas/leads/prospecto_20260807.done.done.done.done.done.done.dup.dup.dup.dup.dup.dup.dup.dup.dup.dup.dup.dup.dup.dup.dup.dup.dup.dup.dup.dup.dup.dup.dup.dup.dup.dup.dup.dup.dup.dup.dup.dup.dup.dup.dup.dup.dup.dup.dup.dup.dup.dup.dup.dup.dup.dup.dup.dup.dup.dup.dup.json'
[INGEST] 0 leads nuevos, 0 duplicados saltados.
[DUP LEAD] prospecto_20260807.done.done.done.done.done.done.dup.dup.dup.dup.dup.dup.dup.dup.dup.dup.dup.dup.dup.dup.dup.dup.dup.dup.dup.dup.dup.dup.dup.dup.dup.dup.dup.dup.dup.dup.dup.dup.dup.dup.dup.dup.dup.dup.dup.dup.dup.dup.dup.dup.dup.dup.dup.dup.dup.dup.json: ya existe cita #4. skip
[LEAD FAIL] prospecto_20260807.done.done.done.done.done.done.dup.dup.dup.dup.dup.dup.dup.dup.dup.dup.dup.dup.dup.dup.dup.dup.dup.dup.dup.dup.dup.dup.dup.dup.dup.dup.dup.dup.dup.dup.dup.dup.dup.dup.dup.dup.dup.dup.dup.dup.dup.dup.dup.dup.dup.dup.dup.dup.dup.dup.json: [Errno 36] File name too long: '/home/mystic/Documentos/Sonora Digital Corp Nuevo/01_Core_Platform/03_Agentic_Infrastructure/Databases/Aztrotech_Citas/leads/prospecto_20260807.done.done.done.done.done.done.dup.dup.dup.dup.dup.dup.dup.dup.dup.dup.dup.dup.dup.dup.dup.dup.dup.dup.dup.dup.dup.dup.dup.dup.dup.dup.dup.dup.dup.dup.dup.dup.dup.dup.dup.dup.dup.dup.dup.dup.dup.dup.dup.dup.dup.dup.dup.dup.dup.dup.json' -> '/home/mystic/Documentos/Sonora Digital Corp Nuevo/01_Core_Platform/03_Agentic_Infrastructure/Databases/Aztrotech_Citas/leads/prospecto_20260807.done.done.done.done.done.done.dup.dup.dup.dup.dup.dup.dup.dup.dup.dup.dup.dup.dup.dup.dup.dup.dup.dup.dup.dup.dup.dup.dup.dup.dup.dup.dup.dup.dup.dup.dup.dup.dup.dup.dup.dup.dup.dup.dup.dup.dup.dup.dup.dup.dup.dup.dup.dup.dup.dup.dup.json'
[INGEST] 0 leads nuevos, 0 duplicados saltados.
[DUP LEAD] prospecto_20260807.done.done.done.done.done.done.dup.dup.dup.dup.dup.dup.dup.dup.dup.dup.dup.dup.dup.dup.dup.dup.dup.dup.dup.dup.dup.dup.dup.dup.dup.dup.dup.dup.dup.dup.dup.dup.dup.dup.dup.dup.dup.dup.dup.dup.dup.dup.dup.dup.dup.dup.dup.dup.dup.dup.json: ya existe cita #4. skip
[LEAD FAIL] prospecto_20260807.done.done.done.done.done.done.dup.dup.dup.dup.dup.dup.dup.dup.dup.dup.dup.dup.dup.dup.dup.dup.dup.dup.dup.dup.dup.dup.dup.dup.dup.dup.dup.dup.dup.dup.dup.dup.dup.dup.dup.dup.dup.dup.dup.dup.dup.dup.dup.dup.dup.dup.dup.dup.dup.dup.json: [Errno 36] File name too long: '/home/mystic/Documentos/Sonora Digital Corp Nuevo/01_Core_Platform/03_Agentic_Infrastructure/Databases/Aztrotech_Citas/leads/prospecto_20260807.done.done.done.done.done.done.dup.dup.dup.dup.dup.dup.dup.dup.dup.dup.dup.dup.dup.dup.dup.dup.dup.dup.dup.dup.dup.dup.dup.dup.dup.dup.dup.dup.dup.dup.dup.dup.dup.dup.dup.dup.dup.dup.dup.dup.dup.dup.dup.dup.dup.dup.dup.dup.dup.dup.json' -> '/home/mystic/Documentos/Sonora Digital Corp Nuevo/01_Core_Platform/03_Agentic_Infrastructure/Databases/Aztrotech_Citas/leads/prospecto_20260807.done.done.done.done.done.done.dup.dup.dup.dup.dup.dup.dup.dup.dup.dup.dup.dup.dup.dup.dup.dup.dup.dup.dup.dup.dup.dup.dup.dup.dup.dup.dup.dup.dup.dup.dup.dup.dup.dup.dup.dup.dup.dup.dup.dup.dup.dup.dup.dup.dup.dup.dup.dup.dup.dup.dup.json'
[INGEST] 0 leads nuevos, 0 duplicados saltados.
[DUP LEAD] prospecto_20260807.done.done.done.done.done.done.dup.dup.dup.dup.dup.dup.dup.dup.dup.dup.dup.dup.dup.dup.dup.dup.dup.dup.dup.dup.dup.dup.dup.dup.dup.dup.dup.dup.dup.dup.dup.dup.dup.dup.dup.dup.dup.dup.dup.dup.dup.dup.dup.dup.dup.dup.dup.dup.dup.dup.json: ya existe cita #4. skip
[LEAD FAIL] prospecto_20260807.done.done.done.done.done.done.dup.dup.dup.dup.dup.dup.dup.dup.dup.dup.dup.dup.dup.dup.dup.dup.dup.dup.dup.dup.dup.dup.dup.dup.dup.dup.dup.dup.dup.dup.dup.dup.dup.dup.dup.dup.dup.dup.dup.dup.dup.dup.dup.dup.dup.dup.dup.dup.dup.dup.json: [Errno 36] File name too long: '/home/mystic/Documentos/Sonora Digital Corp Nuevo/01_Core_Platform/03_Agentic_Infrastructure/Databases/Aztrotech_Citas/leads/prospecto_20260807.done.done.done.done.done.done.dup.dup.dup.dup.dup.dup.dup.dup.dup.dup.dup.dup.dup.dup.dup.dup.dup.dup.dup.dup.dup.dup.dup.dup.dup.dup.dup.dup.dup.dup.dup.dup.dup.dup.dup.dup.dup.dup.dup.dup.dup.dup.dup.dup.dup.dup.dup.dup.dup.dup.json' -> '/home/mystic/Documentos/Sonora Digital Corp Nuevo/01_Core_Platform/03_Agentic_Infrastructure/Databases/Aztrotech_Citas/leads/prospecto_20260807.done.done.done.done.done.done.dup.dup.dup.dup.dup.dup.dup.dup.dup.dup.dup.dup.dup.dup.dup.dup.dup.dup.dup.dup.dup.dup.dup.dup.dup.dup.dup.dup.dup.dup.dup.dup.dup.dup.dup.dup.dup.dup.dup.dup.dup.dup.dup.dup.dup.dup.dup.dup.dup.dup.dup.json'
[INGEST] 0 leads nuevos, 0 duplicados saltados.
[DUP LEAD] prospecto_20260807.done.done.done.done.done.done.dup.dup.dup.dup.dup.dup.dup.dup.dup.dup.dup.dup.dup.dup.dup.dup.dup.dup.dup.dup.dup.dup.dup.dup.dup.dup.dup.dup.dup.dup.dup.dup.dup.dup.dup.dup.dup.dup.dup.dup.dup.dup.dup.dup.dup.dup.dup.dup.dup.dup.json: ya existe cita #4. skip
[LEAD FAIL] prospecto_20260807.done.done.done.done.done.done.dup.dup.dup.dup.dup.dup.dup.dup.dup.dup.dup.dup.dup.dup.dup.dup.dup.dup.dup.dup.dup.dup.dup.dup.dup.dup.dup.dup.dup.dup.dup.dup.dup.dup.dup.dup.dup.dup.dup.dup.dup.dup.dup.dup.dup.dup.dup.dup.dup.dup.json: [Errno 36] File name too long: '/home/mystic/Documentos/Sonora Digital Corp Nuevo/01_Core_Platform/03_Agentic_Infrastructure/Databases/Aztrotech_Citas/leads/prospecto_20260807.done.done.done.done.done.done.dup.dup.dup.dup.dup.dup.dup.dup.dup.dup.dup.dup.dup.dup.dup.dup.dup.dup.dup.dup.dup.dup.dup.dup.dup.dup.dup.dup.dup.dup.dup.dup.dup.dup.dup.dup.dup.dup.dup.dup.dup.dup.dup.dup.dup.dup.dup.dup.dup.dup.json' -> '/home/mystic/Documentos/Sonora Digital Corp Nuevo/01_Core_Platform/03_Agentic_Infrastructure/Databases/Aztrotech_Citas/leads/prospecto_20260807.done.done.done.done.done.done.dup.dup.dup.dup.dup.dup.dup.dup.dup.dup.dup.dup.dup.dup.dup.dup.dup.dup.dup.dup.dup.dup.dup.dup.dup.dup.dup.dup.dup.dup.dup.dup.dup.dup.dup.dup.dup.dup.dup.dup.dup.dup.dup.dup.dup.dup.dup.dup.dup.dup.dup.json'
[INGEST] 0 leads nuevos, 0 duplicados saltados.
[DUP LEAD] prospecto_20260807.done.done.done.done.done.done.dup.dup.dup.dup.dup.dup.dup.dup.dup.dup.dup.dup.dup.dup.dup.dup.dup.dup.dup.dup.dup.dup.dup.dup.dup.dup.dup.dup.dup.dup.dup.dup.dup.dup.dup.dup.dup.dup.dup.dup.dup.dup.dup.dup.dup.dup.dup.dup.dup.dup.json: ya existe cita #4. skip
[LEAD FAIL] prospecto_20260807.done.done.done.done.done.done.dup.dup.dup.dup.dup.dup.dup.dup.dup.dup.dup.dup.dup.dup.dup.dup.dup.dup.dup.dup.dup.dup.dup.dup.dup.dup.dup.dup.dup.dup.dup.dup.dup.dup.dup.dup.dup.dup.dup.dup.dup.dup.dup.dup.dup.dup.dup.dup.dup.dup.json: [Errno 36] File name too long: '/home/mystic/Documentos/Sonora Digital Corp Nuevo/01_Core_Platform/03_Agentic_Infrastructure/Databases/Aztrotech_Citas/leads/prospecto_20260807.done.done.done.done.done.done.dup.dup.dup.dup.dup.dup.dup.dup.dup.dup.dup.dup.dup.dup.dup.dup.dup.dup.dup.dup.dup.dup.dup.dup.dup.dup.dup.dup.dup.dup.dup.dup.dup.dup.dup.dup.dup.dup.dup.dup.dup.dup.dup.dup.dup.dup.dup.dup.dup.dup.json' -> '/home/mystic/Documentos/Sonora Digital Corp Nuevo/01_Core_Platform/03_Agentic_Infrastructure/Databases/Aztrotech_Citas/leads/prospecto_20260807.done.done.done.done.done.done.dup.dup.dup.dup.dup.dup.dup.dup.dup.dup.dup.dup.dup.dup.dup.dup.dup.dup.dup.dup.dup.dup.dup.dup.dup.dup.dup.dup.dup.dup.dup.dup.dup.dup.dup.dup.dup.dup.dup.dup.dup.dup.dup.dup.dup.dup.dup.dup.dup.dup.dup.json'
[INGEST] 0 leads nuevos, 0 duplicados saltados.
[DUP LEAD] prospecto_20260807.done.done.done.done.done.done.dup.dup.dup.dup.dup.dup.dup.dup.dup.dup.dup.dup.dup.dup.dup.dup.dup.dup.dup.dup.dup.dup.dup.dup.dup.dup.dup.dup.dup.dup.dup.dup.dup.dup.dup.dup.dup.dup.dup.dup.dup.dup.dup.dup.dup.dup.dup.dup.dup.dup.json: ya existe cita #4. skip
[LEAD FAIL] prospecto_20260807.done.done.done.done.done.done.dup.dup.dup.dup.dup.dup.dup.dup.dup.dup.dup.dup.dup.dup.dup.dup.dup.dup.dup.dup.dup.dup.dup.dup.dup.dup.dup.dup.dup.dup.dup.dup.dup.dup.dup.dup.dup.dup.dup.dup.dup.dup.dup.dup.dup.dup.dup.dup.dup.dup.json: [Errno 36] File name too long: '/home/mystic/Documentos/Sonora Digital Corp Nuevo/01_Core_Platform/03_Agentic_Infrastructure/Databases/Aztrotech_Citas/leads/prospecto_20260807.done.done.done.done.done.done.dup.dup.dup.dup.dup.dup.dup.dup.dup.dup.dup.dup.dup.dup.dup.dup.dup.dup.dup.dup.dup.dup.dup.dup.dup.dup.dup.dup.dup.dup.dup.dup.dup.dup.dup.dup.dup.dup.dup.dup.dup.dup.dup.dup.dup.dup.dup.dup.dup.dup.json' -> '/home/mystic/Documentos/Sonora Digital Corp Nuevo/01_Core_Platform/03_Agentic_Infrastructure/Databases/Aztrotech_Citas/leads/prospecto_20260807.done.done.done.done.done.done.dup.dup.dup.dup.dup.dup.dup.dup.dup.dup.dup.dup.dup.dup.dup.dup.dup.dup.dup.dup.dup.dup.dup.dup.dup.dup.dup.dup.dup.dup.dup.dup.dup.dup.dup.dup.dup.dup.dup.dup.dup.dup.dup.dup.dup.dup.dup.dup.dup.dup.dup.json'
[INGEST] 0 leads nuevos, 0 duplicados saltados.
[DUP LEAD] prospecto_20260807.done.done.done.done.done.done.dup.dup.dup.dup.dup.dup.dup.dup.dup.dup.dup.dup.dup.dup.dup.dup.dup.dup.dup.dup.dup.dup.dup.dup.dup.dup.dup.dup.dup.dup.dup.dup.dup.dup.dup.dup.dup.dup.dup.dup.dup.dup.dup.dup.dup.dup.dup.dup.dup.dup.json: ya existe cita #4. skip
[LEAD FAIL] prospecto_20260807.done.done.done.done.done.done.dup.dup.dup.dup.dup.dup.dup.dup.dup.dup.dup.dup.dup.dup.dup.dup.dup.dup.dup.dup.dup.dup.dup.dup.dup.dup.dup.dup.dup.dup.dup.dup.dup.dup.dup.dup.dup.dup.dup.dup.dup.dup.dup.dup.dup.dup.dup.dup.dup.dup.json: [Errno 36] File name too long: '/home/mystic/Documentos/Sonora Digital Corp Nuevo/01_Core_Platform/03_Agentic_Infrastructure/Databases/Aztrotech_Citas/leads/prospecto_20260807.done.done.done.done.done.done.dup.dup.dup.dup.dup.dup.dup.dup.dup.dup.dup.dup.dup.dup.dup.dup.dup.dup.dup.dup.dup.dup.dup.dup.dup.dup.dup.dup.dup.dup.dup.dup.dup.dup.dup.dup.dup.dup.dup.dup.dup.dup.dup.dup.dup.dup.dup.dup.dup.dup.json' -> '/home/mystic/Documentos/Sonora Digital Corp Nuevo/01_Core_Platform/03_Agentic_Infrastructure/Databases/Aztrotech_Citas/leads/prospecto_20260807.done.done.done.done.done.done.dup.dup.dup.dup.dup.dup.dup.dup.dup.dup.dup.dup.dup.dup.dup.dup.dup.dup.dup.dup.dup.dup.dup.dup.dup.dup.dup.dup.dup.dup.dup.dup.dup.dup.dup.dup.dup.dup.dup.dup.dup.dup.dup.dup.dup.dup.dup.dup.dup.dup.dup.json'
[INGEST] 0 leads nuevos, 0 duplicados saltados.
[DUP LEAD] prospecto_20260807.done.done.done.done.done.done.dup.dup.dup.dup.dup.dup.dup.dup.dup.dup.dup.dup.dup.dup.dup.dup.dup.dup.dup.dup.dup.dup.dup.dup.dup.dup.dup.dup.dup.dup.dup.dup.dup.dup.dup.dup.dup.dup.dup.dup.dup.dup.dup.dup.dup.dup.dup.dup.dup.dup.json: ya existe cita #4. skip
[LEAD FAIL] prospecto_20260807.done.done.done.done.done.done.dup.dup.dup.dup.dup.dup.dup.dup.dup.dup.dup.dup.dup.dup.dup.dup.dup.dup.dup.dup.dup.dup.dup.dup.dup.dup.dup.dup.dup.dup.dup.dup.dup.dup.dup.dup.dup.dup.dup.dup.dup.dup.dup.dup.dup.dup.dup.dup.dup.dup.json: [Errno 36] File name too long: '/home/mystic/Documentos/Sonora Digital Corp Nuevo/01_Core_Platform/03_Agentic_Infrastructure/Databases/Aztrotech_Citas/leads/prospecto_20260807.done.done.done.done.done.done.dup.dup.dup.dup.dup.dup.dup.dup.dup.dup.dup.dup.dup.dup.dup.dup.dup.dup.dup.dup.dup.dup.dup.dup.dup.dup.dup.dup.dup.dup.dup.dup.dup.dup.dup.dup.dup.dup.dup.dup.dup.dup.dup.dup.dup.dup.dup.dup.dup.dup.json' -> '/home/mystic/Documentos/Sonora Digital Corp Nuevo/01_Core_Platform/03_Agentic_Infrastructure/Databases/Aztrotech_Citas/leads/prospecto_20260807.done.done.done.done.done.done.dup.dup.dup.dup.dup.dup.dup.dup.dup.dup.dup.dup.dup.dup.dup.dup.dup.dup.dup.dup.dup.dup.dup.dup.dup.dup.dup.dup.dup.dup.dup.dup.dup.dup.dup.dup.dup.dup.dup.dup.dup.dup.dup.dup.dup.dup.dup.dup.dup.dup.dup.json'
[INGEST] 0 leads nuevos, 0 duplicados saltados.
[DUP LEAD] prospecto_20260807.done.done.done.done.done.done.dup.dup.dup.dup.dup.dup.dup.dup.dup.dup.dup.dup.dup.dup.dup.dup.dup.dup.dup.dup.dup.dup.dup.dup.dup.dup.dup.dup.dup.dup.dup.dup.dup.dup.dup.dup.dup.dup.dup.dup.dup.dup.dup.dup.dup.dup.dup.dup.dup.dup.json: ya existe cita #4. skip
[LEAD FAIL] prospecto_20260807.done.done.done.done.done.done.dup.dup.dup.dup.dup.dup.dup.dup.dup.dup.dup.dup.dup.dup.dup.dup.dup.dup.dup.dup.dup.dup.dup.dup.dup.dup.dup.dup.dup.dup.dup.dup.dup.dup.dup.dup.dup.dup.dup.dup.dup.dup.dup.dup.dup.dup.dup.dup.dup.dup.json: [Errno 36] File name too long: '/home/mystic/Documentos/Sonora Digital Corp Nuevo/01_Core_Platform/03_Agentic_Infrastructure/Databases/Aztrotech_Citas/leads/prospecto_20260807.done.done.done.done.done.done.dup.dup.dup.dup.dup.dup.dup.dup.dup.dup.dup.dup.dup.dup.dup.dup.dup.dup.dup.dup.dup.dup.dup.dup.dup.dup.dup.dup.dup.dup.dup.dup.dup.dup.dup.dup.dup.dup.dup.dup.dup.dup.dup.dup.dup.dup.dup.dup.dup.dup.json' -> '/home/mystic/Documentos/Sonora Digital Corp Nuevo/01_Core_Platform/03_Agentic_Infrastructure/Databases/Aztrotech_Citas/leads/prospecto_20260807.done.done.done.done.done.done.dup.dup.dup.dup.dup.dup.dup.dup.dup.dup.dup.dup.dup.dup.dup.dup.dup.dup.dup.dup.dup.dup.dup.dup.dup.dup.dup.dup.dup.dup.dup.dup.dup.dup.dup.dup.dup.dup.dup.dup.dup.dup.dup.dup.dup.dup.dup.dup.dup.dup.dup.json'
[INGEST] 0 leads nuevos, 0 duplicados saltados.
[DUP LEAD] prospecto_20260807.done.done.done.done.done.done.dup.dup.dup.dup.dup.dup.dup.dup.dup.dup.dup.dup.dup.dup.dup.dup.dup.dup.dup.dup.dup.dup.dup.dup.dup.dup.dup.dup.dup.dup.dup.dup.dup.dup.dup.dup.dup.dup.dup.dup.dup.dup.dup.dup.dup.dup.dup.dup.dup.dup.json: ya existe cita #4. skip
[LEAD FAIL] prospecto_20260807.done.done.done.done.done.done.dup.dup.dup.dup.dup.dup.dup.dup.dup.dup.dup.dup.dup.dup.dup.dup.dup.dup.dup.dup.dup.dup.dup.dup.dup.dup.dup.dup.dup.dup.dup.dup.dup.dup.dup.dup.dup.dup.dup.dup.dup.dup.dup.dup.dup.dup.dup.dup.dup.dup.json: [Errno 36] File name too long: '/home/mystic/Documentos/Sonora Digital Corp Nuevo/01_Core_Platform/03_Agentic_Infrastructure/Databases/Aztrotech_Citas/leads/prospecto_20260807.done.done.done.done.done.done.dup.dup.dup.dup.dup.dup.dup.dup.dup.dup.dup.dup.dup.dup.dup.dup.dup.dup.dup.dup.dup.dup.dup.dup.dup.dup.dup.dup.dup.dup.dup.dup.dup.dup.dup.dup.dup.dup.dup.dup.dup.dup.dup.dup.dup.dup.dup.dup.dup.dup.json' -> '/home/mystic/Documentos/Sonora Digital Corp Nuevo/01_Core_Platform/03_Agentic_Infrastructure/Databases/Aztrotech_Citas/leads/prospecto_20260807.done.done.done.done.done.done.dup.dup.dup.dup.dup.dup.dup.dup.dup.dup.dup.dup.dup.dup.dup.dup.dup.dup.dup.dup.dup.dup.dup.dup.dup.dup.dup.dup.dup.dup.dup.dup.dup.dup.dup.dup.dup.dup.dup.dup.dup.dup.dup.dup.dup.dup.dup.dup.dup.dup.dup.json'
[INGEST] 0 leads nuevos, 0 duplicados saltados.
[DUP LEAD] prospecto_20260807.done.done.done.done.done.done.dup.dup.dup.dup.dup.dup.dup.dup.dup.dup.dup.dup.dup.dup.dup.dup.dup.dup.dup.dup.dup.dup.dup.dup.dup.dup.dup.dup.dup.dup.dup.dup.dup.dup.dup.dup.dup.dup.dup.dup.dup.dup.dup.dup.dup.dup.dup.dup.dup.dup.json: ya existe cita #4. skip
[LEAD FAIL] prospecto_20260807.done.done.done.done.done.done.dup.dup.dup.dup.dup.dup.dup.dup.dup.dup.dup.dup.dup.dup.dup.dup.dup.dup.dup.dup.dup.dup.dup.dup.dup.dup.dup.dup.dup.dup.dup.dup.dup.dup.dup.dup.dup.dup.dup.dup.dup.dup.dup.dup.dup.dup.dup.dup.dup.dup.json: [Errno 36] File name too long: '/home/mystic/Documentos/Sonora Digital Corp Nuevo/01_Core_Platform/03_Agentic_Infrastructure/Databases/Aztrotech_Citas/leads/prospecto_20260807.done.done.done.done.done.done.dup.dup.dup.dup.dup.dup.dup.dup.dup.dup.dup.dup.dup.dup.dup.dup.dup.dup.dup.dup.dup.dup.dup.dup.dup.dup.dup.dup.dup.dup.dup.dup.dup.dup.dup.dup.dup.dup.dup.dup.dup.dup.dup.dup.dup.dup.dup.dup.dup.dup.json' -> '/home/mystic/Documentos/Sonora Digital Corp Nuevo/01_Core_Platform/03_Agentic_Infrastructure/Databases/Aztrotech_Citas/leads/prospecto_20260807.done.done.done.done.done.done.dup.dup.dup.dup.dup.dup.dup.dup.dup.dup.dup.dup.dup.dup.dup.dup.dup.dup.dup.dup.dup.dup.dup.dup.dup.dup.dup.dup.dup.dup.dup.dup.dup.dup.dup.dup.dup.dup.dup.dup.dup.dup.dup.dup.dup.dup.dup.dup.dup.dup.dup.json'
[INGEST] 0 leads nuevos, 0 duplicados saltados.
[DUP LEAD] prospecto_20260807.done.done.done.done.done.done.dup.dup.dup.dup.dup.dup.dup.dup.dup.dup.dup.dup.dup.dup.dup.dup.dup.dup.dup.dup.dup.dup.dup.dup.dup.dup.dup.dup.dup.dup.dup.dup.dup.dup.dup.dup.dup.dup.dup.dup.dup.dup.dup.dup.dup.dup.dup.dup.dup.dup.json: ya existe cita #4. skip
[LEAD FAIL] prospecto_20260807.done.done.done.done.done.done.dup.dup.dup.dup.dup.dup.dup.dup.dup.dup.dup.dup.dup.dup.dup.dup.dup.dup.dup.dup.dup.dup.dup.dup.dup.dup.dup.dup.dup.dup.dup.dup.dup.dup.dup.dup.dup.dup.dup.dup.dup.dup.dup.dup.dup.dup.dup.dup.dup.dup.json: [Errno 36] File name too long: '/home/mystic/Documentos/Sonora Digital Corp Nuevo/01_Core_Platform/03_Agentic_Infrastructure/Databases/Aztrotech_Citas/leads/prospecto_20260807.done.done.done.done.done.done.dup.dup.dup.dup.dup.dup.dup.dup.dup.dup.dup.dup.dup.dup.dup.dup.dup.dup.dup.dup.dup.dup.dup.dup.dup.dup.dup.dup.dup.dup.dup.dup.dup.dup.dup.dup.dup.dup.dup.dup.dup.dup.dup.dup.dup.dup.dup.dup.dup.dup.json' -> '/home/mystic/Documentos/Sonora Digital Corp Nuevo/01_Core_Platform/03_Agentic_Infrastructure/Databases/Aztrotech_Citas/leads/prospecto_20260807.done.done.done.done.done.done.dup.dup.dup.dup.dup.dup.dup.dup.dup.dup.dup.dup.dup.dup.dup.dup.dup.dup.dup.dup.dup.dup.dup.dup.dup.dup.dup.dup.dup.dup.dup.dup.dup.dup.dup.dup.dup.dup.dup.dup.dup.dup.dup.dup.dup.dup.dup.dup.dup.dup.dup.json'
[INGEST] 0 leads nuevos, 0 duplicados saltados.
[DUP LEAD] prospecto_20260807.done.done.done.done.done.done.dup.dup.dup.dup.dup.dup.dup.dup.dup.dup.dup.dup.dup.dup.dup.dup.dup.dup.dup.dup.dup.dup.dup.dup.dup.dup.dup.dup.dup.dup.dup.dup.dup.dup.dup.dup.dup.dup.dup.dup.dup.dup.dup.dup.dup.dup.dup.dup.dup.dup.json: ya existe cita #4. skip
[LEAD FAIL] prospecto_20260807.done.done.done.done.done.done.dup.dup.dup.dup.dup.dup.dup.dup.dup.dup.dup.dup.dup.dup.dup.dup.dup.dup.dup.dup.dup.dup.dup.dup.dup.dup.dup.dup.dup.dup.dup.dup.dup.dup.dup.dup.dup.dup.dup.dup.dup.dup.dup.dup.dup.dup.dup.dup.dup.dup.json: [Errno 36] File name too long: '/home/mystic/Documentos/Sonora Digital Corp Nuevo/01_Core_Platform/03_Agentic_Infrastructure/Databases/Aztrotech_Citas/leads/prospecto_20260807.done.done.done.done.done.done.dup.dup.dup.dup.dup.dup.dup.dup.dup.dup.dup.dup.dup.dup.dup.dup.dup.dup.dup.dup.dup.dup.dup.dup.dup.dup.dup.dup.dup.dup.dup.dup.dup.dup.dup.dup.dup.dup.dup.dup.dup.dup.dup.dup.dup.dup.dup.dup.dup.dup.json' -> '/home/mystic/Documentos/Sonora Digital Corp Nuevo/01_Core_Platform/03_Agentic_Infrastructure/Databases/Aztrotech_Citas/leads/prospecto_20260807.done.done.done.done.done.done.dup.dup.dup.dup.dup.dup.dup.dup.dup.dup.dup.dup.dup.dup.dup.dup.dup.dup.dup.dup.dup.dup.dup.dup.dup.dup.dup.dup.dup.dup.dup.dup.dup.dup.dup.dup.dup.dup.dup.dup.dup.dup.dup.dup.dup.dup.dup.dup.dup.dup.dup.json'
[INGEST] 0 leads nuevos, 0 duplicados saltados.
[DUP LEAD] prospecto_20260807.done.done.done.done.done.done.dup.dup.dup.dup.dup.dup.dup.dup.dup.dup.dup.dup.dup.dup.dup.dup.dup.dup.dup.dup.dup.dup.dup.dup.dup.dup.dup.dup.dup.dup.dup.dup.dup.dup.dup.dup.dup.dup.dup.dup.dup.dup.dup.dup.dup.dup.dup.dup.dup.dup.json: ya existe cita #4. skip
[LEAD FAIL] prospecto_20260807.done.done.done.done.done.done.dup.dup.dup.dup.dup.dup.dup.dup.dup.dup.dup.dup.dup.dup.dup.dup.dup.dup.dup.dup.dup.dup.dup.dup.dup.dup.dup.dup.dup.dup.dup.dup.dup.dup.dup.dup.dup.dup.dup.dup.dup.dup.dup.dup.dup.dup.dup.dup.dup.dup.json: [Errno 36] File name too long: '/home/mystic/Documentos/Sonora Digital Corp Nuevo/01_Core_Platform/03_Agentic_Infrastructure/Databases/Aztrotech_Citas/leads/prospecto_20260807.done.done.done.done.done.done.dup.dup.dup.dup.dup.dup.dup.dup.dup.dup.dup.dup.dup.dup.dup.dup.dup.dup.dup.dup.dup.dup.dup.dup.dup.dup.dup.dup.dup.dup.dup.dup.dup.dup.dup.dup.dup.dup.dup.dup.dup.dup.dup.dup.dup.dup.dup.dup.dup.dup.json' -> '/home/mystic/Documentos/Sonora Digital Corp Nuevo/01_Core_Platform/03_Agentic_Infrastructure/Databases/Aztrotech_Citas/leads/prospecto_20260807.done.done.done.done.done.done.dup.dup.dup.dup.dup.dup.dup.dup.dup.dup.dup.dup.dup.dup.dup.dup.dup.dup.dup.dup.dup.dup.dup.dup.dup.dup.dup.dup.dup.dup.dup.dup.dup.dup.dup.dup.dup.dup.dup.dup.dup.dup.dup.dup.dup.dup.dup.dup.dup.dup.dup.json'
[INGEST] 0 leads nuevos, 0 duplicados saltados.
[DUP LEAD] prospecto_20260807.done.done.done.done.done.done.dup.dup.dup.dup.dup.dup.dup.dup.dup.dup.dup.dup.dup.dup.dup.dup.dup.dup.dup.dup.dup.dup.dup.dup.dup.dup.dup.dup.dup.dup.dup.dup.dup.dup.dup.dup.dup.dup.dup.dup.dup.dup.dup.dup.dup.dup.dup.dup.dup.dup.json: ya existe cita #4. skip
[LEAD FAIL] prospecto_20260807.done.done.done.done.done.done.dup.dup.dup.dup.dup.dup.dup.dup.dup.dup.dup.dup.dup.dup.dup.dup.dup.dup.dup.dup.dup.dup.dup.dup.dup.dup.dup.dup.dup.dup.dup.dup.dup.dup.dup.dup.dup.dup.dup.dup.dup.dup.dup.dup.dup.dup.dup.dup.dup.dup.json: [Errno 36] File name too long: '/home/mystic/Documentos/Sonora Digital Corp Nuevo/01_Core_Platform/03_Agentic_Infrastructure/Databases/Aztrotech_Citas/leads/prospecto_20260807.done.done.done.done.done.done.dup.dup.dup.dup.dup.dup.dup.dup.dup.dup.dup.dup.dup.dup.dup.dup.dup.dup.dup.dup.dup.dup.dup.dup.dup.dup.dup.dup.dup.dup.dup.dup.dup.dup.dup.dup.dup.dup.dup.dup.dup.dup.dup.dup.dup.dup.dup.dup.dup.dup.json' -> '/home/mystic/Documentos/Sonora Digital Corp Nuevo/01_Core_Platform/03_Agentic_Infrastructure/Databases/Aztrotech_Citas/leads/prospecto_20260807.done.done.done.done.done.done.dup.dup.dup.dup.dup.dup.dup.dup.dup.dup.dup.dup.dup.dup.dup.dup.dup.dup.dup.dup.dup.dup.dup.dup.dup.dup.dup.dup.dup.dup.dup.dup.dup.dup.dup.dup.dup.dup.dup.dup.dup.dup.dup.dup.dup.dup.dup.dup.dup.dup.dup.json'
[INGEST] 0 leads nuevos, 0 duplicados saltados.
[DUP LEAD] prospecto_20260807.done.done.done.done.done.done.dup.dup.dup.dup.dup.dup.dup.dup.dup.dup.dup.dup.dup.dup.dup.dup.dup.dup.dup.dup.dup.dup.dup.dup.dup.dup.dup.dup.dup.dup.dup.dup.dup.dup.dup.dup.dup.dup.dup.dup.dup.dup.dup.dup.dup.dup.dup.dup.dup.dup.json: ya existe cita #4. skip
[LEAD FAIL] prospecto_20260807.done.done.done.done.done.done.dup.dup.dup.dup.dup.dup.dup.dup.dup.dup.dup.dup.dup.dup.dup.dup.dup.dup.dup.dup.dup.dup.dup.dup.dup.dup.dup.dup.dup.dup.dup.dup.dup.dup.dup.dup.dup.dup.dup.dup.dup.dup.dup.dup.dup.dup.dup.dup.dup.dup.json: [Errno 36] File name too long: '/home/mystic/Documentos/Sonora Digital Corp Nuevo/01_Core_Platform/03_Agentic_Infrastructure/Databases/Aztrotech_Citas/leads/prospecto_20260807.done.done.done.done.done.done.dup.dup.dup.dup.dup.dup.dup.dup.dup.dup.dup.dup.dup.dup.dup.dup.dup.dup.dup.dup.dup.dup.dup.dup.dup.dup.dup.dup.dup.dup.dup.dup.dup.dup.dup.dup.dup.dup.dup.dup.dup.dup.dup.dup.dup.dup.dup.dup.dup.dup.json' -> '/home/mystic/Documentos/Sonora Digital Corp Nuevo/01_Core_Platform/03_Agentic_Infrastructure/Databases/Aztrotech_Citas/leads/prospecto_20260807.done.done.done.done.done.done.dup.dup.dup.dup.dup.dup.dup.dup.dup.dup.dup.dup.dup.dup.dup.dup.dup.dup.dup.dup.dup.dup.dup.dup.dup.dup.dup.dup.dup.dup.dup.dup.dup.dup.dup.dup.dup.dup.dup.dup.dup.dup.dup.dup.dup.dup.dup.dup.dup.dup.dup.json'
[INGEST] 0 leads nuevos, 0 duplicados saltados.
[DUP LEAD] prospecto_20260807.done.done.done.done.done.done.dup.dup.dup.dup.dup.dup.dup.dup.dup.dup.dup.dup.dup.dup.dup.dup.dup.dup.dup.dup.dup.dup.dup.dup.dup.dup.dup.dup.dup.dup.dup.dup.dup.dup.dup.dup.dup.dup.dup.dup.dup.dup.dup.dup.dup.dup.dup.dup.dup.dup.json: ya existe cita #4. skip
[LEAD FAIL] prospecto_20260807.done.done.done.done.done.done.dup.dup.dup.dup.dup.dup.dup.dup.dup.dup.dup.dup.dup.dup.dup.dup.dup.dup.dup.dup.dup.dup.dup.dup.dup.dup.dup.dup.dup.dup.dup.dup.dup.dup.dup.dup.dup.dup.dup.dup.dup.dup.dup.dup.dup.dup.dup.dup.dup.dup.json: [Errno 36] File name too long: '/home/mystic/Documentos/Sonora Digital Corp Nuevo/01_Core_Platform/03_Agentic_Infrastructure/Databases/Aztrotech_Citas/leads/prospecto_20260807.done.done.done.done.done.done.dup.dup.dup.dup.dup.dup.dup.dup.dup.dup.dup.dup.dup.dup.dup.dup.dup.dup.dup.dup.dup.dup.dup.dup.dup.dup.dup.dup.dup.dup.dup.dup.dup.dup.dup.dup.dup.dup.dup.dup.dup.dup.dup.dup.dup.dup.dup.dup.dup.dup.json' -> '/home/mystic/Documentos/Sonora Digital Corp Nuevo/01_Core_Platform/03_Agentic_Infrastructure/Databases/Aztrotech_Citas/leads/prospecto_20260807.done.done.done.done.done.done.dup.dup.dup.dup.dup.dup.dup.dup.dup.dup.dup.dup.dup.dup.dup.dup.dup.dup.dup.dup.dup.dup.dup.dup.dup.dup.dup.dup.dup.dup.dup.dup.dup.dup.dup.dup.dup.dup.dup.dup.dup.dup.dup.dup.dup.dup.dup.dup.dup.dup.dup.json'
[INGEST] 0 leads nuevos, 0 duplicados saltados.
[DUP LEAD] prospecto_20260807.done.done.done.done.done.done.dup.dup.dup.dup.dup.dup.dup.dup.dup.dup.dup.dup.dup.dup.dup.dup.dup.dup.dup.dup.dup.dup.dup.dup.dup.dup.dup.dup.dup.dup.dup.dup.dup.dup.dup.dup.dup.dup.dup.dup.dup.dup.dup.dup.dup.dup.dup.dup.dup.dup.json: ya existe cita #4. skip
[LEAD FAIL] prospecto_20260807.done.done.done.done.done.done.dup.dup.dup.dup.dup.dup.dup.dup.dup.dup.dup.dup.dup.dup.dup.dup.dup.dup.dup.dup.dup.dup.dup.dup.dup.dup.dup.dup.dup.dup.dup.dup.dup.dup.dup.dup.dup.dup.dup.dup.dup.dup.dup.dup.dup.dup.dup.dup.dup.dup.json: [Errno 36] File name too long: '/home/mystic/Documentos/Sonora Digital Corp Nuevo/01_Core_Platform/03_Agentic_Infrastructure/Databases/Aztrotech_Citas/leads/prospecto_20260807.done.done.done.done.done.done.dup.dup.dup.dup.dup.dup.dup.dup.dup.dup.dup.dup.dup.dup.dup.dup.dup.dup.dup.dup.dup.dup.dup.dup.dup.dup.dup.dup.dup.dup.dup.dup.dup.dup.dup.dup.dup.dup.dup.dup.dup.dup.dup.dup.dup.dup.dup.dup.dup.dup.json' -> '/home/mystic/Documentos/Sonora Digital Corp Nuevo/01_Core_Platform/03_Agentic_Infrastructure/Databases/Aztrotech_Citas/leads/prospecto_20260807.done.done.done.done.done.done.dup.dup.dup.dup.dup.dup.dup.dup.dup.dup.dup.dup.dup.dup.dup.dup.dup.dup.dup.dup.dup.dup.dup.dup.dup.dup.dup.dup.dup.dup.dup.dup.dup.dup.dup.dup.dup.dup.dup.dup.dup.dup.dup.dup.dup.dup.dup.dup.dup.dup.dup.json'
[INGEST] 0 leads nuevos, 0 duplicados saltados.
[DUP LEAD] prospecto_20260807.done.done.done.done.done.done.dup.dup.dup.dup.dup.dup.dup.dup.dup.dup.dup.dup.dup.dup.dup.dup.dup.dup.dup.dup.dup.dup.dup.dup.dup.dup.dup.dup.dup.dup.dup.dup.dup.dup.dup.dup.dup.dup.dup.dup.dup.dup.dup.dup.dup.dup.dup.dup.dup.dup.json: ya existe cita #4. skip
[LEAD FAIL] prospecto_20260807.done.done.done.done.done.done.dup.dup.dup.dup.dup.dup.dup.dup.dup.dup.dup.dup.dup.dup.dup.dup.dup.dup.dup.dup.dup.dup.dup.dup.dup.dup.dup.dup.dup.dup.dup.dup.dup.dup.dup.dup.dup.dup.dup.dup.dup.dup.dup.dup.dup.dup.dup.dup.dup.dup.json: [Errno 36] File name too long: '/home/mystic/Documentos/Sonora Digital Corp Nuevo/01_Core_Platform/03_Agentic_Infrastructure/Databases/Aztrotech_Citas/leads/prospecto_20260807.done.done.done.done.done.done.dup.dup.dup.dup.dup.dup.dup.dup.dup.dup.dup.dup.dup.dup.dup.dup.dup.dup.dup.dup.dup.dup.dup.dup.dup.dup.dup.dup.dup.dup.dup.dup.dup.dup.dup.dup.dup.dup.dup.dup.dup.dup.dup.dup.dup.dup.dup.dup.dup.dup.json' -> '/home/mystic/Documentos/Sonora Digital Corp Nuevo/01_Core_Platform/03_Agentic_Infrastructure/Databases/Aztrotech_Citas/leads/prospecto_20260807.done.done.done.done.done.done.dup.dup.dup.dup.dup.dup.dup.dup.dup.dup.dup.dup.dup.dup.dup.dup.dup.dup.dup.dup.dup.dup.dup.dup.dup.dup.dup.dup.dup.dup.dup.dup.dup.dup.dup.dup.dup.dup.dup.dup.dup.dup.dup.dup.dup.dup.dup.dup.dup.dup.dup.json'
[INGEST] 0 leads nuevos, 0 duplicados saltados.
[DUP LEAD] prospecto_20260807.done.done.done.done.done.done.dup.dup.dup.dup.dup.dup.dup.dup.dup.dup.dup.dup.dup.dup.dup.dup.dup.dup.dup.dup.dup.dup.dup.dup.dup.dup.dup.dup.dup.dup.dup.dup.dup.dup.dup.dup.dup.dup.dup.dup.dup.dup.dup.dup.dup.dup.dup.dup.dup.dup.json: ya existe cita #4. skip
[LEAD FAIL] prospecto_20260807.done.done.done.done.done.done.dup.dup.dup.dup.dup.dup.dup.dup.dup.dup.dup.dup.dup.dup.dup.dup.dup.dup.dup.dup.dup.dup.dup.dup.dup.dup.dup.dup.dup.dup.dup.dup.dup.dup.dup.dup.dup.dup.dup.dup.dup.dup.dup.dup.dup.dup.dup.dup.dup.dup.json: [Errno 36] File name too long: '/home/mystic/Documentos/Sonora Digital Corp Nuevo/01_Core_Platform/03_Agentic_Infrastructure/Databases/Aztrotech_Citas/leads/prospecto_20260807.done.done.done.done.done.done.dup.dup.dup.dup.dup.dup.dup.dup.dup.dup.dup.dup.dup.dup.dup.dup.dup.dup.dup.dup.dup.dup.dup.dup.dup.dup.dup.dup.dup.dup.dup.dup.dup.dup.dup.dup.dup.dup.dup.dup.dup.dup.dup.dup.dup.dup.dup.dup.dup.dup.json' -> '/home/mystic/Documentos/Sonora Digital Corp Nuevo/01_Core_Platform/03_Agentic_Infrastructure/Databases/Aztrotech_Citas/leads/prospecto_20260807.done.done.done.done.done.done.dup.dup.dup.dup.dup.dup.dup.dup.dup.dup.dup.dup.dup.dup.dup.dup.dup.dup.dup.dup.dup.dup.dup.dup.dup.dup.dup.dup.dup.dup.dup.dup.dup.dup.dup.dup.dup.dup.dup.dup.dup.dup.dup.dup.dup.dup.dup.dup.dup.dup.dup.json'
[INGEST] 0 leads nuevos, 0 duplicados saltados.
[DUP LEAD] prospecto_20260807.done.done.done.done.done.done.dup.dup.dup.dup.dup.dup.dup.dup.dup.dup.dup.dup.dup.dup.dup.dup.dup.dup.dup.dup.dup.dup.dup.dup.dup.dup.dup.dup.dup.dup.dup.dup.dup.dup.dup.dup.dup.dup.dup.dup.dup.dup.dup.dup.dup.dup.dup.dup.dup.dup.json: ya existe cita #4. skip
[LEAD FAIL] prospecto_20260807.done.done.done.done.done.done.dup.dup.dup.dup.dup.dup.dup.dup.dup.dup.dup.dup.dup.dup.dup.dup.dup.dup.dup.dup.dup.dup.dup.dup.dup.dup.dup.dup.dup.dup.dup.dup.dup.dup.dup.dup.dup.dup.dup.dup.dup.dup.dup.dup.dup.dup.dup.dup.dup.dup.json: [Errno 36] File name too long: '/home/mystic/Documentos/Sonora Digital Corp Nuevo/01_Core_Platform/03_Agentic_Infrastructure/Databases/Aztrotech_Citas/leads/prospecto_20260807.done.done.done.done.done.done.dup.dup.dup.dup.dup.dup.dup.dup.dup.dup.dup.dup.dup.dup.dup.dup.dup.dup.dup.dup.dup.dup.dup.dup.dup.dup.dup.dup.dup.dup.dup.dup.dup.dup.dup.dup.dup.dup.dup.dup.dup.dup.dup.dup.dup.dup.dup.dup.dup.dup.json' -> '/home/mystic/Documentos/Sonora Digital Corp Nuevo/01_Core_Platform/03_Agentic_Infrastructure/Databases/Aztrotech_Citas/leads/prospecto_20260807.done.done.done.done.done.done.dup.dup.dup.dup.dup.dup.dup.dup.dup.dup.dup.dup.dup.dup.dup.dup.dup.dup.dup.dup.dup.dup.dup.dup.dup.dup.dup.dup.dup.dup.dup.dup.dup.dup.dup.dup.dup.dup.dup.dup.dup.dup.dup.dup.dup.dup.dup.dup.dup.dup.dup.json'
[INGEST] 0 leads nuevos, 0 duplicados saltados.
[DUP LEAD] prospecto_20260807.done.done.done.done.done.done.dup.dup.dup.dup.dup.dup.dup.dup.dup.dup.dup.dup.dup.dup.dup.dup.dup.dup.dup.dup.dup.dup.dup.dup.dup.dup.dup.dup.dup.dup.dup.dup.dup.dup.dup.dup.dup.dup.dup.dup.dup.dup.dup.dup.dup.dup.dup.dup.dup.dup.json: ya existe cita #4. skip
[LEAD FAIL] prospecto_20260807.done.done.done.done.done.done.dup.dup.dup.dup.dup.dup.dup.dup.dup.dup.dup.dup.dup.dup.dup.dup.dup.dup.dup.dup.dup.dup.dup.dup.dup.dup.dup.dup.dup.dup.dup.dup.dup.dup.dup.dup.dup.dup.dup.dup.dup.dup.dup.dup.dup.dup.dup.dup.dup.dup.json: [Errno 36] File name too long: '/home/mystic/Documentos/Sonora Digital Corp Nuevo/01_Core_Platform/03_Agentic_Infrastructure/Databases/Aztrotech_Citas/leads/prospecto_20260807.done.done.done.done.done.done.dup.dup.dup.dup.dup.dup.dup.dup.dup.dup.dup.dup.dup.dup.dup.dup.dup.dup.dup.dup.dup.dup.dup.dup.dup.dup.dup.dup.dup.dup.dup.dup.dup.dup.dup.dup.dup.dup.dup.dup.dup.dup.dup.dup.dup.dup.dup.dup.dup.dup.json' -> '/home/mystic/Documentos/Sonora Digital Corp Nuevo/01_Core_Platform/03_Agentic_Infrastructure/Databases/Aztrotech_Citas/leads/prospecto_20260807.done.done.done.done.done.done.dup.dup.dup.dup.dup.dup.dup.dup.dup.dup.dup.dup.dup.dup.dup.dup.dup.dup.dup.dup.dup.dup.dup.dup.dup.dup.dup.dup.dup.dup.dup.dup.dup.dup.dup.dup.dup.dup.dup.dup.dup.dup.dup.dup.dup.dup.dup.dup.dup.dup.dup.json'
[INGEST] 0 leads nuevos, 0 duplicados saltados.
[DUP LEAD] prospecto_20260807.done.done.done.done.done.done.dup.dup.dup.dup.dup.dup.dup.dup.dup.dup.dup.dup.dup.dup.dup.dup.dup.dup.dup.dup.dup.dup.dup.dup.dup.dup.dup.dup.dup.dup.dup.dup.dup.dup.dup.dup.dup.dup.dup.dup.dup.dup.dup.dup.dup.dup.dup.dup.dup.dup.json: ya existe cita #4. skip
[LEAD FAIL] prospecto_20260807.done.done.done.done.done.done.dup.dup.dup.dup.dup.dup.dup.dup.dup.dup.dup.dup.dup.dup.dup.dup.dup.dup.dup.dup.dup.dup.dup.dup.dup.dup.dup.dup.dup.dup.dup.dup.dup.dup.dup.dup.dup.dup.dup.dup.dup.dup.dup.dup.dup.dup.dup.dup.dup.dup.json: [Errno 36] File name too long: '/home/mystic/Documentos/Sonora Digital Corp Nuevo/01_Core_Platform/03_Agentic_Infrastructure/Databases/Aztrotech_Citas/leads/prospecto_20260807.done.done.done.done.done.done.dup.dup.dup.dup.dup.dup.dup.dup.dup.dup.dup.dup.dup.dup.dup.dup.dup.dup.dup.dup.dup.dup.dup.dup.dup.dup.dup.dup.dup.dup.dup.dup.dup.dup.dup.dup.dup.dup.dup.dup.dup.dup.dup.dup.dup.dup.dup.dup.dup.dup.json' -> '/home/mystic/Documentos/Sonora Digital Corp Nuevo/01_Core_Platform/03_Agentic_Infrastructure/Databases/Aztrotech_Citas/leads/prospecto_20260807.done.done.done.done.done.done.dup.dup.dup.dup.dup.dup.dup.dup.dup.dup.dup.dup.dup.dup.dup.dup.dup.dup.dup.dup.dup.dup.dup.dup.dup.dup.dup.dup.dup.dup.dup.dup.dup.dup.dup.dup.dup.dup.dup.dup.dup.dup.dup.dup.dup.dup.dup.dup.dup.dup.dup.json'
[INGEST] 0 leads nuevos, 0 duplicados saltados.
[DUP LEAD] prospecto_20260807.done.done.done.done.done.done.dup.dup.dup.dup.dup.dup.dup.dup.dup.dup.dup.dup.dup.dup.dup.dup.dup.dup.dup.dup.dup.dup.dup.dup.dup.dup.dup.dup.dup.dup.dup.dup.dup.dup.dup.dup.dup.dup.dup.dup.dup.dup.dup.dup.dup.dup.dup.dup.dup.dup.json: ya existe cita #4. skip
[LEAD FAIL] prospecto_20260807.done.done.done.done.done.done.dup.dup.dup.dup.dup.dup.dup.dup.dup.dup.dup.dup.dup.dup.dup.dup.dup.dup.dup.dup.dup.dup.dup.dup.dup.dup.dup.dup.dup.dup.dup.dup.dup.dup.dup.dup.dup.dup.dup.dup.dup.dup.dup.dup.dup.dup.dup.dup.dup.dup.json: [Errno 36] File name too long: '/home/mystic/Documentos/Sonora Digital Corp Nuevo/01_Core_Platform/03_Agentic_Infrastructure/Databases/Aztrotech_Citas/leads/prospecto_20260807.done.done.done.done.done.done.dup.dup.dup.dup.dup.dup.dup.dup.dup.dup.dup.dup.dup.dup.dup.dup.dup.dup.dup.dup.dup.dup.dup.dup.dup.dup.dup.dup.dup.dup.dup.dup.dup.dup.dup.dup.dup.dup.dup.dup.dup.dup.dup.dup.dup.dup.dup.dup.dup.dup.json' -> '/home/mystic/Documentos/Sonora Digital Corp Nuevo/01_Core_Platform/03_Agentic_Infrastructure/Databases/Aztrotech_Citas/leads/prospecto_20260807.done.done.done.done.done.done.dup.dup.dup.dup.dup.dup.dup.dup.dup.dup.dup.dup.dup.dup.dup.dup.dup.dup.dup.dup.dup.dup.dup.dup.dup.dup.dup.dup.dup.dup.dup.dup.dup.dup.dup.dup.dup.dup.dup.dup.dup.dup.dup.dup.dup.dup.dup.dup.dup.dup.dup.json'
[INGEST] 0 leads nuevos, 0 duplicados saltados.
[DUP LEAD] prospecto_20260807.done.done.done.done.done.done.dup.dup.dup.dup.dup.dup.dup.dup.dup.dup.dup.dup.dup.dup.dup.dup.dup.dup.dup.dup.dup.dup.dup.dup.dup.dup.dup.dup.dup.dup.dup.dup.dup.dup.dup.dup.dup.dup.dup.dup.dup.dup.dup.dup.dup.dup.dup.dup.dup.dup.json: ya existe cita #4. skip
[LEAD FAIL] prospecto_20260807.done.done.done.done.done.done.dup.dup.dup.dup.dup.dup.dup.dup.dup.dup.dup.dup.dup.dup.dup.dup.dup.dup.dup.dup.dup.dup.dup.dup.dup.dup.dup.dup.dup.dup.dup.dup.dup.dup.dup.dup.dup.dup.dup.dup.dup.dup.dup.dup.dup.dup.dup.dup.dup.dup.json: [Errno 36] File name too long: '/home/mystic/Documentos/Sonora Digital Corp Nuevo/01_Core_Platform/03_Agentic_Infrastructure/Databases/Aztrotech_Citas/leads/prospecto_20260807.done.done.done.done.done.done.dup.dup.dup.dup.dup.dup.dup.dup.dup.dup.dup.dup.dup.dup.dup.dup.dup.dup.dup.dup.dup.dup.dup.dup.dup.dup.dup.dup.dup.dup.dup.dup.dup.dup.dup.dup.dup.dup.dup.dup.dup.dup.dup.dup.dup.dup.dup.dup.dup.dup.json' -> '/home/mystic/Documentos/Sonora Digital Corp Nuevo/01_Core_Platform/03_Agentic_Infrastructure/Databases/Aztrotech_Citas/leads/prospecto_20260807.done.done.done.done.done.done.dup.dup.dup.dup.dup.dup.dup.dup.dup.dup.dup.dup.dup.dup.dup.dup.dup.dup.dup.dup.dup.dup.dup.dup.dup.dup.dup.dup.dup.dup.dup.dup.dup.dup.dup.dup.dup.dup.dup.dup.dup.dup.dup.dup.dup.dup.dup.dup.dup.dup.dup.json'
[INGEST] 0 leads nuevos, 0 duplicados saltados.
[DUP LEAD] prospecto_20260807.done.done.done.done.done.done.dup.dup.dup.dup.dup.dup.dup.dup.dup.dup.dup.dup.dup.dup.dup.dup.dup.dup.dup.dup.dup.dup.dup.dup.dup.dup.dup.dup.dup.dup.dup.dup.dup.dup.dup.dup.dup.dup.dup.dup.dup.dup.dup.dup.dup.dup.dup.dup.dup.dup.json: ya existe cita #4. skip
[LEAD FAIL] prospecto_20260807.done.done.done.done.done.done.dup.dup.dup.dup.dup.dup.dup.dup.dup.dup.dup.dup.dup.dup.dup.dup.dup.dup.dup.dup.dup.dup.dup.dup.dup.dup.dup.dup.dup.dup.dup.dup.dup.dup.dup.dup.dup.dup.dup.dup.dup.dup.dup.dup.dup.dup.dup.dup.dup.dup.json: [Errno 36] File name too long: '/home/mystic/Documentos/Sonora Digital Corp Nuevo/01_Core_Platform/03_Agentic_Infrastructure/Databases/Aztrotech_Citas/leads/prospecto_20260807.done.done.done.done.done.done.dup.dup.dup.dup.dup.dup.dup.dup.dup.dup.dup.dup.dup.dup.dup.dup.dup.dup.dup.dup.dup.dup.dup.dup.dup.dup.dup.dup.dup.dup.dup.dup.dup.dup.dup.dup.dup.dup.dup.dup.dup.dup.dup.dup.dup.dup.dup.dup.dup.dup.json' -> '/home/mystic/Documentos/Sonora Digital Corp Nuevo/01_Core_Platform/03_Agentic_Infrastructure/Databases/Aztrotech_Citas/leads/prospecto_20260807.done.done.done.done.done.done.dup.dup.dup.dup.dup.dup.dup.dup.dup.dup.dup.dup.dup.dup.dup.dup.dup.dup.dup.dup.dup.dup.dup.dup.dup.dup.dup.dup.dup.dup.dup.dup.dup.dup.dup.dup.dup.dup.dup.dup.dup.dup.dup.dup.dup.dup.dup.dup.dup.dup.dup.json'
[INGEST] 0 leads nuevos, 0 duplicados saltados.
[DUP LEAD] prospecto_20260807.done.done.done.done.done.done.dup.dup.dup.dup.dup.dup.dup.dup.dup.dup.dup.dup.dup.dup.dup.dup.dup.dup.dup.dup.dup.dup.dup.dup.dup.dup.dup.dup.dup.dup.dup.dup.dup.dup.dup.dup.dup.dup.dup.dup.dup.dup.dup.dup.dup.dup.dup.dup.dup.dup.json: ya existe cita #4. skip
[LEAD FAIL] prospecto_20260807.done.done.done.done.done.done.dup.dup.dup.dup.dup.dup.dup.dup.dup.dup.dup.dup.dup.dup.dup.dup.dup.dup.dup.dup.dup.dup.dup.dup.dup.dup.dup.dup.dup.dup.dup.dup.dup.dup.dup.dup.dup.dup.dup.dup.dup.dup.dup.dup.dup.dup.dup.dup.dup.dup.json: [Errno 36] File name too long: '/home/mystic/Documentos/Sonora Digital Corp Nuevo/01_Core_Platform/03_Agentic_Infrastructure/Databases/Aztrotech_Citas/leads/prospecto_20260807.done.done.done.done.done.done.dup.dup.dup.dup.dup.dup.dup.dup.dup.dup.dup.dup.dup.dup.dup.dup.dup.dup.dup.dup.dup.dup.dup.dup.dup.dup.dup.dup.dup.dup.dup.dup.dup.dup.dup.dup.dup.dup.dup.dup.dup.dup.dup.dup.dup.dup.dup.dup.dup.dup.json' -> '/home/mystic/Documentos/Sonora Digital Corp Nuevo/01_Core_Platform/03_Agentic_Infrastructure/Databases/Aztrotech_Citas/leads/prospecto_20260807.done.done.done.done.done.done.dup.dup.dup.dup.dup.dup.dup.dup.dup.dup.dup.dup.dup.dup.dup.dup.dup.dup.dup.dup.dup.dup.dup.dup.dup.dup.dup.dup.dup.dup.dup.dup.dup.dup.dup.dup.dup.dup.dup.dup.dup.dup.dup.dup.dup.dup.dup.dup.dup.dup.dup.json'
[INGEST] 0 leads nuevos, 0 duplicados saltados.
[DUP LEAD] prospecto_20260807.done.done.done.done.done.done.dup.dup.dup.dup.dup.dup.dup.dup.dup.dup.dup.dup.dup.dup.dup.dup.dup.dup.dup.dup.dup.dup.dup.dup.dup.dup.dup.dup.dup.dup.dup.dup.dup.dup.dup.dup.dup.dup.dup.dup.dup.dup.dup.dup.dup.dup.dup.dup.dup.dup.json: ya existe cita #4. skip
[LEAD FAIL] prospecto_20260807.done.done.done.done.done.done.dup.dup.dup.dup.dup.dup.dup.dup.dup.dup.dup.dup.dup.dup.dup.dup.dup.dup.dup.dup.dup.dup.dup.dup.dup.dup.dup.dup.dup.dup.dup.dup.dup.dup.dup.dup.dup.dup.dup.dup.dup.dup.dup.dup.dup.dup.dup.dup.dup.dup.json: [Errno 36] File name too long: '/home/mystic/Documentos/Sonora Digital Corp Nuevo/01_Core_Platform/03_Agentic_Infrastructure/Databases/Aztrotech_Citas/leads/prospecto_20260807.done.done.done.done.done.done.dup.dup.dup.dup.dup.dup.dup.dup.dup.dup.dup.dup.dup.dup.dup.dup.dup.dup.dup.dup.dup.dup.dup.dup.dup.dup.dup.dup.dup.dup.dup.dup.dup.dup.dup.dup.dup.dup.dup.dup.dup.dup.dup.dup.dup.dup.dup.dup.dup.dup.json' -> '/home/mystic/Documentos/Sonora Digital Corp Nuevo/01_Core_Platform/03_Agentic_Infrastructure/Databases/Aztrotech_Citas/leads/prospecto_20260807.done.done.done.done.done.done.dup.dup.dup.dup.dup.dup.dup.dup.dup.dup.dup.dup.dup.dup.dup.dup.dup.dup.dup.dup.dup.dup.dup.dup.dup.dup.dup.dup.dup.dup.dup.dup.dup.dup.dup.dup.dup.dup.dup.dup.dup.dup.dup.dup.dup.dup.dup.dup.dup.dup.dup.json'
[INGEST] 0 leads nuevos, 0 duplicados saltados.
[DUP LEAD] prospecto_20260807.done.done.done.done.done.done.dup.dup.dup.dup.dup.dup.dup.dup.dup.dup.dup.dup.dup.dup.dup.dup.dup.dup.dup.dup.dup.dup.dup.dup.dup.dup.dup.dup.dup.dup.dup.dup.dup.dup.dup.dup.dup.dup.dup.dup.dup.dup.dup.dup.dup.dup.dup.dup.dup.dup.json: ya existe cita #4. skip
[LEAD FAIL] prospecto_20260807.done.done.done.done.done.done.dup.dup.dup.dup.dup.dup.dup.dup.dup.dup.dup.dup.dup.dup.dup.dup.dup.dup.dup.dup.dup.dup.dup.dup.dup.dup.dup.dup.dup.dup.dup.dup.dup.dup.dup.dup.dup.dup.dup.dup.dup.dup.dup.dup.dup.dup.dup.dup.dup.dup.json: [Errno 36] File name too long: '/home/mystic/Documentos/Sonora Digital Corp Nuevo/01_Core_Platform/03_Agentic_Infrastructure/Databases/Aztrotech_Citas/leads/prospecto_20260807.done.done.done.done.done.done.dup.dup.dup.dup.dup.dup.dup.dup.dup.dup.dup.dup.dup.dup.dup.dup.dup.dup.dup.dup.dup.dup.dup.dup.dup.dup.dup.dup.dup.dup.dup.dup.dup.dup.dup.dup.dup.dup.dup.dup.dup.dup.dup.dup.dup.dup.dup.dup.dup.dup.json' -> '/home/mystic/Documentos/Sonora Digital Corp Nuevo/01_Core_Platform/03_Agentic_Infrastructure/Databases/Aztrotech_Citas/leads/prospecto_20260807.done.done.done.done.done.done.dup.dup.dup.dup.dup.dup.dup.dup.dup.dup.dup.dup.dup.dup.dup.dup.dup.dup.dup.dup.dup.dup.dup.dup.dup.dup.dup.dup.dup.dup.dup.dup.dup.dup.dup.dup.dup.dup.dup.dup.dup.dup.dup.dup.dup.dup.dup.dup.dup.dup.dup.json'
[INGEST] 0 leads nuevos, 0 duplicados saltados.
[DUP LEAD] prospecto_20260807.done.done.done.done.done.done.dup.dup.dup.dup.dup.dup.dup.dup.dup.dup.dup.dup.dup.dup.dup.dup.dup.dup.dup.dup.dup.dup.dup.dup.dup.dup.dup.dup.dup.dup.dup.dup.dup.dup.dup.dup.dup.dup.dup.dup.dup.dup.dup.dup.dup.dup.dup.dup.dup.dup.json: ya existe cita #4. skip
[LEAD FAIL] prospecto_20260807.done.done.done.done.done.done.dup.dup.dup.dup.dup.dup.dup.dup.dup.dup.dup.dup.dup.dup.dup.dup.dup.dup.dup.dup.dup.dup.dup.dup.dup.dup.dup.dup.dup.dup.dup.dup.dup.dup.dup.dup.dup.dup.dup.dup.dup.dup.dup.dup.dup.dup.dup.dup.dup.dup.json: [Errno 36] File name too long: '/home/mystic/Documentos/Sonora Digital Corp Nuevo/01_Core_Platform/03_Agentic_Infrastructure/Databases/Aztrotech_Citas/leads/prospecto_20260807.done.done.done.done.done.done.dup.dup.dup.dup.dup.dup.dup.dup.dup.dup.dup.dup.dup.dup.dup.dup.dup.dup.dup.dup.dup.dup.dup.dup.dup.dup.dup.dup.dup.dup.dup.dup.dup.dup.dup.dup.dup.dup.dup.dup.dup.dup.dup.dup.dup.dup.dup.dup.dup.dup.json' -> '/home/mystic/Documentos/Sonora Digital Corp Nuevo/01_Core_Platform/03_Agentic_Infrastructure/Databases/Aztrotech_Citas/leads/prospecto_20260807.done.done.done.done.done.done.dup.dup.dup.dup.dup.dup.dup.dup.dup.dup.dup.dup.dup.dup.dup.dup.dup.dup.dup.dup.dup.dup.dup.dup.dup.dup.dup.dup.dup.dup.dup.dup.dup.dup.dup.dup.dup.dup.dup.dup.dup.dup.dup.dup.dup.dup.dup.dup.dup.dup.dup.json'
[INGEST] 0 leads nuevos, 0 duplicados saltados.
[DUP LEAD] prospecto_20260807.done.done.done.done.done.done.dup.dup.dup.dup.dup.dup.dup.dup.dup.dup.dup.dup.dup.dup.dup.dup.dup.dup.dup.dup.dup.dup.dup.dup.dup.dup.dup.dup.dup.dup.dup.dup.dup.dup.dup.dup.dup.dup.dup.dup.dup.dup.dup.dup.dup.dup.dup.dup.dup.dup.json: ya existe cita #4. skip
[LEAD FAIL] prospecto_20260807.done.done.done.done.done.done.dup.dup.dup.dup.dup.dup.dup.dup.dup.dup.dup.dup.dup.dup.dup.dup.dup.dup.dup.dup.dup.dup.dup.dup.dup.dup.dup.dup.dup.dup.dup.dup.dup.dup.dup.dup.dup.dup.dup.dup.dup.dup.dup.dup.dup.dup.dup.dup.dup.dup.json: [Errno 36] File name too long: '/home/mystic/Documentos/Sonora Digital Corp Nuevo/01_Core_Platform/03_Agentic_Infrastructure/Databases/Aztrotech_Citas/leads/prospecto_20260807.done.done.done.done.done.done.dup.dup.dup.dup.dup.dup.dup.dup.dup.dup.dup.dup.dup.dup.dup.dup.dup.dup.dup.dup.dup.dup.dup.dup.dup.dup.dup.dup.dup.dup.dup.dup.dup.dup.dup.dup.dup.dup.dup.dup.dup.dup.dup.dup.dup.dup.dup.dup.dup.dup.json' -> '/home/mystic/Documentos/Sonora Digital Corp Nuevo/01_Core_Platform/03_Agentic_Infrastructure/Databases/Aztrotech_Citas/leads/prospecto_20260807.done.done.done.done.done.done.dup.dup.dup.dup.dup.dup.dup.dup.dup.dup.dup.dup.dup.dup.dup.dup.dup.dup.dup.dup.dup.dup.dup.dup.dup.dup.dup.dup.dup.dup.dup.dup.dup.dup.dup.dup.dup.dup.dup.dup.dup.dup.dup.dup.dup.dup.dup.dup.dup.dup.dup.json'
[INGEST] 0 leads nuevos, 0 duplicados saltados.
[DUP LEAD] prospecto_20260807.done.done.done.done.done.done.dup.dup.dup.dup.dup.dup.dup.dup.dup.dup.dup.dup.dup.dup.dup.dup.dup.dup.dup.dup.dup.dup.dup.dup.dup.dup.dup.dup.dup.dup.dup.dup.dup.dup.dup.dup.dup.dup.dup.dup.dup.dup.dup.dup.dup.dup.dup.dup.dup.dup.json: ya existe cita #4. skip
[LEAD FAIL] prospecto_20260807.done.done.done.done.done.done.dup.dup.dup.dup.dup.dup.dup.dup.dup.dup.dup.dup.dup.dup.dup.dup.dup.dup.dup.dup.dup.dup.dup.dup.dup.dup.dup.dup.dup.dup.dup.dup.dup.dup.dup.dup.dup.dup.dup.dup.dup.dup.dup.dup.dup.dup.dup.dup.dup.dup.json: [Errno 36] File name too long: '/home/mystic/Documentos/Sonora Digital Corp Nuevo/01_Core_Platform/03_Agentic_Infrastructure/Databases/Aztrotech_Citas/leads/prospecto_20260807.done.done.done.done.done.done.dup.dup.dup.dup.dup.dup.dup.dup.dup.dup.dup.dup.dup.dup.dup.dup.dup.dup.dup.dup.dup.dup.dup.dup.dup.dup.dup.dup.dup.dup.dup.dup.dup.dup.dup.dup.dup.dup.dup.dup.dup.dup.dup.dup.dup.dup.dup.dup.dup.dup.json' -> '/home/mystic/Documentos/Sonora Digital Corp Nuevo/01_Core_Platform/03_Agentic_Infrastructure/Databases/Aztrotech_Citas/leads/prospecto_20260807.done.done.done.done.done.done.dup.dup.dup.dup.dup.dup.dup.dup.dup.dup.dup.dup.dup.dup.dup.dup.dup.dup.dup.dup.dup.dup.dup.dup.dup.dup.dup.dup.dup.dup.dup.dup.dup.dup.dup.dup.dup.dup.dup.dup.dup.dup.dup.dup.dup.dup.dup.dup.dup.dup.dup.json'
[INGEST] 0 leads nuevos, 0 duplicados saltados.
[DUP LEAD] prospecto_20260807.done.done.done.done.done.done.dup.dup.dup.dup.dup.dup.dup.dup.dup.dup.dup.dup.dup.dup.dup.dup.dup.dup.dup.dup.dup.dup.dup.dup.dup.dup.dup.dup.dup.dup.dup.dup.dup.dup.dup.dup.dup.dup.dup.dup.dup.dup.dup.dup.dup.dup.dup.dup.dup.dup.json: ya existe cita #4. skip
[LEAD FAIL] prospecto_20260807.done.done.done.done.done.done.dup.dup.dup.dup.dup.dup.dup.dup.dup.dup.dup.dup.dup.dup.dup.dup.dup.dup.dup.dup.dup.dup.dup.dup.dup.dup.dup.dup.dup.dup.dup.dup.dup.dup.dup.dup.dup.dup.dup.dup.dup.dup.dup.dup.dup.dup.dup.dup.dup.dup.json: [Errno 36] File name too long: '/home/mystic/Documentos/Sonora Digital Corp Nuevo/01_Core_Platform/03_Agentic_Infrastructure/Databases/Aztrotech_Citas/leads/prospecto_20260807.done.done.done.done.done.done.dup.dup.dup.dup.dup.dup.dup.dup.dup.dup.dup.dup.dup.dup.dup.dup.dup.dup.dup.dup.dup.dup.dup.dup.dup.dup.dup.dup.dup.dup.dup.dup.dup.dup.dup.dup.dup.dup.dup.dup.dup.dup.dup.dup.dup.dup.dup.dup.dup.dup.json' -> '/home/mystic/Documentos/Sonora Digital Corp Nuevo/01_Core_Platform/03_Agentic_Infrastructure/Databases/Aztrotech_Citas/leads/prospecto_20260807.done.done.done.done.done.done.dup.dup.dup.dup.dup.dup.dup.dup.dup.dup.dup.dup.dup.dup.dup.dup.dup.dup.dup.dup.dup.dup.dup.dup.dup.dup.dup.dup.dup.dup.dup.dup.dup.dup.dup.dup.dup.dup.dup.dup.dup.dup.dup.dup.dup.dup.dup.dup.dup.dup.dup.json'
[INGEST] 0 leads nuevos, 0 duplicados saltados.
[DUP LEAD] prospecto_20260807.done.done.done.done.done.done.dup.dup.dup.dup.dup.dup.dup.dup.dup.dup.dup.dup.dup.dup.dup.dup.dup.dup.dup.dup.dup.dup.dup.dup.dup.dup.dup.dup.dup.dup.dup.dup.dup.dup.dup.dup.dup.dup.dup.dup.dup.dup.dup.dup.dup.dup.dup.dup.dup.dup.json: ya existe cita #4. skip
[LEAD FAIL] prospecto_20260807.done.done.done.done.done.done.dup.dup.dup.dup.dup.dup.dup.dup.dup.dup.dup.dup.dup.dup.dup.dup.dup.dup.dup.dup.dup.dup.dup.dup.dup.dup.dup.dup.dup.dup.dup.dup.dup.dup.dup.dup.dup.dup.dup.dup.dup.dup.dup.dup.dup.dup.dup.dup.dup.dup.json: [Errno 36] File name too long: '/home/mystic/Documentos/Sonora Digital Corp Nuevo/01_Core_Platform/03_Agentic_Infrastructure/Databases/Aztrotech_Citas/leads/prospecto_20260807.done.done.done.done.done.done.dup.dup.dup.dup.dup.dup.dup.dup.dup.dup.dup.dup.dup.dup.dup.dup.dup.dup.dup.dup.dup.dup.dup.dup.dup.dup.dup.dup.dup.dup.dup.dup.dup.dup.dup.dup.dup.dup.dup.dup.dup.dup.dup.dup.dup.dup.dup.dup.dup.dup.json' -> '/home/mystic/Documentos/Sonora Digital Corp Nuevo/01_Core_Platform/03_Agentic_Infrastructure/Databases/Aztrotech_Citas/leads/prospecto_20260807.done.done.done.done.done.done.dup.dup.dup.dup.dup.dup.dup.dup.dup.dup.dup.dup.dup.dup.dup.dup.dup.dup.dup.dup.dup.dup.dup.dup.dup.dup.dup.dup.dup.dup.dup.dup.dup.dup.dup.dup.dup.dup.dup.dup.dup.dup.dup.dup.dup.dup.dup.dup.dup.dup.dup.json'
[INGEST] 0 leads nuevos, 0 duplicados saltados.
[DUP LEAD] prospecto_20260807.done.done.done.done.done.done.dup.dup.dup.dup.dup.dup.dup.dup.dup.dup.dup.dup.dup.dup.dup.dup.dup.dup.dup.dup.dup.dup.dup.dup.dup.dup.dup.dup.dup.dup.dup.dup.dup.dup.dup.dup.dup.dup.dup.dup.dup.dup.dup.dup.dup.dup.dup.dup.dup.dup.json: ya existe cita #4. skip
[LEAD FAIL] prospecto_20260807.done.done.done.done.done.done.dup.dup.dup.dup.dup.dup.dup.dup.dup.dup.dup.dup.dup.dup.dup.dup.dup.dup.dup.dup.dup.dup.dup.dup.dup.dup.dup.dup.dup.dup.dup.dup.dup.dup.dup.dup.dup.dup.dup.dup.dup.dup.dup.dup.dup.dup.dup.dup.dup.dup.json: [Errno 36] File name too long: '/home/mystic/Documentos/Sonora Digital Corp Nuevo/01_Core_Platform/03_Agentic_Infrastructure/Databases/Aztrotech_Citas/leads/prospecto_20260807.done.done.done.done.done.done.dup.dup.dup.dup.dup.dup.dup.dup.dup.dup.dup.dup.dup.dup.dup.dup.dup.dup.dup.dup.dup.dup.dup.dup.dup.dup.dup.dup.dup.dup.dup.dup.dup.dup.dup.dup.dup.dup.dup.dup.dup.dup.dup.dup.dup.dup.dup.dup.dup.dup.json' -> '/home/mystic/Documentos/Sonora Digital Corp Nuevo/01_Core_Platform/03_Agentic_Infrastructure/Databases/Aztrotech_Citas/leads/prospecto_20260807.done.done.done.done.done.done.dup.dup.dup.dup.dup.dup.dup.dup.dup.dup.dup.dup.dup.dup.dup.dup.dup.dup.dup.dup.dup.dup.dup.dup.dup.dup.dup.dup.dup.dup.dup.dup.dup.dup.dup.dup.dup.dup.dup.dup.dup.dup.dup.dup.dup.dup.dup.dup.dup.dup.dup.json'
[INGEST] 0 leads nuevos, 0 duplicados saltados.
[DUP LEAD] prospecto_20260807.done.done.done.done.done.done.dup.dup.dup.dup.dup.dup.dup.dup.dup.dup.dup.dup.dup.dup.dup.dup.dup.dup.dup.dup.dup.dup.dup.dup.dup.dup.dup.dup.dup.dup.dup.dup.dup.dup.dup.dup.dup.dup.dup.dup.dup.dup.dup.dup.dup.dup.dup.dup.dup.dup.json: ya existe cita #4. skip
[LEAD FAIL] prospecto_20260807.done.done.done.done.done.done.dup.dup.dup.dup.dup.dup.dup.dup.dup.dup.dup.dup.dup.dup.dup.dup.dup.dup.dup.dup.dup.dup.dup.dup.dup.dup.dup.dup.dup.dup.dup.dup.dup.dup.dup.dup.dup.dup.dup.dup.dup.dup.dup.dup.dup.dup.dup.dup.dup.dup.json: [Errno 36] File name too long: '/home/mystic/Documentos/Sonora Digital Corp Nuevo/01_Core_Platform/03_Agentic_Infrastructure/Databases/Aztrotech_Citas/leads/prospecto_20260807.done.done.done.done.done.done.dup.dup.dup.dup.dup.dup.dup.dup.dup.dup.dup.dup.dup.dup.dup.dup.dup.dup.dup.dup.dup.dup.dup.dup.dup.dup.dup.dup.dup.dup.dup.dup.dup.dup.dup.dup.dup.dup.dup.dup.dup.dup.dup.dup.dup.dup.dup.dup.dup.dup.json' -> '/home/mystic/Documentos/Sonora Digital Corp Nuevo/01_Core_Platform/03_Agentic_Infrastructure/Databases/Aztrotech_Citas/leads/prospecto_20260807.done.done.done.done.done.done.dup.dup.dup.dup.dup.dup.dup.dup.dup.dup.dup.dup.dup.dup.dup.dup.dup.dup.dup.dup.dup.dup.dup.dup.dup.dup.dup.dup.dup.dup.dup.dup.dup.dup.dup.dup.dup.dup.dup.dup.dup.dup.dup.dup.dup.dup.dup.dup.dup.dup.dup.json'
[INGEST] 0 leads nuevos, 0 duplicados saltados.
[DUP LEAD] prospecto_20260807.done.done.done.done.done.done.dup.dup.dup.dup.dup.dup.dup.dup.dup.dup.dup.dup.dup.dup.dup.dup.dup.dup.dup.dup.dup.dup.dup.dup.dup.dup.dup.dup.dup.dup.dup.dup.dup.dup.dup.dup.dup.dup.dup.dup.dup.dup.dup.dup.dup.dup.dup.dup.dup.dup.json: ya existe cita #4. skip
[LEAD FAIL] prospecto_20260807.done.done.done.done.done.done.dup.dup.dup.dup.dup.dup.dup.dup.dup.dup.dup.dup.dup.dup.dup.dup.dup.dup.dup.dup.dup.dup.dup.dup.dup.dup.dup.dup.dup.dup.dup.dup.dup.dup.dup.dup.dup.dup.dup.dup.dup.dup.dup.dup.dup.dup.dup.dup.dup.dup.json: [Errno 36] File name too long: '/home/mystic/Documentos/Sonora Digital Corp Nuevo/01_Core_Platform/03_Agentic_Infrastructure/Databases/Aztrotech_Citas/leads/prospecto_20260807.done.done.done.done.done.done.dup.dup.dup.dup.dup.dup.dup.dup.dup.dup.dup.dup.dup.dup.dup.dup.dup.dup.dup.dup.dup.dup.dup.dup.dup.dup.dup.dup.dup.dup.dup.dup.dup.dup.dup.dup.dup.dup.dup.dup.dup.dup.dup.dup.dup.dup.dup.dup.dup.dup.json' -> '/home/mystic/Documentos/Sonora Digital Corp Nuevo/01_Core_Platform/03_Agentic_Infrastructure/Databases/Aztrotech_Citas/leads/prospecto_20260807.done.done.done.done.done.done.dup.dup.dup.dup.dup.dup.dup.dup.dup.dup.dup.dup.dup.dup.dup.dup.dup.dup.dup.dup.dup.dup.dup.dup.dup.dup.dup.dup.dup.dup.dup.dup.dup.dup.dup.dup.dup.dup.dup.dup.dup.dup.dup.dup.dup.dup.dup.dup.dup.dup.dup.json'
[INGEST] 0 leads nuevos, 0 duplicados saltados.
[DUP LEAD] prospecto_20260807.done.done.done.done.done.done.dup.dup.dup.dup.dup.dup.dup.dup.dup.dup.dup.dup.dup.dup.dup.dup.dup.dup.dup.dup.dup.dup.dup.dup.dup.dup.dup.dup.dup.dup.dup.dup.dup.dup.dup.dup.dup.dup.dup.dup.dup.dup.dup.dup.dup.dup.dup.dup.dup.dup.json: ya existe cita #4. skip
[LEAD FAIL] prospecto_20260807.done.done.done.done.done.done.dup.dup.dup.dup.dup.dup.dup.dup.dup.dup.dup.dup.dup.dup.dup.dup.dup.dup.dup.dup.dup.dup.dup.dup.dup.dup.dup.dup.dup.dup.dup.dup.dup.dup.dup.dup.dup.dup.dup.dup.dup.dup.dup.dup.dup.dup.dup.dup.dup.dup.json: [Errno 36] File name too long: '/home/mystic/Documentos/Sonora Digital Corp Nuevo/01_Core_Platform/03_Agentic_Infrastructure/Databases/Aztrotech_Citas/leads/prospecto_20260807.done.done.done.done.done.done.dup.dup.dup.dup.dup.dup.dup.dup.dup.dup.dup.dup.dup.dup.dup.dup.dup.dup.dup.dup.dup.dup.dup.dup.dup.dup.dup.dup.dup.dup.dup.dup.dup.dup.dup.dup.dup.dup.dup.dup.dup.dup.dup.dup.dup.dup.dup.dup.dup.dup.json' -> '/home/mystic/Documentos/Sonora Digital Corp Nuevo/01_Core_Platform/03_Agentic_Infrastructure/Databases/Aztrotech_Citas/leads/prospecto_20260807.done.done.done.done.done.done.dup.dup.dup.dup.dup.dup.dup.dup.dup.dup.dup.dup.dup.dup.dup.dup.dup.dup.dup.dup.dup.dup.dup.dup.dup.dup.dup.dup.dup.dup.dup.dup.dup.dup.dup.dup.dup.dup.dup.dup.dup.dup.dup.dup.dup.dup.dup.dup.dup.dup.dup.json'
[INGEST] 0 leads nuevos, 0 duplicados saltados.
[DUP LEAD] prospecto_20260807.done.done.done.done.done.done.dup.dup.dup.dup.dup.dup.dup.dup.dup.dup.dup.dup.dup.dup.dup.dup.dup.dup.dup.dup.dup.dup.dup.dup.dup.dup.dup.dup.dup.dup.dup.dup.dup.dup.dup.dup.dup.dup.dup.dup.dup.dup.dup.dup.dup.dup.dup.dup.dup.dup.json: ya existe cita #4. skip
[LEAD FAIL] prospecto_20260807.done.done.done.done.done.done.dup.dup.dup.dup.dup.dup.dup.dup.dup.dup.dup.dup.dup.dup.dup.dup.dup.dup.dup.dup.dup.dup.dup.dup.dup.dup.dup.dup.dup.dup.dup.dup.dup.dup.dup.dup.dup.dup.dup.dup.dup.dup.dup.dup.dup.dup.dup.dup.dup.dup.json: [Errno 36] File name too long: '/home/mystic/Documentos/Sonora Digital Corp Nuevo/01_Core_Platform/03_Agentic_Infrastructure/Databases/Aztrotech_Citas/leads/prospecto_20260807.done.done.done.done.done.done.dup.dup.dup.dup.dup.dup.dup.dup.dup.dup.dup.dup.dup.dup.dup.dup.dup.dup.dup.dup.dup.dup.dup.dup.dup.dup.dup.dup.dup.dup.dup.dup.dup.dup.dup.dup.dup.dup.dup.dup.dup.dup.dup.dup.dup.dup.dup.dup.dup.dup.json' -> '/home/mystic/Documentos/Sonora Digital Corp Nuevo/01_Core_Platform/03_Agentic_Infrastructure/Databases/Aztrotech_Citas/leads/prospecto_20260807.done.done.done.done.done.done.dup.dup.dup.dup.dup.dup.dup.dup.dup.dup.dup.dup.dup.dup.dup.dup.dup.dup.dup.dup.dup.dup.dup.dup.dup.dup.dup.dup.dup.dup.dup.dup.dup.dup.dup.dup.dup.dup.dup.dup.dup.dup.dup.dup.dup.dup.dup.dup.dup.dup.dup.json'
[INGEST] 0 leads nuevos, 0 duplicados saltados.
[DUP LEAD] prospecto_20260807.done.done.done.done.done.done.dup.dup.dup.dup.dup.dup.dup.dup.dup.dup.dup.dup.dup.dup.dup.dup.dup.dup.dup.dup.dup.dup.dup.dup.dup.dup.dup.dup.dup.dup.dup.dup.dup.dup.dup.dup.dup.dup.dup.dup.dup.dup.dup.dup.dup.dup.dup.dup.dup.dup.json: ya existe cita #4. skip
[LEAD FAIL] prospecto_20260807.done.done.done.done.done.done.dup.dup.dup.dup.dup.dup.dup.dup.dup.dup.dup.dup.dup.dup.dup.dup.dup.dup.dup.dup.dup.dup.dup.dup.dup.dup.dup.dup.dup.dup.dup.dup.dup.dup.dup.dup.dup.dup.dup.dup.dup.dup.dup.dup.dup.dup.dup.dup.dup.dup.json: [Errno 36] File name too long: '/home/mystic/Documentos/Sonora Digital Corp Nuevo/01_Core_Platform/03_Agentic_Infrastructure/Databases/Aztrotech_Citas/leads/prospecto_20260807.done.done.done.done.done.done.dup.dup.dup.dup.dup.dup.dup.dup.dup.dup.dup.dup.dup.dup.dup.dup.dup.dup.dup.dup.dup.dup.dup.dup.dup.dup.dup.dup.dup.dup.dup.dup.dup.dup.dup.dup.dup.dup.dup.dup.dup.dup.dup.dup.dup.dup.dup.dup.dup.dup.json' -> '/home/mystic/Documentos/Sonora Digital Corp Nuevo/01_Core_Platform/03_Agentic_Infrastructure/Databases/Aztrotech_Citas/leads/prospecto_20260807.done.done.done.done.done.done.dup.dup.dup.dup.dup.dup.dup.dup.dup.dup.dup.dup.dup.dup.dup.dup.dup.dup.dup.dup.dup.dup.dup.dup.dup.dup.dup.dup.dup.dup.dup.dup.dup.dup.dup.dup.dup.dup.dup.dup.dup.dup.dup.dup.dup.dup.dup.dup.dup.dup.dup.json'
[INGEST] 0 leads nuevos, 0 duplicados saltados.
[DUP LEAD] prospecto_20260807.done.done.done.done.done.done.dup.dup.dup.dup.dup.dup.dup.dup.dup.dup.dup.dup.dup.dup.dup.dup.dup.dup.dup.dup.dup.dup.dup.dup.dup.dup.dup.dup.dup.dup.dup.dup.dup.dup.dup.dup.dup.dup.dup.dup.dup.dup.dup.dup.dup.dup.dup.dup.dup.dup.json: ya existe cita #4. skip
[LEAD FAIL] prospecto_20260807.done.done.done.done.done.done.dup.dup.dup.dup.dup.dup.dup.dup.dup.dup.dup.dup.dup.dup.dup.dup.dup.dup.dup.dup.dup.dup.dup.dup.dup.dup.dup.dup.dup.dup.dup.dup.dup.dup.dup.dup.dup.dup.dup.dup.dup.dup.dup.dup.dup.dup.dup.dup.dup.dup.json: [Errno 36] File name too long: '/home/mystic/Documentos/Sonora Digital Corp Nuevo/01_Core_Platform/03_Agentic_Infrastructure/Databases/Aztrotech_Citas/leads/prospecto_20260807.done.done.done.done.done.done.dup.dup.dup.dup.dup.dup.dup.dup.dup.dup.dup.dup.dup.dup.dup.dup.dup.dup.dup.dup.dup.dup.dup.dup.dup.dup.dup.dup.dup.dup.dup.dup.dup.dup.dup.dup.dup.dup.dup.dup.dup.dup.dup.dup.dup.dup.dup.dup.dup.dup.json' -> '/home/mystic/Documentos/Sonora Digital Corp Nuevo/01_Core_Platform/03_Agentic_Infrastructure/Databases/Aztrotech_Citas/leads/prospecto_20260807.done.done.done.done.done.done.dup.dup.dup.dup.dup.dup.dup.dup.dup.dup.dup.dup.dup.dup.dup.dup.dup.dup.dup.dup.dup.dup.dup.dup.dup.dup.dup.dup.dup.dup.dup.dup.dup.dup.dup.dup.dup.dup.dup.dup.dup.dup.dup.dup.dup.dup.dup.dup.dup.dup.dup.json'
[INGEST] 0 leads nuevos, 0 duplicados saltados.
[DUP LEAD] prospecto_20260807.done.done.done.done.done.done.dup.dup.dup.dup.dup.dup.dup.dup.dup.dup.dup.dup.dup.dup.dup.dup.dup.dup.dup.dup.dup.dup.dup.dup.dup.dup.dup.dup.dup.dup.dup.dup.dup.dup.dup.dup.dup.dup.dup.dup.dup.dup.dup.dup.dup.dup.dup.dup.dup.dup.json: ya existe cita #4. skip
[LEAD FAIL] prospecto_20260807.done.done.done.done.done.done.dup.dup.dup.dup.dup.dup.dup.dup.dup.dup.dup.dup.dup.dup.dup.dup.dup.dup.dup.dup.dup.dup.dup.dup.dup.dup.dup.dup.dup.dup.dup.dup.dup.dup.dup.dup.dup.dup.dup.dup.dup.dup.dup.dup.dup.dup.dup.dup.dup.dup.json: [Errno 36] File name too long: '/home/mystic/Documentos/Sonora Digital Corp Nuevo/01_Core_Platform/03_Agentic_Infrastructure/Databases/Aztrotech_Citas/leads/prospecto_20260807.done.done.done.done.done.done.dup.dup.dup.dup.dup.dup.dup.dup.dup.dup.dup.dup.dup.dup.dup.dup.dup.dup.dup.dup.dup.dup.dup.dup.dup.dup.dup.dup.dup.dup.dup.dup.dup.dup.dup.dup.dup.dup.dup.dup.dup.dup.dup.dup.dup.dup.dup.dup.dup.dup.json' -> '/home/mystic/Documentos/Sonora Digital Corp Nuevo/01_Core_Platform/03_Agentic_Infrastructure/Databases/Aztrotech_Citas/leads/prospecto_20260807.done.done.done.done.done.done.dup.dup.dup.dup.dup.dup.dup.dup.dup.dup.dup.dup.dup.dup.dup.dup.dup.dup.dup.dup.dup.dup.dup.dup.dup.dup.dup.dup.dup.dup.dup.dup.dup.dup.dup.dup.dup.dup.dup.dup.dup.dup.dup.dup.dup.dup.dup.dup.dup.dup.dup.json'
[INGEST] 0 leads nuevos, 0 duplicados saltados.
[DUP LEAD] prospecto_20260807.done.done.done.done.done.done.dup.dup.dup.dup.dup.dup.dup.dup.dup.dup.dup.dup.dup.dup.dup.dup.dup.dup.dup.dup.dup.dup.dup.dup.dup.dup.dup.dup.dup.dup.dup.dup.dup.dup.dup.dup.dup.dup.dup.dup.dup.dup.dup.dup.dup.dup.dup.dup.dup.dup.json: ya existe cita #4. skip
[LEAD FAIL] prospecto_20260807.done.done.done.done.done.done.dup.dup.dup.dup.dup.dup.dup.dup.dup.dup.dup.dup.dup.dup.dup.dup.dup.dup.dup.dup.dup.dup.dup.dup.dup.dup.dup.dup.dup.dup.dup.dup.dup.dup.dup.dup.dup.dup.dup.dup.dup.dup.dup.dup.dup.dup.dup.dup.dup.dup.json: [Errno 36] File name too long: '/home/mystic/Documentos/Sonora Digital Corp Nuevo/01_Core_Platform/03_Agentic_Infrastructure/Databases/Aztrotech_Citas/leads/prospecto_20260807.done.done.done.done.done.done.dup.dup.dup.dup.dup.dup.dup.dup.dup.dup.dup.dup.dup.dup.dup.dup.dup.dup.dup.dup.dup.dup.dup.dup.dup.dup.dup.dup.dup.dup.dup.dup.dup.dup.dup.dup.dup.dup.dup.dup.dup.dup.dup.dup.dup.dup.dup.dup.dup.dup.json' -> '/home/mystic/Documentos/Sonora Digital Corp Nuevo/01_Core_Platform/03_Agentic_Infrastructure/Databases/Aztrotech_Citas/leads/prospecto_20260807.done.done.done.done.done.done.dup.dup.dup.dup.dup.dup.dup.dup.dup.dup.dup.dup.dup.dup.dup.dup.dup.dup.dup.dup.dup.dup.dup.dup.dup.dup.dup.dup.dup.dup.dup.dup.dup.dup.dup.dup.dup.dup.dup.dup.dup.dup.dup.dup.dup.dup.dup.dup.dup.dup.dup.json'
[INGEST] 0 leads nuevos, 0 duplicados saltados.
[DUP LEAD] prospecto_20260807.done.done.done.done.done.done.dup.dup.dup.dup.dup.dup.dup.dup.dup.dup.dup.dup.dup.dup.dup.dup.dup.dup.dup.dup.dup.dup.dup.dup.dup.dup.dup.dup.dup.dup.dup.dup.dup.dup.dup.dup.dup.dup.dup.dup.dup.dup.dup.dup.dup.dup.dup.dup.dup.dup.json: ya existe cita #4. skip
[LEAD FAIL] prospecto_20260807.done.done.done.done.done.done.dup.dup.dup.dup.dup.dup.dup.dup.dup.dup.dup.dup.dup.dup.dup.dup.dup.dup.dup.dup.dup.dup.dup.dup.dup.dup.dup.dup.dup.dup.dup.dup.dup.dup.dup.dup.dup.dup.dup.dup.dup.dup.dup.dup.dup.dup.dup.dup.dup.dup.json: [Errno 36] File name too long: '/home/mystic/Documentos/Sonora Digital Corp Nuevo/01_Core_Platform/03_Agentic_Infrastructure/Databases/Aztrotech_Citas/leads/prospecto_20260807.done.done.done.done.done.done.dup.dup.dup.dup.dup.dup.dup.dup.dup.dup.dup.dup.dup.dup.dup.dup.dup.dup.dup.dup.dup.dup.dup.dup.dup.dup.dup.dup.dup.dup.dup.dup.dup.dup.dup.dup.dup.dup.dup.dup.dup.dup.dup.dup.dup.dup.dup.dup.dup.dup.json' -> '/home/mystic/Documentos/Sonora Digital Corp Nuevo/01_Core_Platform/03_Agentic_Infrastructure/Databases/Aztrotech_Citas/leads/prospecto_20260807.done.done.done.done.done.done.dup.dup.dup.dup.dup.dup.dup.dup.dup.dup.dup.dup.dup.dup.dup.dup.dup.dup.dup.dup.dup.dup.dup.dup.dup.dup.dup.dup.dup.dup.dup.dup.dup.dup.dup.dup.dup.dup.dup.dup.dup.dup.dup.dup.dup.dup.dup.dup.dup.dup.dup.json'
[INGEST] 0 leads nuevos, 0 duplicados saltados.
[DUP LEAD] prospecto_20260807.done.done.done.done.done.done.dup.dup.dup.dup.dup.dup.dup.dup.dup.dup.dup.dup.dup.dup.dup.dup.dup.dup.dup.dup.dup.dup.dup.dup.dup.dup.dup.dup.dup.dup.dup.dup.dup.dup.dup.dup.dup.dup.dup.dup.dup.dup.dup.dup.dup.dup.dup.dup.dup.dup.json: ya existe cita #4. skip
[LEAD FAIL] prospecto_20260807.done.done.done.done.done.done.dup.dup.dup.dup.dup.dup.dup.dup.dup.dup.dup.dup.dup.dup.dup.dup.dup.dup.dup.dup.dup.dup.dup.dup.dup.dup.dup.dup.dup.dup.dup.dup.dup.dup.dup.dup.dup.dup.dup.dup.dup.dup.dup.dup.dup.dup.dup.dup.dup.dup.json: [Errno 36] File name too long: '/home/mystic/Documentos/Sonora Digital Corp Nuevo/01_Core_Platform/03_Agentic_Infrastructure/Databases/Aztrotech_Citas/leads/prospecto_20260807.done.done.done.done.done.done.dup.dup.dup.dup.dup.dup.dup.dup.dup.dup.dup.dup.dup.dup.dup.dup.dup.dup.dup.dup.dup.dup.dup.dup.dup.dup.dup.dup.dup.dup.dup.dup.dup.dup.dup.dup.dup.dup.dup.dup.dup.dup.dup.dup.dup.dup.dup.dup.dup.dup.json' -> '/home/mystic/Documentos/Sonora Digital Corp Nuevo/01_Core_Platform/03_Agentic_Infrastructure/Databases/Aztrotech_Citas/leads/prospecto_20260807.done.done.done.done.done.done.dup.dup.dup.dup.dup.dup.dup.dup.dup.dup.dup.dup.dup.dup.dup.dup.dup.dup.dup.dup.dup.dup.dup.dup.dup.dup.dup.dup.dup.dup.dup.dup.dup.dup.dup.dup.dup.dup.dup.dup.dup.dup.dup.dup.dup.dup.dup.dup.dup.dup.dup.json'
[INGEST] 0 leads nuevos, 0 duplicados saltados.
[DUP LEAD] prospecto_20260807.done.done.done.done.done.done.dup.dup.dup.dup.dup.dup.dup.dup.dup.dup.dup.dup.dup.dup.dup.dup.dup.dup.dup.dup.dup.dup.dup.dup.dup.dup.dup.dup.dup.dup.dup.dup.dup.dup.dup.dup.dup.dup.dup.dup.dup.dup.dup.dup.dup.dup.dup.dup.dup.dup.json: ya existe cita #4. skip
[LEAD FAIL] prospecto_20260807.done.done.done.done.done.done.dup.dup.dup.dup.dup.dup.dup.dup.dup.dup.dup.dup.dup.dup.dup.dup.dup.dup.dup.dup.dup.dup.dup.dup.dup.dup.dup.dup.dup.dup.dup.dup.dup.dup.dup.dup.dup.dup.dup.dup.dup.dup.dup.dup.dup.dup.dup.dup.dup.dup.json: [Errno 36] File name too long: '/home/mystic/Documentos/Sonora Digital Corp Nuevo/01_Core_Platform/03_Agentic_Infrastructure/Databases/Aztrotech_Citas/leads/prospecto_20260807.done.done.done.done.done.done.dup.dup.dup.dup.dup.dup.dup.dup.dup.dup.dup.dup.dup.dup.dup.dup.dup.dup.dup.dup.dup.dup.dup.dup.dup.dup.dup.dup.dup.dup.dup.dup.dup.dup.dup.dup.dup.dup.dup.dup.dup.dup.dup.dup.dup.dup.dup.dup.dup.dup.json' -> '/home/mystic/Documentos/Sonora Digital Corp Nuevo/01_Core_Platform/03_Agentic_Infrastructure/Databases/Aztrotech_Citas/leads/prospecto_20260807.done.done.done.done.done.done.dup.dup.dup.dup.dup.dup.dup.dup.dup.dup.dup.dup.dup.dup.dup.dup.dup.dup.dup.dup.dup.dup.dup.dup.dup.dup.dup.dup.dup.dup.dup.dup.dup.dup.dup.dup.dup.dup.dup.dup.dup.dup.dup.dup.dup.dup.dup.dup.dup.dup.dup.json'
[INGEST] 0 leads nuevos, 0 duplicados saltados.
[DUP LEAD] prospecto_20260807.done.done.done.done.done.done.dup.dup.dup.dup.dup.dup.dup.dup.dup.dup.dup.dup.dup.dup.dup.dup.dup.dup.dup.dup.dup.dup.dup.dup.dup.dup.dup.dup.dup.dup.dup.dup.dup.dup.dup.dup.dup.dup.dup.dup.dup.dup.dup.dup.dup.dup.dup.dup.dup.dup.json: ya existe cita #4. skip
[LEAD FAIL] prospecto_20260807.done.done.done.done.done.done.dup.dup.dup.dup.dup.dup.dup.dup.dup.dup.dup.dup.dup.dup.dup.dup.dup.dup.dup.dup.dup.dup.dup.dup.dup.dup.dup.dup.dup.dup.dup.dup.dup.dup.dup.dup.dup.dup.dup.dup.dup.dup.dup.dup.dup.dup.dup.dup.dup.dup.json: [Errno 36] File name too long: '/home/mystic/Documentos/Sonora Digital Corp Nuevo/01_Core_Platform/03_Agentic_Infrastructure/Databases/Aztrotech_Citas/leads/prospecto_20260807.done.done.done.done.done.done.dup.dup.dup.dup.dup.dup.dup.dup.dup.dup.dup.dup.dup.dup.dup.dup.dup.dup.dup.dup.dup.dup.dup.dup.dup.dup.dup.dup.dup.dup.dup.dup.dup.dup.dup.dup.dup.dup.dup.dup.dup.dup.dup.dup.dup.dup.dup.dup.dup.dup.json' -> '/home/mystic/Documentos/Sonora Digital Corp Nuevo/01_Core_Platform/03_Agentic_Infrastructure/Databases/Aztrotech_Citas/leads/prospecto_20260807.done.done.done.done.done.done.dup.dup.dup.dup.dup.dup.dup.dup.dup.dup.dup.dup.dup.dup.dup.dup.dup.dup.dup.dup.dup.dup.dup.dup.dup.dup.dup.dup.dup.dup.dup.dup.dup.dup.dup.dup.dup.dup.dup.dup.dup.dup.dup.dup.dup.dup.dup.dup.dup.dup.dup.json'
[INGEST] 0 leads nuevos, 0 duplicados saltados.
[DUP LEAD] prospecto_20260807.done.done.done.done.done.done.dup.dup.dup.dup.dup.dup.dup.dup.dup.dup.dup.dup.dup.dup.dup.dup.dup.dup.dup.dup.dup.dup.dup.dup.dup.dup.dup.dup.dup.dup.dup.dup.dup.dup.dup.dup.dup.dup.dup.dup.dup.dup.dup.dup.dup.dup.dup.dup.dup.dup.json: ya existe cita #4. skip
[LEAD FAIL] prospecto_20260807.done.done.done.done.done.done.dup.dup.dup.dup.dup.dup.dup.dup.dup.dup.dup.dup.dup.dup.dup.dup.dup.dup.dup.dup.dup.dup.dup.dup.dup.dup.dup.dup.dup.dup.dup.dup.dup.dup.dup.dup.dup.dup.dup.dup.dup.dup.dup.dup.dup.dup.dup.dup.dup.dup.json: [Errno 36] File name too long: '/home/mystic/Documentos/Sonora Digital Corp Nuevo/01_Core_Platform/03_Agentic_Infrastructure/Databases/Aztrotech_Citas/leads/prospecto_20260807.done.done.done.done.done.done.dup.dup.dup.dup.dup.dup.dup.dup.dup.dup.dup.dup.dup.dup.dup.dup.dup.dup.dup.dup.dup.dup.dup.dup.dup.dup.dup.dup.dup.dup.dup.dup.dup.dup.dup.dup.dup.dup.dup.dup.dup.dup.dup.dup.dup.dup.dup.dup.dup.dup.json' -> '/home/mystic/Documentos/Sonora Digital Corp Nuevo/01_Core_Platform/03_Agentic_Infrastructure/Databases/Aztrotech_Citas/leads/prospecto_20260807.done.done.done.done.done.done.dup.dup.dup.dup.dup.dup.dup.dup.dup.dup.dup.dup.dup.dup.dup.dup.dup.dup.dup.dup.dup.dup.dup.dup.dup.dup.dup.dup.dup.dup.dup.dup.dup.dup.dup.dup.dup.dup.dup.dup.dup.dup.dup.dup.dup.dup.dup.dup.dup.dup.dup.json'
[INGEST] 0 leads nuevos, 0 duplicados saltados.
[DUP LEAD] prospecto_20260807.done.done.done.done.done.done.dup.dup.dup.dup.dup.dup.dup.dup.dup.dup.dup.dup.dup.dup.dup.dup.dup.dup.dup.dup.dup.dup.dup.dup.dup.dup.dup.dup.dup.dup.dup.dup.dup.dup.dup.dup.dup.dup.dup.dup.dup.dup.dup.dup.dup.dup.dup.dup.dup.dup.json: ya existe cita #4. skip
[LEAD FAIL] prospecto_20260807.done.done.done.done.done.done.dup.dup.dup.dup.dup.dup.dup.dup.dup.dup.dup.dup.dup.dup.dup.dup.dup.dup.dup.dup.dup.dup.dup.dup.dup.dup.dup.dup.dup.dup.dup.dup.dup.dup.dup.dup.dup.dup.dup.dup.dup.dup.dup.dup.dup.dup.dup.dup.dup.dup.json: [Errno 36] File name too long: '/home/mystic/Documentos/Sonora Digital Corp Nuevo/01_Core_Platform/03_Agentic_Infrastructure/Databases/Aztrotech_Citas/leads/prospecto_20260807.done.done.done.done.done.done.dup.dup.dup.dup.dup.dup.dup.dup.dup.dup.dup.dup.dup.dup.dup.dup.dup.dup.dup.dup.dup.dup.dup.dup.dup.dup.dup.dup.dup.dup.dup.dup.dup.dup.dup.dup.dup.dup.dup.dup.dup.dup.dup.dup.dup.dup.dup.dup.dup.dup.json' -> '/home/mystic/Documentos/Sonora Digital Corp Nuevo/01_Core_Platform/03_Agentic_Infrastructure/Databases/Aztrotech_Citas/leads/prospecto_20260807.done.done.done.done.done.done.dup.dup.dup.dup.dup.dup.dup.dup.dup.dup.dup.dup.dup.dup.dup.dup.dup.dup.dup.dup.dup.dup.dup.dup.dup.dup.dup.dup.dup.dup.dup.dup.dup.dup.dup.dup.dup.dup.dup.dup.dup.dup.dup.dup.dup.dup.dup.dup.dup.dup.dup.json'
[INGEST] 0 leads nuevos, 0 duplicados saltados.
[DUP LEAD] prospecto_20260807.done.done.done.done.done.done.dup.dup.dup.dup.dup.dup.dup.dup.dup.dup.dup.dup.dup.dup.dup.dup.dup.dup.dup.dup.dup.dup.dup.dup.dup.dup.dup.dup.dup.dup.dup.dup.dup.dup.dup.dup.dup.dup.dup.dup.dup.dup.dup.dup.dup.dup.dup.dup.dup.dup.json: ya existe cita #4. skip
[LEAD FAIL] prospecto_20260807.done.done.done.done.done.done.dup.dup.dup.dup.dup.dup.dup.dup.dup.dup.dup.dup.dup.dup.dup.dup.dup.dup.dup.dup.dup.dup.dup.dup.dup.dup.dup.dup.dup.dup.dup.dup.dup.dup.dup.dup.dup.dup.dup.dup.dup.dup.dup.dup.dup.dup.dup.dup.dup.dup.json: [Errno 36] File name too long: '/home/mystic/Documentos/Sonora Digital Corp Nuevo/01_Core_Platform/03_Agentic_Infrastructure/Databases/Aztrotech_Citas/leads/prospecto_20260807.done.done.done.done.done.done.dup.dup.dup.dup.dup.dup.dup.dup.dup.dup.dup.dup.dup.dup.dup.dup.dup.dup.dup.dup.dup.dup.dup.dup.dup.dup.dup.dup.dup.dup.dup.dup.dup.dup.dup.dup.dup.dup.dup.dup.dup.dup.dup.dup.dup.dup.dup.dup.dup.dup.json' -> '/home/mystic/Documentos/Sonora Digital Corp Nuevo/01_Core_Platform/03_Agentic_Infrastructure/Databases/Aztrotech_Citas/leads/prospecto_20260807.done.done.done.done.done.done.dup.dup.dup.dup.dup.dup.dup.dup.dup.dup.dup.dup.dup.dup.dup.dup.dup.dup.dup.dup.dup.dup.dup.dup.dup.dup.dup.dup.dup.dup.dup.dup.dup.dup.dup.dup.dup.dup.dup.dup.dup.dup.dup.dup.dup.dup.dup.dup.dup.dup.dup.json'
[INGEST] 0 leads nuevos, 0 duplicados saltados.
[DUP LEAD] prospecto_20260807.done.done.done.done.done.done.dup.dup.dup.dup.dup.dup.dup.dup.dup.dup.dup.dup.dup.dup.dup.dup.dup.dup.dup.dup.dup.dup.dup.dup.dup.dup.dup.dup.dup.dup.dup.dup.dup.dup.dup.dup.dup.dup.dup.dup.dup.dup.dup.dup.dup.dup.dup.dup.dup.dup.json: ya existe cita #4. skip
[LEAD FAIL] prospecto_20260807.done.done.done.done.done.done.dup.dup.dup.dup.dup.dup.dup.dup.dup.dup.dup.dup.dup.dup.dup.dup.dup.dup.dup.dup.dup.dup.dup.dup.dup.dup.dup.dup.dup.dup.dup.dup.dup.dup.dup.dup.dup.dup.dup.dup.dup.dup.dup.dup.dup.dup.dup.dup.dup.dup.json: [Errno 36] File name too long: '/home/mystic/Documentos/Sonora Digital Corp Nuevo/01_Core_Platform/03_Agentic_Infrastructure/Databases/Aztrotech_Citas/leads/prospecto_20260807.done.done.done.done.done.done.dup.dup.dup.dup.dup.dup.dup.dup.dup.dup.dup.dup.dup.dup.dup.dup.dup.dup.dup.dup.dup.dup.dup.dup.dup.dup.dup.dup.dup.dup.dup.dup.dup.dup.dup.dup.dup.dup.dup.dup.dup.dup.dup.dup.dup.dup.dup.dup.dup.dup.json' -> '/home/mystic/Documentos/Sonora Digital Corp Nuevo/01_Core_Platform/03_Agentic_Infrastructure/Databases/Aztrotech_Citas/leads/prospecto_20260807.done.done.done.done.done.done.dup.dup.dup.dup.dup.dup.dup.dup.dup.dup.dup.dup.dup.dup.dup.dup.dup.dup.dup.dup.dup.dup.dup.dup.dup.dup.dup.dup.dup.dup.dup.dup.dup.dup.dup.dup.dup.dup.dup.dup.dup.dup.dup.dup.dup.dup.dup.dup.dup.dup.dup.json'
[INGEST] 0 leads nuevos, 0 duplicados saltados.
[DUP LEAD] prospecto_20260807.done.done.done.done.done.done.dup.dup.dup.dup.dup.dup.dup.dup.dup.dup.dup.dup.dup.dup.dup.dup.dup.dup.dup.dup.dup.dup.dup.dup.dup.dup.dup.dup.dup.dup.dup.dup.dup.dup.dup.dup.dup.dup.dup.dup.dup.dup.dup.dup.dup.dup.dup.dup.dup.dup.json: ya existe cita #4. skip
[LEAD FAIL] prospecto_20260807.done.done.done.done.done.done.dup.dup.dup.dup.dup.dup.dup.dup.dup.dup.dup.dup.dup.dup.dup.dup.dup.dup.dup.dup.dup.dup.dup.dup.dup.dup.dup.dup.dup.dup.dup.dup.dup.dup.dup.dup.dup.dup.dup.dup.dup.dup.dup.dup.dup.dup.dup.dup.dup.dup.json: [Errno 36] File name too long: '/home/mystic/Documentos/Sonora Digital Corp Nuevo/01_Core_Platform/03_Agentic_Infrastructure/Databases/Aztrotech_Citas/leads/prospecto_20260807.done.done.done.done.done.done.dup.dup.dup.dup.dup.dup.dup.dup.dup.dup.dup.dup.dup.dup.dup.dup.dup.dup.dup.dup.dup.dup.dup.dup.dup.dup.dup.dup.dup.dup.dup.dup.dup.dup.dup.dup.dup.dup.dup.dup.dup.dup.dup.dup.dup.dup.dup.dup.dup.dup.json' -> '/home/mystic/Documentos/Sonora Digital Corp Nuevo/01_Core_Platform/03_Agentic_Infrastructure/Databases/Aztrotech_Citas/leads/prospecto_20260807.done.done.done.done.done.done.dup.dup.dup.dup.dup.dup.dup.dup.dup.dup.dup.dup.dup.dup.dup.dup.dup.dup.dup.dup.dup.dup.dup.dup.dup.dup.dup.dup.dup.dup.dup.dup.dup.dup.dup.dup.dup.dup.dup.dup.dup.dup.dup.dup.dup.dup.dup.dup.dup.dup.dup.json'
[INGEST] 0 leads nuevos, 0 duplicados saltados.
[DUP LEAD] prospecto_20260807.done.done.done.done.done.done.dup.dup.dup.dup.dup.dup.dup.dup.dup.dup.dup.dup.dup.dup.dup.dup.dup.dup.dup.dup.dup.dup.dup.dup.dup.dup.dup.dup.dup.dup.dup.dup.dup.dup.dup.dup.dup.dup.dup.dup.dup.dup.dup.dup.dup.dup.dup.dup.dup.dup.json: ya existe cita #4. skip
[LEAD FAIL] prospecto_20260807.done.done.done.done.done.done.dup.dup.dup.dup.dup.dup.dup.dup.dup.dup.dup.dup.dup.dup.dup.dup.dup.dup.dup.dup.dup.dup.dup.dup.dup.dup.dup.dup.dup.dup.dup.dup.dup.dup.dup.dup.dup.dup.dup.dup.dup.dup.dup.dup.dup.dup.dup.dup.dup.dup.json: [Errno 36] File name too long: '/home/mystic/Documentos/Sonora Digital Corp Nuevo/01_Core_Platform/03_Agentic_Infrastructure/Databases/Aztrotech_Citas/leads/prospecto_20260807.done.done.done.done.done.done.dup.dup.dup.dup.dup.dup.dup.dup.dup.dup.dup.dup.dup.dup.dup.dup.dup.dup.dup.dup.dup.dup.dup.dup.dup.dup.dup.dup.dup.dup.dup.dup.dup.dup.dup.dup.dup.dup.dup.dup.dup.dup.dup.dup.dup.dup.dup.dup.dup.dup.json' -> '/home/mystic/Documentos/Sonora Digital Corp Nuevo/01_Core_Platform/03_Agentic_Infrastructure/Databases/Aztrotech_Citas/leads/prospecto_20260807.done.done.done.done.done.done.dup.dup.dup.dup.dup.dup.dup.dup.dup.dup.dup.dup.dup.dup.dup.dup.dup.dup.dup.dup.dup.dup.dup.dup.dup.dup.dup.dup.dup.dup.dup.dup.dup.dup.dup.dup.dup.dup.dup.dup.dup.dup.dup.dup.dup.dup.dup.dup.dup.dup.dup.json'
[INGEST] 0 leads nuevos, 0 duplicados saltados.
[DUP LEAD] prospecto_20260807.done.done.done.done.done.done.dup.dup.dup.dup.dup.dup.dup.dup.dup.dup.dup.dup.dup.dup.dup.dup.dup.dup.dup.dup.dup.dup.dup.dup.dup.dup.dup.dup.dup.dup.dup.dup.dup.dup.dup.dup.dup.dup.dup.dup.dup.dup.dup.dup.dup.dup.dup.dup.dup.dup.json: ya existe cita #4. skip
[LEAD FAIL] prospecto_20260807.done.done.done.done.done.done.dup.dup.dup.dup.dup.dup.dup.dup.dup.dup.dup.dup.dup.dup.dup.dup.dup.dup.dup.dup.dup.dup.dup.dup.dup.dup.dup.dup.dup.dup.dup.dup.dup.dup.dup.dup.dup.dup.dup.dup.dup.dup.dup.dup.dup.dup.dup.dup.dup.dup.json: [Errno 36] File name too long: '/home/mystic/Documentos/Sonora Digital Corp Nuevo/01_Core_Platform/03_Agentic_Infrastructure/Databases/Aztrotech_Citas/leads/prospecto_20260807.done.done.done.done.done.done.dup.dup.dup.dup.dup.dup.dup.dup.dup.dup.dup.dup.dup.dup.dup.dup.dup.dup.dup.dup.dup.dup.dup.dup.dup.dup.dup.dup.dup.dup.dup.dup.dup.dup.dup.dup.dup.dup.dup.dup.dup.dup.dup.dup.dup.dup.dup.dup.dup.dup.json' -> '/home/mystic/Documentos/Sonora Digital Corp Nuevo/01_Core_Platform/03_Agentic_Infrastructure/Databases/Aztrotech_Citas/leads/prospecto_20260807.done.done.done.done.done.done.dup.dup.dup.dup.dup.dup.dup.dup.dup.dup.dup.dup.dup.dup.dup.dup.dup.dup.dup.dup.dup.dup.dup.dup.dup.dup.dup.dup.dup.dup.dup.dup.dup.dup.dup.dup.dup.dup.dup.dup.dup.dup.dup.dup.dup.dup.dup.dup.dup.dup.dup.json'
[INGEST] 0 leads nuevos, 0 duplicados saltados.
[DUP LEAD] prospecto_20260807.done.done.done.done.done.done.dup.dup.dup.dup.dup.dup.dup.dup.dup.dup.dup.dup.dup.dup.dup.dup.dup.dup.dup.dup.dup.dup.dup.dup.dup.dup.dup.dup.dup.dup.dup.dup.dup.dup.dup.dup.dup.dup.dup.dup.dup.dup.dup.dup.dup.dup.dup.dup.dup.dup.json: ya existe cita #4. skip
[LEAD FAIL] prospecto_20260807.done.done.done.done.done.done.dup.dup.dup.dup.dup.dup.dup.dup.dup.dup.dup.dup.dup.dup.dup.dup.dup.dup.dup.dup.dup.dup.dup.dup.dup.dup.dup.dup.dup.dup.dup.dup.dup.dup.dup.dup.dup.dup.dup.dup.dup.dup.dup.dup.dup.dup.dup.dup.dup.dup.json: [Errno 36] File name too long: '/home/mystic/Documentos/Sonora Digital Corp Nuevo/01_Core_Platform/03_Agentic_Infrastructure/Databases/Aztrotech_Citas/leads/prospecto_20260807.done.done.done.done.done.done.dup.dup.dup.dup.dup.dup.dup.dup.dup.dup.dup.dup.dup.dup.dup.dup.dup.dup.dup.dup.dup.dup.dup.dup.dup.dup.dup.dup.dup.dup.dup.dup.dup.dup.dup.dup.dup.dup.dup.dup.dup.dup.dup.dup.dup.dup.dup.dup.dup.dup.json' -> '/home/mystic/Documentos/Sonora Digital Corp Nuevo/01_Core_Platform/03_Agentic_Infrastructure/Databases/Aztrotech_Citas/leads/prospecto_20260807.done.done.done.done.done.done.dup.dup.dup.dup.dup.dup.dup.dup.dup.dup.dup.dup.dup.dup.dup.dup.dup.dup.dup.dup.dup.dup.dup.dup.dup.dup.dup.dup.dup.dup.dup.dup.dup.dup.dup.dup.dup.dup.dup.dup.dup.dup.dup.dup.dup.dup.dup.dup.dup.dup.dup.json'
[INGEST] 0 leads nuevos, 0 duplicados saltados.
[DUP LEAD] prospecto_20260807.done.done.done.done.done.done.dup.dup.dup.dup.dup.dup.dup.dup.dup.dup.dup.dup.dup.dup.dup.dup.dup.dup.dup.dup.dup.dup.dup.dup.dup.dup.dup.dup.dup.dup.dup.dup.dup.dup.dup.dup.dup.dup.dup.dup.dup.dup.dup.dup.dup.dup.dup.dup.dup.dup.json: ya existe cita #4. skip
[LEAD FAIL] prospecto_20260807.done.done.done.done.done.done.dup.dup.dup.dup.dup.dup.dup.dup.dup.dup.dup.dup.dup.dup.dup.dup.dup.dup.dup.dup.dup.dup.dup.dup.dup.dup.dup.dup.dup.dup.dup.dup.dup.dup.dup.dup.dup.dup.dup.dup.dup.dup.dup.dup.dup.dup.dup.dup.dup.dup.json: [Errno 36] File name too long: '/home/mystic/Documentos/Sonora Digital Corp Nuevo/01_Core_Platform/03_Agentic_Infrastructure/Databases/Aztrotech_Citas/leads/prospecto_20260807.done.done.done.done.done.done.dup.dup.dup.dup.dup.dup.dup.dup.dup.dup.dup.dup.dup.dup.dup.dup.dup.dup.dup.dup.dup.dup.dup.dup.dup.dup.dup.dup.dup.dup.dup.dup.dup.dup.dup.dup.dup.dup.dup.dup.dup.dup.dup.dup.dup.dup.dup.dup.dup.dup.json' -> '/home/mystic/Documentos/Sonora Digital Corp Nuevo/01_Core_Platform/03_Agentic_Infrastructure/Databases/Aztrotech_Citas/leads/prospecto_20260807.done.done.done.done.done.done.dup.dup.dup.dup.dup.dup.dup.dup.dup.dup.dup.dup.dup.dup.dup.dup.dup.dup.dup.dup.dup.dup.dup.dup.dup.dup.dup.dup.dup.dup.dup.dup.dup.dup.dup.dup.dup.dup.dup.dup.dup.dup.dup.dup.dup.dup.dup.dup.dup.dup.dup.json'
[INGEST] 0 leads nuevos, 0 duplicados saltados.
[DUP LEAD] prospecto_20260807.done.done.done.done.done.done.dup.dup.dup.dup.dup.dup.dup.dup.dup.dup.dup.dup.dup.dup.dup.dup.dup.dup.dup.dup.dup.dup.dup.dup.dup.dup.dup.dup.dup.dup.dup.dup.dup.dup.dup.dup.dup.dup.dup.dup.dup.dup.dup.dup.dup.dup.dup.dup.dup.dup.json: ya existe cita #4. skip
[LEAD FAIL] prospecto_20260807.done.done.done.done.done.done.dup.dup.dup.dup.dup.dup.dup.dup.dup.dup.dup.dup.dup.dup.dup.dup.dup.dup.dup.dup.dup.dup.dup.dup.dup.dup.dup.dup.dup.dup.dup.dup.dup.dup.dup.dup.dup.dup.dup.dup.dup.dup.dup.dup.dup.dup.dup.dup.dup.dup.json: [Errno 36] File name too long: '/home/mystic/Documentos/Sonora Digital Corp Nuevo/01_Core_Platform/03_Agentic_Infrastructure/Databases/Aztrotech_Citas/leads/prospecto_20260807.done.done.done.done.done.done.dup.dup.dup.dup.dup.dup.dup.dup.dup.dup.dup.dup.dup.dup.dup.dup.dup.dup.dup.dup.dup.dup.dup.dup.dup.dup.dup.dup.dup.dup.dup.dup.dup.dup.dup.dup.dup.dup.dup.dup.dup.dup.dup.dup.dup.dup.dup.dup.dup.dup.json' -> '/home/mystic/Documentos/Sonora Digital Corp Nuevo/01_Core_Platform/03_Agentic_Infrastructure/Databases/Aztrotech_Citas/leads/prospecto_20260807.done.done.done.done.done.done.dup.dup.dup.dup.dup.dup.dup.dup.dup.dup.dup.dup.dup.dup.dup.dup.dup.dup.dup.dup.dup.dup.dup.dup.dup.dup.dup.dup.dup.dup.dup.dup.dup.dup.dup.dup.dup.dup.dup.dup.dup.dup.dup.dup.dup.dup.dup.dup.dup.dup.dup.json'
[INGEST] 0 leads nuevos, 0 duplicados saltados.
[DUP LEAD] prospecto_20260807.done.done.done.done.done.done.dup.dup.dup.dup.dup.dup.dup.dup.dup.dup.dup.dup.dup.dup.dup.dup.dup.dup.dup.dup.dup.dup.dup.dup.dup.dup.dup.dup.dup.dup.dup.dup.dup.dup.dup.dup.dup.dup.dup.dup.dup.dup.dup.dup.dup.dup.dup.dup.dup.dup.json: ya existe cita #4. skip
[LEAD FAIL] prospecto_20260807.done.done.done.done.done.done.dup.dup.dup.dup.dup.dup.dup.dup.dup.dup.dup.dup.dup.dup.dup.dup.dup.dup.dup.dup.dup.dup.dup.dup.dup.dup.dup.dup.dup.dup.dup.dup.dup.dup.dup.dup.dup.dup.dup.dup.dup.dup.dup.dup.dup.dup.dup.dup.dup.dup.json: [Errno 36] File name too long: '/home/mystic/Documentos/Sonora Digital Corp Nuevo/01_Core_Platform/03_Agentic_Infrastructure/Databases/Aztrotech_Citas/leads/prospecto_20260807.done.done.done.done.done.done.dup.dup.dup.dup.dup.dup.dup.dup.dup.dup.dup.dup.dup.dup.dup.dup.dup.dup.dup.dup.dup.dup.dup.dup.dup.dup.dup.dup.dup.dup.dup.dup.dup.dup.dup.dup.dup.dup.dup.dup.dup.dup.dup.dup.dup.dup.dup.dup.dup.dup.json' -> '/home/mystic/Documentos/Sonora Digital Corp Nuevo/01_Core_Platform/03_Agentic_Infrastructure/Databases/Aztrotech_Citas/leads/prospecto_20260807.done.done.done.done.done.done.dup.dup.dup.dup.dup.dup.dup.dup.dup.dup.dup.dup.dup.dup.dup.dup.dup.dup.dup.dup.dup.dup.dup.dup.dup.dup.dup.dup.dup.dup.dup.dup.dup.dup.dup.dup.dup.dup.dup.dup.dup.dup.dup.dup.dup.dup.dup.dup.dup.dup.dup.json'
[INGEST] 0 leads nuevos, 0 duplicados saltados.
[DUP LEAD] prospecto_20260807.done.done.done.done.done.done.dup.dup.dup.dup.dup.dup.dup.dup.dup.dup.dup.dup.dup.dup.dup.dup.dup.dup.dup.dup.dup.dup.dup.dup.dup.dup.dup.dup.dup.dup.dup.dup.dup.dup.dup.dup.dup.dup.dup.dup.dup.dup.dup.dup.dup.dup.dup.dup.dup.dup.json: ya existe cita #4. skip
[LEAD FAIL] prospecto_20260807.done.done.done.done.done.done.dup.dup.dup.dup.dup.dup.dup.dup.dup.dup.dup.dup.dup.dup.dup.dup.dup.dup.dup.dup.dup.dup.dup.dup.dup.dup.dup.dup.dup.dup.dup.dup.dup.dup.dup.dup.dup.dup.dup.dup.dup.dup.dup.dup.dup.dup.dup.dup.dup.dup.json: [Errno 36] File name too long: '/home/mystic/Documentos/Sonora Digital Corp Nuevo/01_Core_Platform/03_Agentic_Infrastructure/Databases/Aztrotech_Citas/leads/prospecto_20260807.done.done.done.done.done.done.dup.dup.dup.dup.dup.dup.dup.dup.dup.dup.dup.dup.dup.dup.dup.dup.dup.dup.dup.dup.dup.dup.dup.dup.dup.dup.dup.dup.dup.dup.dup.dup.dup.dup.dup.dup.dup.dup.dup.dup.dup.dup.dup.dup.dup.dup.dup.dup.dup.dup.json' -> '/home/mystic/Documentos/Sonora Digital Corp Nuevo/01_Core_Platform/03_Agentic_Infrastructure/Databases/Aztrotech_Citas/leads/prospecto_20260807.done.done.done.done.done.done.dup.dup.dup.dup.dup.dup.dup.dup.dup.dup.dup.dup.dup.dup.dup.dup.dup.dup.dup.dup.dup.dup.dup.dup.dup.dup.dup.dup.dup.dup.dup.dup.dup.dup.dup.dup.dup.dup.dup.dup.dup.dup.dup.dup.dup.dup.dup.dup.dup.dup.dup.json'
[INGEST] 0 leads nuevos, 0 duplicados saltados.
[DUP LEAD] prospecto_20260807.done.done.done.done.done.done.dup.dup.dup.dup.dup.dup.dup.dup.dup.dup.dup.dup.dup.dup.dup.dup.dup.dup.dup.dup.dup.dup.dup.dup.dup.dup.dup.dup.dup.dup.dup.dup.dup.dup.dup.dup.dup.dup.dup.dup.dup.dup.dup.dup.dup.dup.dup.dup.dup.dup.json: ya existe cita #4. skip
[LEAD FAIL] prospecto_20260807.done.done.done.done.done.done.dup.dup.dup.dup.dup.dup.dup.dup.dup.dup.dup.dup.dup.dup.dup.dup.dup.dup.dup.dup.dup.dup.dup.dup.dup.dup.dup.dup.dup.dup.dup.dup.dup.dup.dup.dup.dup.dup.dup.dup.dup.dup.dup.dup.dup.dup.dup.dup.dup.dup.json: [Errno 36] File name too long: '/home/mystic/Documentos/Sonora Digital Corp Nuevo/01_Core_Platform/03_Agentic_Infrastructure/Databases/Aztrotech_Citas/leads/prospecto_20260807.done.done.done.done.done.done.dup.dup.dup.dup.dup.dup.dup.dup.dup.dup.dup.dup.dup.dup.dup.dup.dup.dup.dup.dup.dup.dup.dup.dup.dup.dup.dup.dup.dup.dup.dup.dup.dup.dup.dup.dup.dup.dup.dup.dup.dup.dup.dup.dup.dup.dup.dup.dup.dup.dup.json' -> '/home/mystic/Documentos/Sonora Digital Corp Nuevo/01_Core_Platform/03_Agentic_Infrastructure/Databases/Aztrotech_Citas/leads/prospecto_20260807.done.done.done.done.done.done.dup.dup.dup.dup.dup.dup.dup.dup.dup.dup.dup.dup.dup.dup.dup.dup.dup.dup.dup.dup.dup.dup.dup.dup.dup.dup.dup.dup.dup.dup.dup.dup.dup.dup.dup.dup.dup.dup.dup.dup.dup.dup.dup.dup.dup.dup.dup.dup.dup.dup.dup.json'
[INGEST] 0 leads nuevos, 0 duplicados saltados.
[DUP LEAD] prospecto_20260807.done.done.done.done.done.done.dup.dup.dup.dup.dup.dup.dup.dup.dup.dup.dup.dup.dup.dup.dup.dup.dup.dup.dup.dup.dup.dup.dup.dup.dup.dup.dup.dup.dup.dup.dup.dup.dup.dup.dup.dup.dup.dup.dup.dup.dup.dup.dup.dup.dup.dup.dup.dup.dup.dup.json: ya existe cita #4. skip
[LEAD FAIL] prospecto_20260807.done.done.done.done.done.done.dup.dup.dup.dup.dup.dup.dup.dup.dup.dup.dup.dup.dup.dup.dup.dup.dup.dup.dup.dup.dup.dup.dup.dup.dup.dup.dup.dup.dup.dup.dup.dup.dup.dup.dup.dup.dup.dup.dup.dup.dup.dup.dup.dup.dup.dup.dup.dup.dup.dup.json: [Errno 36] File name too long: '/home/mystic/Documentos/Sonora Digital Corp Nuevo/01_Core_Platform/03_Agentic_Infrastructure/Databases/Aztrotech_Citas/leads/prospecto_20260807.done.done.done.done.done.done.dup.dup.dup.dup.dup.dup.dup.dup.dup.dup.dup.dup.dup.dup.dup.dup.dup.dup.dup.dup.dup.dup.dup.dup.dup.dup.dup.dup.dup.dup.dup.dup.dup.dup.dup.dup.dup.dup.dup.dup.dup.dup.dup.dup.dup.dup.dup.dup.dup.dup.json' -> '/home/mystic/Documentos/Sonora Digital Corp Nuevo/01_Core_Platform/03_Agentic_Infrastructure/Databases/Aztrotech_Citas/leads/prospecto_20260807.done.done.done.done.done.done.dup.dup.dup.dup.dup.dup.dup.dup.dup.dup.dup.dup.dup.dup.dup.dup.dup.dup.dup.dup.dup.dup.dup.dup.dup.dup.dup.dup.dup.dup.dup.dup.dup.dup.dup.dup.dup.dup.dup.dup.dup.dup.dup.dup.dup.dup.dup.dup.dup.dup.dup.json'
[INGEST] 0 leads nuevos, 0 duplicados saltados.
[DUP LEAD] prospecto_20260807.done.done.done.done.done.done.dup.dup.dup.dup.dup.dup.dup.dup.dup.dup.dup.dup.dup.dup.dup.dup.dup.dup.dup.dup.dup.dup.dup.dup.dup.dup.dup.dup.dup.dup.dup.dup.dup.dup.dup.dup.dup.dup.dup.dup.dup.dup.dup.dup.dup.dup.dup.dup.dup.dup.json: ya existe cita #4. skip
[LEAD FAIL] prospecto_20260807.done.done.done.done.done.done.dup.dup.dup.dup.dup.dup.dup.dup.dup.dup.dup.dup.dup.dup.dup.dup.dup.dup.dup.dup.dup.dup.dup.dup.dup.dup.dup.dup.dup.dup.dup.dup.dup.dup.dup.dup.dup.dup.dup.dup.dup.dup.dup.dup.dup.dup.dup.dup.dup.dup.json: [Errno 36] File name too long: '/home/mystic/Documentos/Sonora Digital Corp Nuevo/01_Core_Platform/03_Agentic_Infrastructure/Databases/Aztrotech_Citas/leads/prospecto_20260807.done.done.done.done.done.done.dup.dup.dup.dup.dup.dup.dup.dup.dup.dup.dup.dup.dup.dup.dup.dup.dup.dup.dup.dup.dup.dup.dup.dup.dup.dup.dup.dup.dup.dup.dup.dup.dup.dup.dup.dup.dup.dup.dup.dup.dup.dup.dup.dup.dup.dup.dup.dup.dup.dup.json' -> '/home/mystic/Documentos/Sonora Digital Corp Nuevo/01_Core_Platform/03_Agentic_Infrastructure/Databases/Aztrotech_Citas/leads/prospecto_20260807.done.done.done.done.done.done.dup.dup.dup.dup.dup.dup.dup.dup.dup.dup.dup.dup.dup.dup.dup.dup.dup.dup.dup.dup.dup.dup.dup.dup.dup.dup.dup.dup.dup.dup.dup.dup.dup.dup.dup.dup.dup.dup.dup.dup.dup.dup.dup.dup.dup.dup.dup.dup.dup.dup.dup.json'
[INGEST] 0 leads nuevos, 0 duplicados saltados.
[DUP LEAD] prospecto_20260807.done.done.done.done.done.done.dup.dup.dup.dup.dup.dup.dup.dup.dup.dup.dup.dup.dup.dup.dup.dup.dup.dup.dup.dup.dup.dup.dup.dup.dup.dup.dup.dup.dup.dup.dup.dup.dup.dup.dup.dup.dup.dup.dup.dup.dup.dup.dup.dup.dup.dup.dup.dup.dup.dup.json: ya existe cita #4. skip
[LEAD FAIL] prospecto_20260807.done.done.done.done.done.done.dup.dup.dup.dup.dup.dup.dup.dup.dup.dup.dup.dup.dup.dup.dup.dup.dup.dup.dup.dup.dup.dup.dup.dup.dup.dup.dup.dup.dup.dup.dup.dup.dup.dup.dup.dup.dup.dup.dup.dup.dup.dup.dup.dup.dup.dup.dup.dup.dup.dup.json: [Errno 36] File name too long: '/home/mystic/Documentos/Sonora Digital Corp Nuevo/01_Core_Platform/03_Agentic_Infrastructure/Databases/Aztrotech_Citas/leads/prospecto_20260807.done.done.done.done.done.done.dup.dup.dup.dup.dup.dup.dup.dup.dup.dup.dup.dup.dup.dup.dup.dup.dup.dup.dup.dup.dup.dup.dup.dup.dup.dup.dup.dup.dup.dup.dup.dup.dup.dup.dup.dup.dup.dup.dup.dup.dup.dup.dup.dup.dup.dup.dup.dup.dup.dup.json' -> '/home/mystic/Documentos/Sonora Digital Corp Nuevo/01_Core_Platform/03_Agentic_Infrastructure/Databases/Aztrotech_Citas/leads/prospecto_20260807.done.done.done.done.done.done.dup.dup.dup.dup.dup.dup.dup.dup.dup.dup.dup.dup.dup.dup.dup.dup.dup.dup.dup.dup.dup.dup.dup.dup.dup.dup.dup.dup.dup.dup.dup.dup.dup.dup.dup.dup.dup.dup.dup.dup.dup.dup.dup.dup.dup.dup.dup.dup.dup.dup.dup.json'
[INGEST] 0 leads nuevos, 0 duplicados saltados.
[DUP LEAD] prospecto_20260807.done.done.done.done.done.done.dup.dup.dup.dup.dup.dup.dup.dup.dup.dup.dup.dup.dup.dup.dup.dup.dup.dup.dup.dup.dup.dup.dup.dup.dup.dup.dup.dup.dup.dup.dup.dup.dup.dup.dup.dup.dup.dup.dup.dup.dup.dup.dup.dup.dup.dup.dup.dup.dup.dup.json: ya existe cita #4. skip
[LEAD FAIL] prospecto_20260807.done.done.done.done.done.done.dup.dup.dup.dup.dup.dup.dup.dup.dup.dup.dup.dup.dup.dup.dup.dup.dup.dup.dup.dup.dup.dup.dup.dup.dup.dup.dup.dup.dup.dup.dup.dup.dup.dup.dup.dup.dup.dup.dup.dup.dup.dup.dup.dup.dup.dup.dup.dup.dup.dup.json: [Errno 36] File name too long: '/home/mystic/Documentos/Sonora Digital Corp Nuevo/01_Core_Platform/03_Agentic_Infrastructure/Databases/Aztrotech_Citas/leads/prospecto_20260807.done.done.done.done.done.done.dup.dup.dup.dup.dup.dup.dup.dup.dup.dup.dup.dup.dup.dup.dup.dup.dup.dup.dup.dup.dup.dup.dup.dup.dup.dup.dup.dup.dup.dup.dup.dup.dup.dup.dup.dup.dup.dup.dup.dup.dup.dup.dup.dup.dup.dup.dup.dup.dup.dup.json' -> '/home/mystic/Documentos/Sonora Digital Corp Nuevo/01_Core_Platform/03_Agentic_Infrastructure/Databases/Aztrotech_Citas/leads/prospecto_20260807.done.done.done.done.done.done.dup.dup.dup.dup.dup.dup.dup.dup.dup.dup.dup.dup.dup.dup.dup.dup.dup.dup.dup.dup.dup.dup.dup.dup.dup.dup.dup.dup.dup.dup.dup.dup.dup.dup.dup.dup.dup.dup.dup.dup.dup.dup.dup.dup.dup.dup.dup.dup.dup.dup.dup.json'
[INGEST] 0 leads nuevos, 0 duplicados saltados.
[DUP LEAD] prospecto_20260807.done.done.done.done.done.done.dup.dup.dup.dup.dup.dup.dup.dup.dup.dup.dup.dup.dup.dup.dup.dup.dup.dup.dup.dup.dup.dup.dup.dup.dup.dup.dup.dup.dup.dup.dup.dup.dup.dup.dup.dup.dup.dup.dup.dup.dup.dup.dup.dup.dup.dup.dup.dup.dup.dup.json: ya existe cita #4. skip
[LEAD FAIL] prospecto_20260807.done.done.done.done.done.done.dup.dup.dup.dup.dup.dup.dup.dup.dup.dup.dup.dup.dup.dup.dup.dup.dup.dup.dup.dup.dup.dup.dup.dup.dup.dup.dup.dup.dup.dup.dup.dup.dup.dup.dup.dup.dup.dup.dup.dup.dup.dup.dup.dup.dup.dup.dup.dup.dup.dup.json: [Errno 36] File name too long: '/home/mystic/Documentos/Sonora Digital Corp Nuevo/01_Core_Platform/03_Agentic_Infrastructure/Databases/Aztrotech_Citas/leads/prospecto_20260807.done.done.done.done.done.done.dup.dup.dup.dup.dup.dup.dup.dup.dup.dup.dup.dup.dup.dup.dup.dup.dup.dup.dup.dup.dup.dup.dup.dup.dup.dup.dup.dup.dup.dup.dup.dup.dup.dup.dup.dup.dup.dup.dup.dup.dup.dup.dup.dup.dup.dup.dup.dup.dup.dup.json' -> '/home/mystic/Documentos/Sonora Digital Corp Nuevo/01_Core_Platform/03_Agentic_Infrastructure/Databases/Aztrotech_Citas/leads/prospecto_20260807.done.done.done.done.done.done.dup.dup.dup.dup.dup.dup.dup.dup.dup.dup.dup.dup.dup.dup.dup.dup.dup.dup.dup.dup.dup.dup.dup.dup.dup.dup.dup.dup.dup.dup.dup.dup.dup.dup.dup.dup.dup.dup.dup.dup.dup.dup.dup.dup.dup.dup.dup.dup.dup.dup.dup.json'
[INGEST] 0 leads nuevos, 0 duplicados saltados.
[DUP LEAD] prospecto_20260807.done.done.done.done.done.done.dup.dup.dup.dup.dup.dup.dup.dup.dup.dup.dup.dup.dup.dup.dup.dup.dup.dup.dup.dup.dup.dup.dup.dup.dup.dup.dup.dup.dup.dup.dup.dup.dup.dup.dup.dup.dup.dup.dup.dup.dup.dup.dup.dup.dup.dup.dup.dup.dup.dup.json: ya existe cita #4. skip
[LEAD FAIL] prospecto_20260807.done.done.done.done.done.done.dup.dup.dup.dup.dup.dup.dup.dup.dup.dup.dup.dup.dup.dup.dup.dup.dup.dup.dup.dup.dup.dup.dup.dup.dup.dup.dup.dup.dup.dup.dup.dup.dup.dup.dup.dup.dup.dup.dup.dup.dup.dup.dup.dup.dup.dup.dup.dup.dup.dup.json: [Errno 36] File name too long: '/home/mystic/Documentos/Sonora Digital Corp Nuevo/01_Core_Platform/03_Agentic_Infrastructure/Databases/Aztrotech_Citas/leads/prospecto_20260807.done.done.done.done.done.done.dup.dup.dup.dup.dup.dup.dup.dup.dup.dup.dup.dup.dup.dup.dup.dup.dup.dup.dup.dup.dup.dup.dup.dup.dup.dup.dup.dup.dup.dup.dup.dup.dup.dup.dup.dup.dup.dup.dup.dup.dup.dup.dup.dup.dup.dup.dup.dup.dup.dup.json' -> '/home/mystic/Documentos/Sonora Digital Corp Nuevo/01_Core_Platform/03_Agentic_Infrastructure/Databases/Aztrotech_Citas/leads/prospecto_20260807.done.done.done.done.done.done.dup.dup.dup.dup.dup.dup.dup.dup.dup.dup.dup.dup.dup.dup.dup.dup.dup.dup.dup.dup.dup.dup.dup.dup.dup.dup.dup.dup.dup.dup.dup.dup.dup.dup.dup.dup.dup.dup.dup.dup.dup.dup.dup.dup.dup.dup.dup.dup.dup.dup.dup.json'
[INGEST] 0 leads nuevos, 0 duplicados saltados.
[DUP LEAD] prospecto_20260807.done.done.done.done.done.done.dup.dup.dup.dup.dup.dup.dup.dup.dup.dup.dup.dup.dup.dup.dup.dup.dup.dup.dup.dup.dup.dup.dup.dup.dup.dup.dup.dup.dup.dup.dup.dup.dup.dup.dup.dup.dup.dup.dup.dup.dup.dup.dup.dup.dup.dup.dup.dup.dup.dup.json: ya existe cita #4. skip
[LEAD FAIL] prospecto_20260807.done.done.done.done.done.done.dup.dup.dup.dup.dup.dup.dup.dup.dup.dup.dup.dup.dup.dup.dup.dup.dup.dup.dup.dup.dup.dup.dup.dup.dup.dup.dup.dup.dup.dup.dup.dup.dup.dup.dup.dup.dup.dup.dup.dup.dup.dup.dup.dup.dup.dup.dup.dup.dup.dup.json: [Errno 36] File name too long: '/home/mystic/Documentos/Sonora Digital Corp Nuevo/01_Core_Platform/03_Agentic_Infrastructure/Databases/Aztrotech_Citas/leads/prospecto_20260807.done.done.done.done.done.done.dup.dup.dup.dup.dup.dup.dup.dup.dup.dup.dup.dup.dup.dup.dup.dup.dup.dup.dup.dup.dup.dup.dup.dup.dup.dup.dup.dup.dup.dup.dup.dup.dup.dup.dup.dup.dup.dup.dup.dup.dup.dup.dup.dup.dup.dup.dup.dup.dup.dup.json' -> '/home/mystic/Documentos/Sonora Digital Corp Nuevo/01_Core_Platform/03_Agentic_Infrastructure/Databases/Aztrotech_Citas/leads/prospecto_20260807.done.done.done.done.done.done.dup.dup.dup.dup.dup.dup.dup.dup.dup.dup.dup.dup.dup.dup.dup.dup.dup.dup.dup.dup.dup.dup.dup.dup.dup.dup.dup.dup.dup.dup.dup.dup.dup.dup.dup.dup.dup.dup.dup.dup.dup.dup.dup.dup.dup.dup.dup.dup.dup.dup.dup.json'
[INGEST] 0 leads nuevos, 0 duplicados saltados.
[DUP LEAD] prospecto_20260807.done.done.done.done.done.done.dup.dup.dup.dup.dup.dup.dup.dup.dup.dup.dup.dup.dup.dup.dup.dup.dup.dup.dup.dup.dup.dup.dup.dup.dup.dup.dup.dup.dup.dup.dup.dup.dup.dup.dup.dup.dup.dup.dup.dup.dup.dup.dup.dup.dup.dup.dup.dup.dup.dup.json: ya existe cita #4. skip
[LEAD FAIL] prospecto_20260807.done.done.done.done.done.done.dup.dup.dup.dup.dup.dup.dup.dup.dup.dup.dup.dup.dup.dup.dup.dup.dup.dup.dup.dup.dup.dup.dup.dup.dup.dup.dup.dup.dup.dup.dup.dup.dup.dup.dup.dup.dup.dup.dup.dup.dup.dup.dup.dup.dup.dup.dup.dup.dup.dup.json: [Errno 36] File name too long: '/home/mystic/Documentos/Sonora Digital Corp Nuevo/01_Core_Platform/03_Agentic_Infrastructure/Databases/Aztrotech_Citas/leads/prospecto_20260807.done.done.done.done.done.done.dup.dup.dup.dup.dup.dup.dup.dup.dup.dup.dup.dup.dup.dup.dup.dup.dup.dup.dup.dup.dup.dup.dup.dup.dup.dup.dup.dup.dup.dup.dup.dup.dup.dup.dup.dup.dup.dup.dup.dup.dup.dup.dup.dup.dup.dup.dup.dup.dup.dup.json' -> '/home/mystic/Documentos/Sonora Digital Corp Nuevo/01_Core_Platform/03_Agentic_Infrastructure/Databases/Aztrotech_Citas/leads/prospecto_20260807.done.done.done.done.done.done.dup.dup.dup.dup.dup.dup.dup.dup.dup.dup.dup.dup.dup.dup.dup.dup.dup.dup.dup.dup.dup.dup.dup.dup.dup.dup.dup.dup.dup.dup.dup.dup.dup.dup.dup.dup.dup.dup.dup.dup.dup.dup.dup.dup.dup.dup.dup.dup.dup.dup.dup.json'
[INGEST] 0 leads nuevos, 0 duplicados saltados.
[DUP LEAD] prospecto_20260807.done.done.done.done.done.done.dup.dup.dup.dup.dup.dup.dup.dup.dup.dup.dup.dup.dup.dup.dup.dup.dup.dup.dup.dup.dup.dup.dup.dup.dup.dup.dup.dup.dup.dup.dup.dup.dup.dup.dup.dup.dup.dup.dup.dup.dup.dup.dup.dup.dup.dup.dup.dup.dup.dup.json: ya existe cita #4. skip
[LEAD FAIL] prospecto_20260807.done.done.done.done.done.done.dup.dup.dup.dup.dup.dup.dup.dup.dup.dup.dup.dup.dup.dup.dup.dup.dup.dup.dup.dup.dup.dup.dup.dup.dup.dup.dup.dup.dup.dup.dup.dup.dup.dup.dup.dup.dup.dup.dup.dup.dup.dup.dup.dup.dup.dup.dup.dup.dup.dup.json: [Errno 36] File name too long: '/home/mystic/Documentos/Sonora Digital Corp Nuevo/01_Core_Platform/03_Agentic_Infrastructure/Databases/Aztrotech_Citas/leads/prospecto_20260807.done.done.done.done.done.done.dup.dup.dup.dup.dup.dup.dup.dup.dup.dup.dup.dup.dup.dup.dup.dup.dup.dup.dup.dup.dup.dup.dup.dup.dup.dup.dup.dup.dup.dup.dup.dup.dup.dup.dup.dup.dup.dup.dup.dup.dup.dup.dup.dup.dup.dup.dup.dup.dup.dup.json' -> '/home/mystic/Documentos/Sonora Digital Corp Nuevo/01_Core_Platform/03_Agentic_Infrastructure/Databases/Aztrotech_Citas/leads/prospecto_20260807.done.done.done.done.done.done.dup.dup.dup.dup.dup.dup.dup.dup.dup.dup.dup.dup.dup.dup.dup.dup.dup.dup.dup.dup.dup.dup.dup.dup.dup.dup.dup.dup.dup.dup.dup.dup.dup.dup.dup.dup.dup.dup.dup.dup.dup.dup.dup.dup.dup.dup.dup.dup.dup.dup.dup.json'
[INGEST] 0 leads nuevos, 0 duplicados saltados.
[DUP LEAD] prospecto_20260807.done.done.done.done.done.done.dup.dup.dup.dup.dup.dup.dup.dup.dup.dup.dup.dup.dup.dup.dup.dup.dup.dup.dup.dup.dup.dup.dup.dup.dup.dup.dup.dup.dup.dup.dup.dup.dup.dup.dup.dup.dup.dup.dup.dup.dup.dup.dup.dup.dup.dup.dup.dup.dup.dup.json: ya existe cita #4. skip
[LEAD FAIL] prospecto_20260807.done.done.done.done.done.done.dup.dup.dup.dup.dup.dup.dup.dup.dup.dup.dup.dup.dup.dup.dup.dup.dup.dup.dup.dup.dup.dup.dup.dup.dup.dup.dup.dup.dup.dup.dup.dup.dup.dup.dup.dup.dup.dup.dup.dup.dup.dup.dup.dup.dup.dup.dup.dup.dup.dup.json: [Errno 36] File name too long: '/home/mystic/Documentos/Sonora Digital Corp Nuevo/01_Core_Platform/03_Agentic_Infrastructure/Databases/Aztrotech_Citas/leads/prospecto_20260807.done.done.done.done.done.done.dup.dup.dup.dup.dup.dup.dup.dup.dup.dup.dup.dup.dup.dup.dup.dup.dup.dup.dup.dup.dup.dup.dup.dup.dup.dup.dup.dup.dup.dup.dup.dup.dup.dup.dup.dup.dup.dup.dup.dup.dup.dup.dup.dup.dup.dup.dup.dup.dup.dup.json' -> '/home/mystic/Documentos/Sonora Digital Corp Nuevo/01_Core_Platform/03_Agentic_Infrastructure/Databases/Aztrotech_Citas/leads/prospecto_20260807.done.done.done.done.done.done.dup.dup.dup.dup.dup.dup.dup.dup.dup.dup.dup.dup.dup.dup.dup.dup.dup.dup.dup.dup.dup.dup.dup.dup.dup.dup.dup.dup.dup.dup.dup.dup.dup.dup.dup.dup.dup.dup.dup.dup.dup.dup.dup.dup.dup.dup.dup.dup.dup.dup.dup.json'
[INGEST] 0 leads nuevos, 0 duplicados saltados.
[DUP LEAD] prospecto_20260807.done.done.done.done.done.done.dup.dup.dup.dup.dup.dup.dup.dup.dup.dup.dup.dup.dup.dup.dup.dup.dup.dup.dup.dup.dup.dup.dup.dup.dup.dup.dup.dup.dup.dup.dup.dup.dup.dup.dup.dup.dup.dup.dup.dup.dup.dup.dup.dup.dup.dup.dup.dup.dup.dup.json: ya existe cita #4. skip
[LEAD FAIL] prospecto_20260807.done.done.done.done.done.done.dup.dup.dup.dup.dup.dup.dup.dup.dup.dup.dup.dup.dup.dup.dup.dup.dup.dup.dup.dup.dup.dup.dup.dup.dup.dup.dup.dup.dup.dup.dup.dup.dup.dup.dup.dup.dup.dup.dup.dup.dup.dup.dup.dup.dup.dup.dup.dup.dup.dup.json: [Errno 36] File name too long: '/home/mystic/Documentos/Sonora Digital Corp Nuevo/01_Core_Platform/03_Agentic_Infrastructure/Databases/Aztrotech_Citas/leads/prospecto_20260807.done.done.done.done.done.done.dup.dup.dup.dup.dup.dup.dup.dup.dup.dup.dup.dup.dup.dup.dup.dup.dup.dup.dup.dup.dup.dup.dup.dup.dup.dup.dup.dup.dup.dup.dup.dup.dup.dup.dup.dup.dup.dup.dup.dup.dup.dup.dup.dup.dup.dup.dup.dup.dup.dup.json' -> '/home/mystic/Documentos/Sonora Digital Corp Nuevo/01_Core_Platform/03_Agentic_Infrastructure/Databases/Aztrotech_Citas/leads/prospecto_20260807.done.done.done.done.done.done.dup.dup.dup.dup.dup.dup.dup.dup.dup.dup.dup.dup.dup.dup.dup.dup.dup.dup.dup.dup.dup.dup.dup.dup.dup.dup.dup.dup.dup.dup.dup.dup.dup.dup.dup.dup.dup.dup.dup.dup.dup.dup.dup.dup.dup.dup.dup.dup.dup.dup.dup.json'
[INGEST] 0 leads nuevos, 0 duplicados saltados.
[DUP LEAD] prospecto_20260807.done.done.done.done.done.done.dup.dup.dup.dup.dup.dup.dup.dup.dup.dup.dup.dup.dup.dup.dup.dup.dup.dup.dup.dup.dup.dup.dup.dup.dup.dup.dup.dup.dup.dup.dup.dup.dup.dup.dup.dup.dup.dup.dup.dup.dup.dup.dup.dup.dup.dup.dup.dup.dup.dup.json: ya existe cita #4. skip
[LEAD FAIL] prospecto_20260807.done.done.done.done.done.done.dup.dup.dup.dup.dup.dup.dup.dup.dup.dup.dup.dup.dup.dup.dup.dup.dup.dup.dup.dup.dup.dup.dup.dup.dup.dup.dup.dup.dup.dup.dup.dup.dup.dup.dup.dup.dup.dup.dup.dup.dup.dup.dup.dup.dup.dup.dup.dup.dup.dup.json: [Errno 36] File name too long: '/home/mystic/Documentos/Sonora Digital Corp Nuevo/01_Core_Platform/03_Agentic_Infrastructure/Databases/Aztrotech_Citas/leads/prospecto_20260807.done.done.done.done.done.done.dup.dup.dup.dup.dup.dup.dup.dup.dup.dup.dup.dup.dup.dup.dup.dup.dup.dup.dup.dup.dup.dup.dup.dup.dup.dup.dup.dup.dup.dup.dup.dup.dup.dup.dup.dup.dup.dup.dup.dup.dup.dup.dup.dup.dup.dup.dup.dup.dup.dup.json' -> '/home/mystic/Documentos/Sonora Digital Corp Nuevo/01_Core_Platform/03_Agentic_Infrastructure/Databases/Aztrotech_Citas/leads/prospecto_20260807.done.done.done.done.done.done.dup.dup.dup.dup.dup.dup.dup.dup.dup.dup.dup.dup.dup.dup.dup.dup.dup.dup.dup.dup.dup.dup.dup.dup.dup.dup.dup.dup.dup.dup.dup.dup.dup.dup.dup.dup.dup.dup.dup.dup.dup.dup.dup.dup.dup.dup.dup.dup.dup.dup.dup.json'
[INGEST] 0 leads nuevos, 0 duplicados saltados.
[DUP LEAD] prospecto_20260807.done.done.done.done.done.done.dup.dup.dup.dup.dup.dup.dup.dup.dup.dup.dup.dup.dup.dup.dup.dup.dup.dup.dup.dup.dup.dup.dup.dup.dup.dup.dup.dup.dup.dup.dup.dup.dup.dup.dup.dup.dup.dup.dup.dup.dup.dup.dup.dup.dup.dup.dup.dup.dup.dup.json: ya existe cita #4. skip
[LEAD FAIL] prospecto_20260807.done.done.done.done.done.done.dup.dup.dup.dup.dup.dup.dup.dup.dup.dup.dup.dup.dup.dup.dup.dup.dup.dup.dup.dup.dup.dup.dup.dup.dup.dup.dup.dup.dup.dup.dup.dup.dup.dup.dup.dup.dup.dup.dup.dup.dup.dup.dup.dup.dup.dup.dup.dup.dup.dup.json: [Errno 36] File name too long: '/home/mystic/Documentos/Sonora Digital Corp Nuevo/01_Core_Platform/03_Agentic_Infrastructure/Databases/Aztrotech_Citas/leads/prospecto_20260807.done.done.done.done.done.done.dup.dup.dup.dup.dup.dup.dup.dup.dup.dup.dup.dup.dup.dup.dup.dup.dup.dup.dup.dup.dup.dup.dup.dup.dup.dup.dup.dup.dup.dup.dup.dup.dup.dup.dup.dup.dup.dup.dup.dup.dup.dup.dup.dup.dup.dup.dup.dup.dup.dup.json' -> '/home/mystic/Documentos/Sonora Digital Corp Nuevo/01_Core_Platform/03_Agentic_Infrastructure/Databases/Aztrotech_Citas/leads/prospecto_20260807.done.done.done.done.done.done.dup.dup.dup.dup.dup.dup.dup.dup.dup.dup.dup.dup.dup.dup.dup.dup.dup.dup.dup.dup.dup.dup.dup.dup.dup.dup.dup.dup.dup.dup.dup.dup.dup.dup.dup.dup.dup.dup.dup.dup.dup.dup.dup.dup.dup.dup.dup.dup.dup.dup.dup.json'
[INGEST] 0 leads nuevos, 0 duplicados saltados.
[DUP LEAD] prospecto_20260807.done.done.done.done.done.done.dup.dup.dup.dup.dup.dup.dup.dup.dup.dup.dup.dup.dup.dup.dup.dup.dup.dup.dup.dup.dup.dup.dup.dup.dup.dup.dup.dup.dup.dup.dup.dup.dup.dup.dup.dup.dup.dup.dup.dup.dup.dup.dup.dup.dup.dup.dup.dup.dup.dup.json: ya existe cita #4. skip
[LEAD FAIL] prospecto_20260807.done.done.done.done.done.done.dup.dup.dup.dup.dup.dup.dup.dup.dup.dup.dup.dup.dup.dup.dup.dup.dup.dup.dup.dup.dup.dup.dup.dup.dup.dup.dup.dup.dup.dup.dup.dup.dup.dup.dup.dup.dup.dup.dup.dup.dup.dup.dup.dup.dup.dup.dup.dup.dup.dup.json: [Errno 36] File name too long: '/home/mystic/Documentos/Sonora Digital Corp Nuevo/01_Core_Platform/03_Agentic_Infrastructure/Databases/Aztrotech_Citas/leads/prospecto_20260807.done.done.done.done.done.done.dup.dup.dup.dup.dup.dup.dup.dup.dup.dup.dup.dup.dup.dup.dup.dup.dup.dup.dup.dup.dup.dup.dup.dup.dup.dup.dup.dup.dup.dup.dup.dup.dup.dup.dup.dup.dup.dup.dup.dup.dup.dup.dup.dup.dup.dup.dup.dup.dup.dup.json' -> '/home/mystic/Documentos/Sonora Digital Corp Nuevo/01_Core_Platform/03_Agentic_Infrastructure/Databases/Aztrotech_Citas/leads/prospecto_20260807.done.done.done.done.done.done.dup.dup.dup.dup.dup.dup.dup.dup.dup.dup.dup.dup.dup.dup.dup.dup.dup.dup.dup.dup.dup.dup.dup.dup.dup.dup.dup.dup.dup.dup.dup.dup.dup.dup.dup.dup.dup.dup.dup.dup.dup.dup.dup.dup.dup.dup.dup.dup.dup.dup.dup.json'
[INGEST] 0 leads nuevos, 0 duplicados saltados.
[DUP LEAD] prospecto_20260807.done.done.done.done.done.done.dup.dup.dup.dup.dup.dup.dup.dup.dup.dup.dup.dup.dup.dup.dup.dup.dup.dup.dup.dup.dup.dup.dup.dup.dup.dup.dup.dup.dup.dup.dup.dup.dup.dup.dup.dup.dup.dup.dup.dup.dup.dup.dup.dup.dup.dup.dup.dup.dup.dup.json: ya existe cita #4. skip
[LEAD FAIL] prospecto_20260807.done.done.done.done.done.done.dup.dup.dup.dup.dup.dup.dup.dup.dup.dup.dup.dup.dup.dup.dup.dup.dup.dup.dup.dup.dup.dup.dup.dup.dup.dup.dup.dup.dup.dup.dup.dup.dup.dup.dup.dup.dup.dup.dup.dup.dup.dup.dup.dup.dup.dup.dup.dup.dup.dup.json: [Errno 36] File name too long: '/home/mystic/Documentos/Sonora Digital Corp Nuevo/01_Core_Platform/03_Agentic_Infrastructure/Databases/Aztrotech_Citas/leads/prospecto_20260807.done.done.done.done.done.done.dup.dup.dup.dup.dup.dup.dup.dup.dup.dup.dup.dup.dup.dup.dup.dup.dup.dup.dup.dup.dup.dup.dup.dup.dup.dup.dup.dup.dup.dup.dup.dup.dup.dup.dup.dup.dup.dup.dup.dup.dup.dup.dup.dup.dup.dup.dup.dup.dup.dup.json' -> '/home/mystic/Documentos/Sonora Digital Corp Nuevo/01_Core_Platform/03_Agentic_Infrastructure/Databases/Aztrotech_Citas/leads/prospecto_20260807.done.done.done.done.done.done.dup.dup.dup.dup.dup.dup.dup.dup.dup.dup.dup.dup.dup.dup.dup.dup.dup.dup.dup.dup.dup.dup.dup.dup.dup.dup.dup.dup.dup.dup.dup.dup.dup.dup.dup.dup.dup.dup.dup.dup.dup.dup.dup.dup.dup.dup.dup.dup.dup.dup.dup.json'
[INGEST] 0 leads nuevos, 0 duplicados saltados.
[DUP LEAD] prospecto_20260807.done.done.done.done.done.done.dup.dup.dup.dup.dup.dup.dup.dup.dup.dup.dup.dup.dup.dup.dup.dup.dup.dup.dup.dup.dup.dup.dup.dup.dup.dup.dup.dup.dup.dup.dup.dup.dup.dup.dup.dup.dup.dup.dup.dup.dup.dup.dup.dup.dup.dup.dup.dup.dup.dup.json: ya existe cita #4. skip
[LEAD FAIL] prospecto_20260807.done.done.done.done.done.done.dup.dup.dup.dup.dup.dup.dup.dup.dup.dup.dup.dup.dup.dup.dup.dup.dup.dup.dup.dup.dup.dup.dup.dup.dup.dup.dup.dup.dup.dup.dup.dup.dup.dup.dup.dup.dup.dup.dup.dup.dup.dup.dup.dup.dup.dup.dup.dup.dup.dup.json: [Errno 36] File name too long: '/home/mystic/Documentos/Sonora Digital Corp Nuevo/01_Core_Platform/03_Agentic_Infrastructure/Databases/Aztrotech_Citas/leads/prospecto_20260807.done.done.done.done.done.done.dup.dup.dup.dup.dup.dup.dup.dup.dup.dup.dup.dup.dup.dup.dup.dup.dup.dup.dup.dup.dup.dup.dup.dup.dup.dup.dup.dup.dup.dup.dup.dup.dup.dup.dup.dup.dup.dup.dup.dup.dup.dup.dup.dup.dup.dup.dup.dup.dup.dup.json' -> '/home/mystic/Documentos/Sonora Digital Corp Nuevo/01_Core_Platform/03_Agentic_Infrastructure/Databases/Aztrotech_Citas/leads/prospecto_20260807.done.done.done.done.done.done.dup.dup.dup.dup.dup.dup.dup.dup.dup.dup.dup.dup.dup.dup.dup.dup.dup.dup.dup.dup.dup.dup.dup.dup.dup.dup.dup.dup.dup.dup.dup.dup.dup.dup.dup.dup.dup.dup.dup.dup.dup.dup.dup.dup.dup.dup.dup.dup.dup.dup.dup.json'
[INGEST] 0 leads nuevos, 0 duplicados saltados.
[DUP LEAD] prospecto_20260807.done.done.done.done.done.done.dup.dup.dup.dup.dup.dup.dup.dup.dup.dup.dup.dup.dup.dup.dup.dup.dup.dup.dup.dup.dup.dup.dup.dup.dup.dup.dup.dup.dup.dup.dup.dup.dup.dup.dup.dup.dup.dup.dup.dup.dup.dup.dup.dup.dup.dup.dup.dup.dup.dup.json: ya existe cita #4. skip
[LEAD FAIL] prospecto_20260807.done.done.done.done.done.done.dup.dup.dup.dup.dup.dup.dup.dup.dup.dup.dup.dup.dup.dup.dup.dup.dup.dup.dup.dup.dup.dup.dup.dup.dup.dup.dup.dup.dup.dup.dup.dup.dup.dup.dup.dup.dup.dup.dup.dup.dup.dup.dup.dup.dup.dup.dup.dup.dup.dup.json: [Errno 36] File name too long: '/home/mystic/Documentos/Sonora Digital Corp Nuevo/01_Core_Platform/03_Agentic_Infrastructure/Databases/Aztrotech_Citas/leads/prospecto_20260807.done.done.done.done.done.done.dup.dup.dup.dup.dup.dup.dup.dup.dup.dup.dup.dup.dup.dup.dup.dup.dup.dup.dup.dup.dup.dup.dup.dup.dup.dup.dup.dup.dup.dup.dup.dup.dup.dup.dup.dup.dup.dup.dup.dup.dup.dup.dup.dup.dup.dup.dup.dup.dup.dup.json' -> '/home/mystic/Documentos/Sonora Digital Corp Nuevo/01_Core_Platform/03_Agentic_Infrastructure/Databases/Aztrotech_Citas/leads/prospecto_20260807.done.done.done.done.done.done.dup.dup.dup.dup.dup.dup.dup.dup.dup.dup.dup.dup.dup.dup.dup.dup.dup.dup.dup.dup.dup.dup.dup.dup.dup.dup.dup.dup.dup.dup.dup.dup.dup.dup.dup.dup.dup.dup.dup.dup.dup.dup.dup.dup.dup.dup.dup.dup.dup.dup.dup.json'
[INGEST] 0 leads nuevos, 0 duplicados saltados.
[DUP LEAD] prospecto_20260807.done.done.done.done.done.done.dup.dup.dup.dup.dup.dup.dup.dup.dup.dup.dup.dup.dup.dup.dup.dup.dup.dup.dup.dup.dup.dup.dup.dup.dup.dup.dup.dup.dup.dup.dup.dup.dup.dup.dup.dup.dup.dup.dup.dup.dup.dup.dup.dup.dup.dup.dup.dup.dup.dup.json: ya existe cita #4. skip
[LEAD FAIL] prospecto_20260807.done.done.done.done.done.done.dup.dup.dup.dup.dup.dup.dup.dup.dup.dup.dup.dup.dup.dup.dup.dup.dup.dup.dup.dup.dup.dup.dup.dup.dup.dup.dup.dup.dup.dup.dup.dup.dup.dup.dup.dup.dup.dup.dup.dup.dup.dup.dup.dup.dup.dup.dup.dup.dup.dup.json: [Errno 36] File name too long: '/home/mystic/Documentos/Sonora Digital Corp Nuevo/01_Core_Platform/03_Agentic_Infrastructure/Databases/Aztrotech_Citas/leads/prospecto_20260807.done.done.done.done.done.done.dup.dup.dup.dup.dup.dup.dup.dup.dup.dup.dup.dup.dup.dup.dup.dup.dup.dup.dup.dup.dup.dup.dup.dup.dup.dup.dup.dup.dup.dup.dup.dup.dup.dup.dup.dup.dup.dup.dup.dup.dup.dup.dup.dup.dup.dup.dup.dup.dup.dup.json' -> '/home/mystic/Documentos/Sonora Digital Corp Nuevo/01_Core_Platform/03_Agentic_Infrastructure/Databases/Aztrotech_Citas/leads/prospecto_20260807.done.done.done.done.done.done.dup.dup.dup.dup.dup.dup.dup.dup.dup.dup.dup.dup.dup.dup.dup.dup.dup.dup.dup.dup.dup.dup.dup.dup.dup.dup.dup.dup.dup.dup.dup.dup.dup.dup.dup.dup.dup.dup.dup.dup.dup.dup.dup.dup.dup.dup.dup.dup.dup.dup.dup.json'
[INGEST] 0 leads nuevos, 0 duplicados saltados.
[DUP LEAD] prospecto_20260807.done.done.done.done.done.done.dup.dup.dup.dup.dup.dup.dup.dup.dup.dup.dup.dup.dup.dup.dup.dup.dup.dup.dup.dup.dup.dup.dup.dup.dup.dup.dup.dup.dup.dup.dup.dup.dup.dup.dup.dup.dup.dup.dup.dup.dup.dup.dup.dup.dup.dup.dup.dup.dup.dup.json: ya existe cita #4. skip
[LEAD FAIL] prospecto_20260807.done.done.done.done.done.done.dup.dup.dup.dup.dup.dup.dup.dup.dup.dup.dup.dup.dup.dup.dup.dup.dup.dup.dup.dup.dup.dup.dup.dup.dup.dup.dup.dup.dup.dup.dup.dup.dup.dup.dup.dup.dup.dup.dup.dup.dup.dup.dup.dup.dup.dup.dup.dup.dup.dup.json: [Errno 36] File name too long: '/home/mystic/Documentos/Sonora Digital Corp Nuevo/01_Core_Platform/03_Agentic_Infrastructure/Databases/Aztrotech_Citas/leads/prospecto_20260807.done.done.done.done.done.done.dup.dup.dup.dup.dup.dup.dup.dup.dup.dup.dup.dup.dup.dup.dup.dup.dup.dup.dup.dup.dup.dup.dup.dup.dup.dup.dup.dup.dup.dup.dup.dup.dup.dup.dup.dup.dup.dup.dup.dup.dup.dup.dup.dup.dup.dup.dup.dup.dup.dup.json' -> '/home/mystic/Documentos/Sonora Digital Corp Nuevo/01_Core_Platform/03_Agentic_Infrastructure/Databases/Aztrotech_Citas/leads/prospecto_20260807.done.done.done.done.done.done.dup.dup.dup.dup.dup.dup.dup.dup.dup.dup.dup.dup.dup.dup.dup.dup.dup.dup.dup.dup.dup.dup.dup.dup.dup.dup.dup.dup.dup.dup.dup.dup.dup.dup.dup.dup.dup.dup.dup.dup.dup.dup.dup.dup.dup.dup.dup.dup.dup.dup.dup.json'
[INGEST] 0 leads nuevos, 0 duplicados saltados.
[DUP LEAD] prospecto_20260807.done.done.done.done.done.done.dup.dup.dup.dup.dup.dup.dup.dup.dup.dup.dup.dup.dup.dup.dup.dup.dup.dup.dup.dup.dup.dup.dup.dup.dup.dup.dup.dup.dup.dup.dup.dup.dup.dup.dup.dup.dup.dup.dup.dup.dup.dup.dup.dup.dup.dup.dup.dup.dup.dup.json: ya existe cita #4. skip
[LEAD FAIL] prospecto_20260807.done.done.done.done.done.done.dup.dup.dup.dup.dup.dup.dup.dup.dup.dup.dup.dup.dup.dup.dup.dup.dup.dup.dup.dup.dup.dup.dup.dup.dup.dup.dup.dup.dup.dup.dup.dup.dup.dup.dup.dup.dup.dup.dup.dup.dup.dup.dup.dup.dup.dup.dup.dup.dup.dup.json: [Errno 36] File name too long: '/home/mystic/Documentos/Sonora Digital Corp Nuevo/01_Core_Platform/03_Agentic_Infrastructure/Databases/Aztrotech_Citas/leads/prospecto_20260807.done.done.done.done.done.done.dup.dup.dup.dup.dup.dup.dup.dup.dup.dup.dup.dup.dup.dup.dup.dup.dup.dup.dup.dup.dup.dup.dup.dup.dup.dup.dup.dup.dup.dup.dup.dup.dup.dup.dup.dup.dup.dup.dup.dup.dup.dup.dup.dup.dup.dup.dup.dup.dup.dup.json' -> '/home/mystic/Documentos/Sonora Digital Corp Nuevo/01_Core_Platform/03_Agentic_Infrastructure/Databases/Aztrotech_Citas/leads/prospecto_20260807.done.done.done.done.done.done.dup.dup.dup.dup.dup.dup.dup.dup.dup.dup.dup.dup.dup.dup.dup.dup.dup.dup.dup.dup.dup.dup.dup.dup.dup.dup.dup.dup.dup.dup.dup.dup.dup.dup.dup.dup.dup.dup.dup.dup.dup.dup.dup.dup.dup.dup.dup.dup.dup.dup.dup.json'
[INGEST] 0 leads nuevos, 0 duplicados saltados.
[DUP LEAD] prospecto_20260807.done.done.done.done.done.done.dup.dup.dup.dup.dup.dup.dup.dup.dup.dup.dup.dup.dup.dup.dup.dup.dup.dup.dup.dup.dup.dup.dup.dup.dup.dup.dup.dup.dup.dup.dup.dup.dup.dup.dup.dup.dup.dup.dup.dup.dup.dup.dup.dup.dup.dup.dup.dup.dup.dup.json: ya existe cita #4. skip
[LEAD FAIL] prospecto_20260807.done.done.done.done.done.done.dup.dup.dup.dup.dup.dup.dup.dup.dup.dup.dup.dup.dup.dup.dup.dup.dup.dup.dup.dup.dup.dup.dup.dup.dup.dup.dup.dup.dup.dup.dup.dup.dup.dup.dup.dup.dup.dup.dup.dup.dup.dup.dup.dup.dup.dup.dup.dup.dup.dup.json: [Errno 36] File name too long: '/home/mystic/Documentos/Sonora Digital Corp Nuevo/01_Core_Platform/03_Agentic_Infrastructure/Databases/Aztrotech_Citas/leads/prospecto_20260807.done.done.done.done.done.done.dup.dup.dup.dup.dup.dup.dup.dup.dup.dup.dup.dup.dup.dup.dup.dup.dup.dup.dup.dup.dup.dup.dup.dup.dup.dup.dup.dup.dup.dup.dup.dup.dup.dup.dup.dup.dup.dup.dup.dup.dup.dup.dup.dup.dup.dup.dup.dup.dup.dup.json' -> '/home/mystic/Documentos/Sonora Digital Corp Nuevo/01_Core_Platform/03_Agentic_Infrastructure/Databases/Aztrotech_Citas/leads/prospecto_20260807.done.done.done.done.done.done.dup.dup.dup.dup.dup.dup.dup.dup.dup.dup.dup.dup.dup.dup.dup.dup.dup.dup.dup.dup.dup.dup.dup.dup.dup.dup.dup.dup.dup.dup.dup.dup.dup.dup.dup.dup.dup.dup.dup.dup.dup.dup.dup.dup.dup.dup.dup.dup.dup.dup.dup.json'
[INGEST] 0 leads nuevos, 0 duplicados saltados.
[DUP LEAD] prospecto_20260807.done.done.done.done.done.done.dup.dup.dup.dup.dup.dup.dup.dup.dup.dup.dup.dup.dup.dup.dup.dup.dup.dup.dup.dup.dup.dup.dup.dup.dup.dup.dup.dup.dup.dup.dup.dup.dup.dup.dup.dup.dup.dup.dup.dup.dup.dup.dup.dup.dup.dup.dup.dup.dup.dup.json: ya existe cita #4. skip
[LEAD FAIL] prospecto_20260807.done.done.done.done.done.done.dup.dup.dup.dup.dup.dup.dup.dup.dup.dup.dup.dup.dup.dup.dup.dup.dup.dup.dup.dup.dup.dup.dup.dup.dup.dup.dup.dup.dup.dup.dup.dup.dup.dup.dup.dup.dup.dup.dup.dup.dup.dup.dup.dup.dup.dup.dup.dup.dup.dup.json: [Errno 36] File name too long: '/home/mystic/Documentos/Sonora Digital Corp Nuevo/01_Core_Platform/03_Agentic_Infrastructure/Databases/Aztrotech_Citas/leads/prospecto_20260807.done.done.done.done.done.done.dup.dup.dup.dup.dup.dup.dup.dup.dup.dup.dup.dup.dup.dup.dup.dup.dup.dup.dup.dup.dup.dup.dup.dup.dup.dup.dup.dup.dup.dup.dup.dup.dup.dup.dup.dup.dup.dup.dup.dup.dup.dup.dup.dup.dup.dup.dup.dup.dup.dup.json' -> '/home/mystic/Documentos/Sonora Digital Corp Nuevo/01_Core_Platform/03_Agentic_Infrastructure/Databases/Aztrotech_Citas/leads/prospecto_20260807.done.done.done.done.done.done.dup.dup.dup.dup.dup.dup.dup.dup.dup.dup.dup.dup.dup.dup.dup.dup.dup.dup.dup.dup.dup.dup.dup.dup.dup.dup.dup.dup.dup.dup.dup.dup.dup.dup.dup.dup.dup.dup.dup.dup.dup.dup.dup.dup.dup.dup.dup.dup.dup.dup.dup.json'
[INGEST] 0 leads nuevos, 0 duplicados saltados.
[DUP LEAD] prospecto_20260807.done.done.done.done.done.done.dup.dup.dup.dup.dup.dup.dup.dup.dup.dup.dup.dup.dup.dup.dup.dup.dup.dup.dup.dup.dup.dup.dup.dup.dup.dup.dup.dup.dup.dup.dup.dup.dup.dup.dup.dup.dup.dup.dup.dup.dup.dup.dup.dup.dup.dup.dup.dup.dup.dup.json: ya existe cita #4. skip
[LEAD FAIL] prospecto_20260807.done.done.done.done.done.done.dup.dup.dup.dup.dup.dup.dup.dup.dup.dup.dup.dup.dup.dup.dup.dup.dup.dup.dup.dup.dup.dup.dup.dup.dup.dup.dup.dup.dup.dup.dup.dup.dup.dup.dup.dup.dup.dup.dup.dup.dup.dup.dup.dup.dup.dup.dup.dup.dup.dup.json: [Errno 36] File name too long: '/home/mystic/Documentos/Sonora Digital Corp Nuevo/01_Core_Platform/03_Agentic_Infrastructure/Databases/Aztrotech_Citas/leads/prospecto_20260807.done.done.done.done.done.done.dup.dup.dup.dup.dup.dup.dup.dup.dup.dup.dup.dup.dup.dup.dup.dup.dup.dup.dup.dup.dup.dup.dup.dup.dup.dup.dup.dup.dup.dup.dup.dup.dup.dup.dup.dup.dup.dup.dup.dup.dup.dup.dup.dup.dup.dup.dup.dup.dup.dup.json' -> '/home/mystic/Documentos/Sonora Digital Corp Nuevo/01_Core_Platform/03_Agentic_Infrastructure/Databases/Aztrotech_Citas/leads/prospecto_20260807.done.done.done.done.done.done.dup.dup.dup.dup.dup.dup.dup.dup.dup.dup.dup.dup.dup.dup.dup.dup.dup.dup.dup.dup.dup.dup.dup.dup.dup.dup.dup.dup.dup.dup.dup.dup.dup.dup.dup.dup.dup.dup.dup.dup.dup.dup.dup.dup.dup.dup.dup.dup.dup.dup.dup.json'
[INGEST] 0 leads nuevos, 0 duplicados saltados.
[DUP LEAD] prospecto_20260807.done.done.done.done.done.done.dup.dup.dup.dup.dup.dup.dup.dup.dup.dup.dup.dup.dup.dup.dup.dup.dup.dup.dup.dup.dup.dup.dup.dup.dup.dup.dup.dup.dup.dup.dup.dup.dup.dup.dup.dup.dup.dup.dup.dup.dup.dup.dup.dup.dup.dup.dup.dup.dup.dup.json: ya existe cita #4. skip
[LEAD FAIL] prospecto_20260807.done.done.done.done.done.done.dup.dup.dup.dup.dup.dup.dup.dup.dup.dup.dup.dup.dup.dup.dup.dup.dup.dup.dup.dup.dup.dup.dup.dup.dup.dup.dup.dup.dup.dup.dup.dup.dup.dup.dup.dup.dup.dup.dup.dup.dup.dup.dup.dup.dup.dup.dup.dup.dup.dup.json: [Errno 36] File name too long: '/home/mystic/Documentos/Sonora Digital Corp Nuevo/01_Core_Platform/03_Agentic_Infrastructure/Databases/Aztrotech_Citas/leads/prospecto_20260807.done.done.done.done.done.done.dup.dup.dup.dup.dup.dup.dup.dup.dup.dup.dup.dup.dup.dup.dup.dup.dup.dup.dup.dup.dup.dup.dup.dup.dup.dup.dup.dup.dup.dup.dup.dup.dup.dup.dup.dup.dup.dup.dup.dup.dup.dup.dup.dup.dup.dup.dup.dup.dup.dup.json' -> '/home/mystic/Documentos/Sonora Digital Corp Nuevo/01_Core_Platform/03_Agentic_Infrastructure/Databases/Aztrotech_Citas/leads/prospecto_20260807.done.done.done.done.done.done.dup.dup.dup.dup.dup.dup.dup.dup.dup.dup.dup.dup.dup.dup.dup.dup.dup.dup.dup.dup.dup.dup.dup.dup.dup.dup.dup.dup.dup.dup.dup.dup.dup.dup.dup.dup.dup.dup.dup.dup.dup.dup.dup.dup.dup.dup.dup.dup.dup.dup.dup.json'
[INGEST] 0 leads nuevos, 0 duplicados saltados.
[DUP LEAD] prospecto_20260807.done.done.done.done.done.done.dup.dup.dup.dup.dup.dup.dup.dup.dup.dup.dup.dup.dup.dup.dup.dup.dup.dup.dup.dup.dup.dup.dup.dup.dup.dup.dup.dup.dup.dup.dup.dup.dup.dup.dup.dup.dup.dup.dup.dup.dup.dup.dup.dup.dup.dup.dup.dup.dup.dup.json: ya existe cita #4. skip
[LEAD FAIL] prospecto_20260807.done.done.done.done.done.done.dup.dup.dup.dup.dup.dup.dup.dup.dup.dup.dup.dup.dup.dup.dup.dup.dup.dup.dup.dup.dup.dup.dup.dup.dup.dup.dup.dup.dup.dup.dup.dup.dup.dup.dup.dup.dup.dup.dup.dup.dup.dup.dup.dup.dup.dup.dup.dup.dup.dup.json: [Errno 36] File name too long: '/home/mystic/Documentos/Sonora Digital Corp Nuevo/01_Core_Platform/03_Agentic_Infrastructure/Databases/Aztrotech_Citas/leads/prospecto_20260807.done.done.done.done.done.done.dup.dup.dup.dup.dup.dup.dup.dup.dup.dup.dup.dup.dup.dup.dup.dup.dup.dup.dup.dup.dup.dup.dup.dup.dup.dup.dup.dup.dup.dup.dup.dup.dup.dup.dup.dup.dup.dup.dup.dup.dup.dup.dup.dup.dup.dup.dup.dup.dup.dup.json' -> '/home/mystic/Documentos/Sonora Digital Corp Nuevo/01_Core_Platform/03_Agentic_Infrastructure/Databases/Aztrotech_Citas/leads/prospecto_20260807.done.done.done.done.done.done.dup.dup.dup.dup.dup.dup.dup.dup.dup.dup.dup.dup.dup.dup.dup.dup.dup.dup.dup.dup.dup.dup.dup.dup.dup.dup.dup.dup.dup.dup.dup.dup.dup.dup.dup.dup.dup.dup.dup.dup.dup.dup.dup.dup.dup.dup.dup.dup.dup.dup.dup.json'
[INGEST] 0 leads nuevos, 0 duplicados saltados.
[DUP LEAD] prospecto_20260807.done.done.done.done.done.done.dup.dup.dup.dup.dup.dup.dup.dup.dup.dup.dup.dup.dup.dup.dup.dup.dup.dup.dup.dup.dup.dup.dup.dup.dup.dup.dup.dup.dup.dup.dup.dup.dup.dup.dup.dup.dup.dup.dup.dup.dup.dup.dup.dup.dup.dup.dup.dup.dup.dup.json: ya existe cita #4. skip
[LEAD FAIL] prospecto_20260807.done.done.done.done.done.done.dup.dup.dup.dup.dup.dup.dup.dup.dup.dup.dup.dup.dup.dup.dup.dup.dup.dup.dup.dup.dup.dup.dup.dup.dup.dup.dup.dup.dup.dup.dup.dup.dup.dup.dup.dup.dup.dup.dup.dup.dup.dup.dup.dup.dup.dup.dup.dup.dup.dup.json: [Errno 36] File name too long: '/home/mystic/Documentos/Sonora Digital Corp Nuevo/01_Core_Platform/03_Agentic_Infrastructure/Databases/Aztrotech_Citas/leads/prospecto_20260807.done.done.done.done.done.done.dup.dup.dup.dup.dup.dup.dup.dup.dup.dup.dup.dup.dup.dup.dup.dup.dup.dup.dup.dup.dup.dup.dup.dup.dup.dup.dup.dup.dup.dup.dup.dup.dup.dup.dup.dup.dup.dup.dup.dup.dup.dup.dup.dup.dup.dup.dup.dup.dup.dup.json' -> '/home/mystic/Documentos/Sonora Digital Corp Nuevo/01_Core_Platform/03_Agentic_Infrastructure/Databases/Aztrotech_Citas/leads/prospecto_20260807.done.done.done.done.done.done.dup.dup.dup.dup.dup.dup.dup.dup.dup.dup.dup.dup.dup.dup.dup.dup.dup.dup.dup.dup.dup.dup.dup.dup.dup.dup.dup.dup.dup.dup.dup.dup.dup.dup.dup.dup.dup.dup.dup.dup.dup.dup.dup.dup.dup.dup.dup.dup.dup.dup.dup.json'
[INGEST] 0 leads nuevos, 0 duplicados saltados.
[DUP LEAD] prospecto_20260807.done.done.done.done.done.done.dup.dup.dup.dup.dup.dup.dup.dup.dup.dup.dup.dup.dup.dup.dup.dup.dup.dup.dup.dup.dup.dup.dup.dup.dup.dup.dup.dup.dup.dup.dup.dup.dup.dup.dup.dup.dup.dup.dup.dup.dup.dup.dup.dup.dup.dup.dup.dup.dup.dup.json: ya existe cita #4. skip
[LEAD FAIL] prospecto_20260807.done.done.done.done.done.done.dup.dup.dup.dup.dup.dup.dup.dup.dup.dup.dup.dup.dup.dup.dup.dup.dup.dup.dup.dup.dup.dup.dup.dup.dup.dup.dup.dup.dup.dup.dup.dup.dup.dup.dup.dup.dup.dup.dup.dup.dup.dup.dup.dup.dup.dup.dup.dup.dup.dup.json: [Errno 36] File name too long: '/home/mystic/Documentos/Sonora Digital Corp Nuevo/01_Core_Platform/03_Agentic_Infrastructure/Databases/Aztrotech_Citas/leads/prospecto_20260807.done.done.done.done.done.done.dup.dup.dup.dup.dup.dup.dup.dup.dup.dup.dup.dup.dup.dup.dup.dup.dup.dup.dup.dup.dup.dup.dup.dup.dup.dup.dup.dup.dup.dup.dup.dup.dup.dup.dup.dup.dup.dup.dup.dup.dup.dup.dup.dup.dup.dup.dup.dup.dup.dup.json' -> '/home/mystic/Documentos/Sonora Digital Corp Nuevo/01_Core_Platform/03_Agentic_Infrastructure/Databases/Aztrotech_Citas/leads/prospecto_20260807.done.done.done.done.done.done.dup.dup.dup.dup.dup.dup.dup.dup.dup.dup.dup.dup.dup.dup.dup.dup.dup.dup.dup.dup.dup.dup.dup.dup.dup.dup.dup.dup.dup.dup.dup.dup.dup.dup.dup.dup.dup.dup.dup.dup.dup.dup.dup.dup.dup.dup.dup.dup.dup.dup.dup.json'
[INGEST] 0 leads nuevos, 0 duplicados saltados.
[DUP LEAD] prospecto_20260807.done.done.done.done.done.done.dup.dup.dup.dup.dup.dup.dup.dup.dup.dup.dup.dup.dup.dup.dup.dup.dup.dup.dup.dup.dup.dup.dup.dup.dup.dup.dup.dup.dup.dup.dup.dup.dup.dup.dup.dup.dup.dup.dup.dup.dup.dup.dup.dup.dup.dup.dup.dup.dup.dup.json: ya existe cita #4. skip
[LEAD FAIL] prospecto_20260807.done.done.done.done.done.done.dup.dup.dup.dup.dup.dup.dup.dup.dup.dup.dup.dup.dup.dup.dup.dup.dup.dup.dup.dup.dup.dup.dup.dup.dup.dup.dup.dup.dup.dup.dup.dup.dup.dup.dup.dup.dup.dup.dup.dup.dup.dup.dup.dup.dup.dup.dup.dup.dup.dup.json: [Errno 36] File name too long: '/home/mystic/Documentos/Sonora Digital Corp Nuevo/01_Core_Platform/03_Agentic_Infrastructure/Databases/Aztrotech_Citas/leads/prospecto_20260807.done.done.done.done.done.done.dup.dup.dup.dup.dup.dup.dup.dup.dup.dup.dup.dup.dup.dup.dup.dup.dup.dup.dup.dup.dup.dup.dup.dup.dup.dup.dup.dup.dup.dup.dup.dup.dup.dup.dup.dup.dup.dup.dup.dup.dup.dup.dup.dup.dup.dup.dup.dup.dup.dup.json' -> '/home/mystic/Documentos/Sonora Digital Corp Nuevo/01_Core_Platform/03_Agentic_Infrastructure/Databases/Aztrotech_Citas/leads/prospecto_20260807.done.done.done.done.done.done.dup.dup.dup.dup.dup.dup.dup.dup.dup.dup.dup.dup.dup.dup.dup.dup.dup.dup.dup.dup.dup.dup.dup.dup.dup.dup.dup.dup.dup.dup.dup.dup.dup.dup.dup.dup.dup.dup.dup.dup.dup.dup.dup.dup.dup.dup.dup.dup.dup.dup.dup.json'
[INGEST] 0 leads nuevos, 0 duplicados saltados.
[DUP LEAD] prospecto_20260807.done.done.done.done.done.done.dup.dup.dup.dup.dup.dup.dup.dup.dup.dup.dup.dup.dup.dup.dup.dup.dup.dup.dup.dup.dup.dup.dup.dup.dup.dup.dup.dup.dup.dup.dup.dup.dup.dup.dup.dup.dup.dup.dup.dup.dup.dup.dup.dup.dup.dup.dup.dup.dup.dup.json: ya existe cita #4. skip
[LEAD FAIL] prospecto_20260807.done.done.done.done.done.done.dup.dup.dup.dup.dup.dup.dup.dup.dup.dup.dup.dup.dup.dup.dup.dup.dup.dup.dup.dup.dup.dup.dup.dup.dup.dup.dup.dup.dup.dup.dup.dup.dup.dup.dup.dup.dup.dup.dup.dup.dup.dup.dup.dup.dup.dup.dup.dup.dup.dup.json: [Errno 36] File name too long: '/home/mystic/Documentos/Sonora Digital Corp Nuevo/01_Core_Platform/03_Agentic_Infrastructure/Databases/Aztrotech_Citas/leads/prospecto_20260807.done.done.done.done.done.done.dup.dup.dup.dup.dup.dup.dup.dup.dup.dup.dup.dup.dup.dup.dup.dup.dup.dup.dup.dup.dup.dup.dup.dup.dup.dup.dup.dup.dup.dup.dup.dup.dup.dup.dup.dup.dup.dup.dup.dup.dup.dup.dup.dup.dup.dup.dup.dup.dup.dup.json' -> '/home/mystic/Documentos/Sonora Digital Corp Nuevo/01_Core_Platform/03_Agentic_Infrastructure/Databases/Aztrotech_Citas/leads/prospecto_20260807.done.done.done.done.done.done.dup.dup.dup.dup.dup.dup.dup.dup.dup.dup.dup.dup.dup.dup.dup.dup.dup.dup.dup.dup.dup.dup.dup.dup.dup.dup.dup.dup.dup.dup.dup.dup.dup.dup.dup.dup.dup.dup.dup.dup.dup.dup.dup.dup.dup.dup.dup.dup.dup.dup.dup.json'
[INGEST] 0 leads nuevos, 0 duplicados saltados.
[DUP LEAD] prospecto_20260807.done.done.done.done.done.done.dup.dup.dup.dup.dup.dup.dup.dup.dup.dup.dup.dup.dup.dup.dup.dup.dup.dup.dup.dup.dup.dup.dup.dup.dup.dup.dup.dup.dup.dup.dup.dup.dup.dup.dup.dup.dup.dup.dup.dup.dup.dup.dup.dup.dup.dup.dup.dup.dup.dup.json: ya existe cita #4. skip
[LEAD FAIL] prospecto_20260807.done.done.done.done.done.done.dup.dup.dup.dup.dup.dup.dup.dup.dup.dup.dup.dup.dup.dup.dup.dup.dup.dup.dup.dup.dup.dup.dup.dup.dup.dup.dup.dup.dup.dup.dup.dup.dup.dup.dup.dup.dup.dup.dup.dup.dup.dup.dup.dup.dup.dup.dup.dup.dup.dup.json: [Errno 36] File name too long: '/home/mystic/Documentos/Sonora Digital Corp Nuevo/01_Core_Platform/03_Agentic_Infrastructure/Databases/Aztrotech_Citas/leads/prospecto_20260807.done.done.done.done.done.done.dup.dup.dup.dup.dup.dup.dup.dup.dup.dup.dup.dup.dup.dup.dup.dup.dup.dup.dup.dup.dup.dup.dup.dup.dup.dup.dup.dup.dup.dup.dup.dup.dup.dup.dup.dup.dup.dup.dup.dup.dup.dup.dup.dup.dup.dup.dup.dup.dup.dup.json' -> '/home/mystic/Documentos/Sonora Digital Corp Nuevo/01_Core_Platform/03_Agentic_Infrastructure/Databases/Aztrotech_Citas/leads/prospecto_20260807.done.done.done.done.done.done.dup.dup.dup.dup.dup.dup.dup.dup.dup.dup.dup.dup.dup.dup.dup.dup.dup.dup.dup.dup.dup.dup.dup.dup.dup.dup.dup.dup.dup.dup.dup.dup.dup.dup.dup.dup.dup.dup.dup.dup.dup.dup.dup.dup.dup.dup.dup.dup.dup.dup.dup.json'
[INGEST] 0 leads nuevos, 0 duplicados saltados.
[DUP LEAD] prospecto_20260807.done.done.done.done.done.done.dup.dup.dup.dup.dup.dup.dup.dup.dup.dup.dup.dup.dup.dup.dup.dup.dup.dup.dup.dup.dup.dup.dup.dup.dup.dup.dup.dup.dup.dup.dup.dup.dup.dup.dup.dup.dup.dup.dup.dup.dup.dup.dup.dup.dup.dup.dup.dup.dup.dup.json: ya existe cita #4. skip
[LEAD FAIL] prospecto_20260807.done.done.done.done.done.done.dup.dup.dup.dup.dup.dup.dup.dup.dup.dup.dup.dup.dup.dup.dup.dup.dup.dup.dup.dup.dup.dup.dup.dup.dup.dup.dup.dup.dup.dup.dup.dup.dup.dup.dup.dup.dup.dup.dup.dup.dup.dup.dup.dup.dup.dup.dup.dup.dup.dup.json: [Errno 36] File name too long: '/home/mystic/Documentos/Sonora Digital Corp Nuevo/01_Core_Platform/03_Agentic_Infrastructure/Databases/Aztrotech_Citas/leads/prospecto_20260807.done.done.done.done.done.done.dup.dup.dup.dup.dup.dup.dup.dup.dup.dup.dup.dup.dup.dup.dup.dup.dup.dup.dup.dup.dup.dup.dup.dup.dup.dup.dup.dup.dup.dup.dup.dup.dup.dup.dup.dup.dup.dup.dup.dup.dup.dup.dup.dup.dup.dup.dup.dup.dup.dup.json' -> '/home/mystic/Documentos/Sonora Digital Corp Nuevo/01_Core_Platform/03_Agentic_Infrastructure/Databases/Aztrotech_Citas/leads/prospecto_20260807.done.done.done.done.done.done.dup.dup.dup.dup.dup.dup.dup.dup.dup.dup.dup.dup.dup.dup.dup.dup.dup.dup.dup.dup.dup.dup.dup.dup.dup.dup.dup.dup.dup.dup.dup.dup.dup.dup.dup.dup.dup.dup.dup.dup.dup.dup.dup.dup.dup.dup.dup.dup.dup.dup.dup.json'
[INGEST] 0 leads nuevos, 0 duplicados saltados.
[DUP LEAD] prospecto_20260807.done.done.done.done.done.done.dup.dup.dup.dup.dup.dup.dup.dup.dup.dup.dup.dup.dup.dup.dup.dup.dup.dup.dup.dup.dup.dup.dup.dup.dup.dup.dup.dup.dup.dup.dup.dup.dup.dup.dup.dup.dup.dup.dup.dup.dup.dup.dup.dup.dup.dup.dup.dup.dup.dup.json: ya existe cita #4. skip
[LEAD FAIL] prospecto_20260807.done.done.done.done.done.done.dup.dup.dup.dup.dup.dup.dup.dup.dup.dup.dup.dup.dup.dup.dup.dup.dup.dup.dup.dup.dup.dup.dup.dup.dup.dup.dup.dup.dup.dup.dup.dup.dup.dup.dup.dup.dup.dup.dup.dup.dup.dup.dup.dup.dup.dup.dup.dup.dup.dup.json: [Errno 36] File name too long: '/home/mystic/Documentos/Sonora Digital Corp Nuevo/01_Core_Platform/03_Agentic_Infrastructure/Databases/Aztrotech_Citas/leads/prospecto_20260807.done.done.done.done.done.done.dup.dup.dup.dup.dup.dup.dup.dup.dup.dup.dup.dup.dup.dup.dup.dup.dup.dup.dup.dup.dup.dup.dup.dup.dup.dup.dup.dup.dup.dup.dup.dup.dup.dup.dup.dup.dup.dup.dup.dup.dup.dup.dup.dup.dup.dup.dup.dup.dup.dup.json' -> '/home/mystic/Documentos/Sonora Digital Corp Nuevo/01_Core_Platform/03_Agentic_Infrastructure/Databases/Aztrotech_Citas/leads/prospecto_20260807.done.done.done.done.done.done.dup.dup.dup.dup.dup.dup.dup.dup.dup.dup.dup.dup.dup.dup.dup.dup.dup.dup.dup.dup.dup.dup.dup.dup.dup.dup.dup.dup.dup.dup.dup.dup.dup.dup.dup.dup.dup.dup.dup.dup.dup.dup.dup.dup.dup.dup.dup.dup.dup.dup.dup.json'
[INGEST] 0 leads nuevos, 0 duplicados saltados.
[DUP LEAD] prospecto_20260807.done.done.done.done.done.done.dup.dup.dup.dup.dup.dup.dup.dup.dup.dup.dup.dup.dup.dup.dup.dup.dup.dup.dup.dup.dup.dup.dup.dup.dup.dup.dup.dup.dup.dup.dup.dup.dup.dup.dup.dup.dup.dup.dup.dup.dup.dup.dup.dup.dup.dup.dup.dup.dup.dup.json: ya existe cita #4. skip
[LEAD FAIL] prospecto_20260807.done.done.done.done.done.done.dup.dup.dup.dup.dup.dup.dup.dup.dup.dup.dup.dup.dup.dup.dup.dup.dup.dup.dup.dup.dup.dup.dup.dup.dup.dup.dup.dup.dup.dup.dup.dup.dup.dup.dup.dup.dup.dup.dup.dup.dup.dup.dup.dup.dup.dup.dup.dup.dup.dup.json: [Errno 36] File name too long: '/home/mystic/Documentos/Sonora Digital Corp Nuevo/01_Core_Platform/03_Agentic_Infrastructure/Databases/Aztrotech_Citas/leads/prospecto_20260807.done.done.done.done.done.done.dup.dup.dup.dup.dup.dup.dup.dup.dup.dup.dup.dup.dup.dup.dup.dup.dup.dup.dup.dup.dup.dup.dup.dup.dup.dup.dup.dup.dup.dup.dup.dup.dup.dup.dup.dup.dup.dup.dup.dup.dup.dup.dup.dup.dup.dup.dup.dup.dup.dup.json' -> '/home/mystic/Documentos/Sonora Digital Corp Nuevo/01_Core_Platform/03_Agentic_Infrastructure/Databases/Aztrotech_Citas/leads/prospecto_20260807.done.done.done.done.done.done.dup.dup.dup.dup.dup.dup.dup.dup.dup.dup.dup.dup.dup.dup.dup.dup.dup.dup.dup.dup.dup.dup.dup.dup.dup.dup.dup.dup.dup.dup.dup.dup.dup.dup.dup.dup.dup.dup.dup.dup.dup.dup.dup.dup.dup.dup.dup.dup.dup.dup.dup.json'
[INGEST] 0 leads nuevos, 0 duplicados saltados.
[DUP LEAD] prospecto_20260807.done.done.done.done.done.done.dup.dup.dup.dup.dup.dup.dup.dup.dup.dup.dup.dup.dup.dup.dup.dup.dup.dup.dup.dup.dup.dup.dup.dup.dup.dup.dup.dup.dup.dup.dup.dup.dup.dup.dup.dup.dup.dup.dup.dup.dup.dup.dup.dup.dup.dup.dup.dup.dup.dup.json: ya existe cita #4. skip
[LEAD FAIL] prospecto_20260807.done.done.done.done.done.done.dup.dup.dup.dup.dup.dup.dup.dup.dup.dup.dup.dup.dup.dup.dup.dup.dup.dup.dup.dup.dup.dup.dup.dup.dup.dup.dup.dup.dup.dup.dup.dup.dup.dup.dup.dup.dup.dup.dup.dup.dup.dup.dup.dup.dup.dup.dup.dup.dup.dup.json: [Errno 36] File name too long: '/home/mystic/Documentos/Sonora Digital Corp Nuevo/01_Core_Platform/03_Agentic_Infrastructure/Databases/Aztrotech_Citas/leads/prospecto_20260807.done.done.done.done.done.done.dup.dup.dup.dup.dup.dup.dup.dup.dup.dup.dup.dup.dup.dup.dup.dup.dup.dup.dup.dup.dup.dup.dup.dup.dup.dup.dup.dup.dup.dup.dup.dup.dup.dup.dup.dup.dup.dup.dup.dup.dup.dup.dup.dup.dup.dup.dup.dup.dup.dup.json' -> '/home/mystic/Documentos/Sonora Digital Corp Nuevo/01_Core_Platform/03_Agentic_Infrastructure/Databases/Aztrotech_Citas/leads/prospecto_20260807.done.done.done.done.done.done.dup.dup.dup.dup.dup.dup.dup.dup.dup.dup.dup.dup.dup.dup.dup.dup.dup.dup.dup.dup.dup.dup.dup.dup.dup.dup.dup.dup.dup.dup.dup.dup.dup.dup.dup.dup.dup.dup.dup.dup.dup.dup.dup.dup.dup.dup.dup.dup.dup.dup.dup.json'
[INGEST] 0 leads nuevos, 0 duplicados saltados.
[DUP LEAD] prospecto_20260807.done.done.done.done.done.done.dup.dup.dup.dup.dup.dup.dup.dup.dup.dup.dup.dup.dup.dup.dup.dup.dup.dup.dup.dup.dup.dup.dup.dup.dup.dup.dup.dup.dup.dup.dup.dup.dup.dup.dup.dup.dup.dup.dup.dup.dup.dup.dup.dup.dup.dup.dup.dup.dup.dup.json: ya existe cita #4. skip
[LEAD FAIL] prospecto_20260807.done.done.done.done.done.done.dup.dup.dup.dup.dup.dup.dup.dup.dup.dup.dup.dup.dup.dup.dup.dup.dup.dup.dup.dup.dup.dup.dup.dup.dup.dup.dup.dup.dup.dup.dup.dup.dup.dup.dup.dup.dup.dup.dup.dup.dup.dup.dup.dup.dup.dup.dup.dup.dup.dup.json: [Errno 36] File name too long: '/home/mystic/Documentos/Sonora Digital Corp Nuevo/01_Core_Platform/03_Agentic_Infrastructure/Databases/Aztrotech_Citas/leads/prospecto_20260807.done.done.done.done.done.done.dup.dup.dup.dup.dup.dup.dup.dup.dup.dup.dup.dup.dup.dup.dup.dup.dup.dup.dup.dup.dup.dup.dup.dup.dup.dup.dup.dup.dup.dup.dup.dup.dup.dup.dup.dup.dup.dup.dup.dup.dup.dup.dup.dup.dup.dup.dup.dup.dup.dup.json' -> '/home/mystic/Documentos/Sonora Digital Corp Nuevo/01_Core_Platform/03_Agentic_Infrastructure/Databases/Aztrotech_Citas/leads/prospecto_20260807.done.done.done.done.done.done.dup.dup.dup.dup.dup.dup.dup.dup.dup.dup.dup.dup.dup.dup.dup.dup.dup.dup.dup.dup.dup.dup.dup.dup.dup.dup.dup.dup.dup.dup.dup.dup.dup.dup.dup.dup.dup.dup.dup.dup.dup.dup.dup.dup.dup.dup.dup.dup.dup.dup.dup.json'
[INGEST] 0 leads nuevos, 0 duplicados saltados.
[DUP LEAD] prospecto_20260807.done.done.done.done.done.done.dup.dup.dup.dup.dup.dup.dup.dup.dup.dup.dup.dup.dup.dup.dup.dup.dup.dup.dup.dup.dup.dup.dup.dup.dup.dup.dup.dup.dup.dup.dup.dup.dup.dup.dup.dup.dup.dup.dup.dup.dup.dup.dup.dup.dup.dup.dup.dup.dup.dup.json: ya existe cita #4. skip
[LEAD FAIL] prospecto_20260807.done.done.done.done.done.done.dup.dup.dup.dup.dup.dup.dup.dup.dup.dup.dup.dup.dup.dup.dup.dup.dup.dup.dup.dup.dup.dup.dup.dup.dup.dup.dup.dup.dup.dup.dup.dup.dup.dup.dup.dup.dup.dup.dup.dup.dup.dup.dup.dup.dup.dup.dup.dup.dup.dup.json: [Errno 36] File name too long: '/home/mystic/Documentos/Sonora Digital Corp Nuevo/01_Core_Platform/03_Agentic_Infrastructure/Databases/Aztrotech_Citas/leads/prospecto_20260807.done.done.done.done.done.done.dup.dup.dup.dup.dup.dup.dup.dup.dup.dup.dup.dup.dup.dup.dup.dup.dup.dup.dup.dup.dup.dup.dup.dup.dup.dup.dup.dup.dup.dup.dup.dup.dup.dup.dup.dup.dup.dup.dup.dup.dup.dup.dup.dup.dup.dup.dup.dup.dup.dup.json' -> '/home/mystic/Documentos/Sonora Digital Corp Nuevo/01_Core_Platform/03_Agentic_Infrastructure/Databases/Aztrotech_Citas/leads/prospecto_20260807.done.done.done.done.done.done.dup.dup.dup.dup.dup.dup.dup.dup.dup.dup.dup.dup.dup.dup.dup.dup.dup.dup.dup.dup.dup.dup.dup.dup.dup.dup.dup.dup.dup.dup.dup.dup.dup.dup.dup.dup.dup.dup.dup.dup.dup.dup.dup.dup.dup.dup.dup.dup.dup.dup.dup.json'
[INGEST] 0 leads nuevos, 0 duplicados saltados.
[DUP LEAD] prospecto_20260807.done.done.done.done.done.done.dup.dup.dup.dup.dup.dup.dup.dup.dup.dup.dup.dup.dup.dup.dup.dup.dup.dup.dup.dup.dup.dup.dup.dup.dup.dup.dup.dup.dup.dup.dup.dup.dup.dup.dup.dup.dup.dup.dup.dup.dup.dup.dup.dup.dup.dup.dup.dup.dup.dup.json: ya existe cita #4. skip
[LEAD FAIL] prospecto_20260807.done.done.done.done.done.done.dup.dup.dup.dup.dup.dup.dup.dup.dup.dup.dup.dup.dup.dup.dup.dup.dup.dup.dup.dup.dup.dup.dup.dup.dup.dup.dup.dup.dup.dup.dup.dup.dup.dup.dup.dup.dup.dup.dup.dup.dup.dup.dup.dup.dup.dup.dup.dup.dup.dup.json: [Errno 36] File name too long: '/home/mystic/Documentos/Sonora Digital Corp Nuevo/01_Core_Platform/03_Agentic_Infrastructure/Databases/Aztrotech_Citas/leads/prospecto_20260807.done.done.done.done.done.done.dup.dup.dup.dup.dup.dup.dup.dup.dup.dup.dup.dup.dup.dup.dup.dup.dup.dup.dup.dup.dup.dup.dup.dup.dup.dup.dup.dup.dup.dup.dup.dup.dup.dup.dup.dup.dup.dup.dup.dup.dup.dup.dup.dup.dup.dup.dup.dup.dup.dup.json' -> '/home/mystic/Documentos/Sonora Digital Corp Nuevo/01_Core_Platform/03_Agentic_Infrastructure/Databases/Aztrotech_Citas/leads/prospecto_20260807.done.done.done.done.done.done.dup.dup.dup.dup.dup.dup.dup.dup.dup.dup.dup.dup.dup.dup.dup.dup.dup.dup.dup.dup.dup.dup.dup.dup.dup.dup.dup.dup.dup.dup.dup.dup.dup.dup.dup.dup.dup.dup.dup.dup.dup.dup.dup.dup.dup.dup.dup.dup.dup.dup.dup.json'
[INGEST] 0 leads nuevos, 0 duplicados saltados.
[DUP LEAD] prospecto_20260807.done.done.done.done.done.done.dup.dup.dup.dup.dup.dup.dup.dup.dup.dup.dup.dup.dup.dup.dup.dup.dup.dup.dup.dup.dup.dup.dup.dup.dup.dup.dup.dup.dup.dup.dup.dup.dup.dup.dup.dup.dup.dup.dup.dup.dup.dup.dup.dup.dup.dup.dup.dup.dup.dup.json: ya existe cita #4. skip
[LEAD FAIL] prospecto_20260807.done.done.done.done.done.done.dup.dup.dup.dup.dup.dup.dup.dup.dup.dup.dup.dup.dup.dup.dup.dup.dup.dup.dup.dup.dup.dup.dup.dup.dup.dup.dup.dup.dup.dup.dup.dup.dup.dup.dup.dup.dup.dup.dup.dup.dup.dup.dup.dup.dup.dup.dup.dup.dup.dup.json: [Errno 36] File name too long: '/home/mystic/Documentos/Sonora Digital Corp Nuevo/01_Core_Platform/03_Agentic_Infrastructure/Databases/Aztrotech_Citas/leads/prospecto_20260807.done.done.done.done.done.done.dup.dup.dup.dup.dup.dup.dup.dup.dup.dup.dup.dup.dup.dup.dup.dup.dup.dup.dup.dup.dup.dup.dup.dup.dup.dup.dup.dup.dup.dup.dup.dup.dup.dup.dup.dup.dup.dup.dup.dup.dup.dup.dup.dup.dup.dup.dup.dup.dup.dup.json' -> '/home/mystic/Documentos/Sonora Digital Corp Nuevo/01_Core_Platform/03_Agentic_Infrastructure/Databases/Aztrotech_Citas/leads/prospecto_20260807.done.done.done.done.done.done.dup.dup.dup.dup.dup.dup.dup.dup.dup.dup.dup.dup.dup.dup.dup.dup.dup.dup.dup.dup.dup.dup.dup.dup.dup.dup.dup.dup.dup.dup.dup.dup.dup.dup.dup.dup.dup.dup.dup.dup.dup.dup.dup.dup.dup.dup.dup.dup.dup.dup.dup.json'
[INGEST] 0 leads nuevos, 0 duplicados saltados.
[DUP LEAD] prospecto_20260807.done.done.done.done.done.done.dup.dup.dup.dup.dup.dup.dup.dup.dup.dup.dup.dup.dup.dup.dup.dup.dup.dup.dup.dup.dup.dup.dup.dup.dup.dup.dup.dup.dup.dup.dup.dup.dup.dup.dup.dup.dup.dup.dup.dup.dup.dup.dup.dup.dup.dup.dup.dup.dup.dup.json: ya existe cita #4. skip
[LEAD FAIL] prospecto_20260807.done.done.done.done.done.done.dup.dup.dup.dup.dup.dup.dup.dup.dup.dup.dup.dup.dup.dup.dup.dup.dup.dup.dup.dup.dup.dup.dup.dup.dup.dup.dup.dup.dup.dup.dup.dup.dup.dup.dup.dup.dup.dup.dup.dup.dup.dup.dup.dup.dup.dup.dup.dup.dup.dup.json: [Errno 36] File name too long: '/home/mystic/Documentos/Sonora Digital Corp Nuevo/01_Core_Platform/03_Agentic_Infrastructure/Databases/Aztrotech_Citas/leads/prospecto_20260807.done.done.done.done.done.done.dup.dup.dup.dup.dup.dup.dup.dup.dup.dup.dup.dup.dup.dup.dup.dup.dup.dup.dup.dup.dup.dup.dup.dup.dup.dup.dup.dup.dup.dup.dup.dup.dup.dup.dup.dup.dup.dup.dup.dup.dup.dup.dup.dup.dup.dup.dup.dup.dup.dup.json' -> '/home/mystic/Documentos/Sonora Digital Corp Nuevo/01_Core_Platform/03_Agentic_Infrastructure/Databases/Aztrotech_Citas/leads/prospecto_20260807.done.done.done.done.done.done.dup.dup.dup.dup.dup.dup.dup.dup.dup.dup.dup.dup.dup.dup.dup.dup.dup.dup.dup.dup.dup.dup.dup.dup.dup.dup.dup.dup.dup.dup.dup.dup.dup.dup.dup.dup.dup.dup.dup.dup.dup.dup.dup.dup.dup.dup.dup.dup.dup.dup.dup.json'
[INGEST] 0 leads nuevos, 0 duplicados saltados.
[DUP LEAD] prospecto_20260807.done.done.done.done.done.done.dup.dup.dup.dup.dup.dup.dup.dup.dup.dup.dup.dup.dup.dup.dup.dup.dup.dup.dup.dup.dup.dup.dup.dup.dup.dup.dup.dup.dup.dup.dup.dup.dup.dup.dup.dup.dup.dup.dup.dup.dup.dup.dup.dup.dup.dup.dup.dup.dup.dup.json: ya existe cita #4. skip
[LEAD FAIL] prospecto_20260807.done.done.done.done.done.done.dup.dup.dup.dup.dup.dup.dup.dup.dup.dup.dup.dup.dup.dup.dup.dup.dup.dup.dup.dup.dup.dup.dup.dup.dup.dup.dup.dup.dup.dup.dup.dup.dup.dup.dup.dup.dup.dup.dup.dup.dup.dup.dup.dup.dup.dup.dup.dup.dup.dup.json: [Errno 36] File name too long: '/home/mystic/Documentos/Sonora Digital Corp Nuevo/01_Core_Platform/03_Agentic_Infrastructure/Databases/Aztrotech_Citas/leads/prospecto_20260807.done.done.done.done.done.done.dup.dup.dup.dup.dup.dup.dup.dup.dup.dup.dup.dup.dup.dup.dup.dup.dup.dup.dup.dup.dup.dup.dup.dup.dup.dup.dup.dup.dup.dup.dup.dup.dup.dup.dup.dup.dup.dup.dup.dup.dup.dup.dup.dup.dup.dup.dup.dup.dup.dup.json' -> '/home/mystic/Documentos/Sonora Digital Corp Nuevo/01_Core_Platform/03_Agentic_Infrastructure/Databases/Aztrotech_Citas/leads/prospecto_20260807.done.done.done.done.done.done.dup.dup.dup.dup.dup.dup.dup.dup.dup.dup.dup.dup.dup.dup.dup.dup.dup.dup.dup.dup.dup.dup.dup.dup.dup.dup.dup.dup.dup.dup.dup.dup.dup.dup.dup.dup.dup.dup.dup.dup.dup.dup.dup.dup.dup.dup.dup.dup.dup.dup.dup.json'
[INGEST] 0 leads nuevos, 0 duplicados saltados.
[DUP LEAD] prospecto_20260807.done.done.done.done.done.done.dup.dup.dup.dup.dup.dup.dup.dup.dup.dup.dup.dup.dup.dup.dup.dup.dup.dup.dup.dup.dup.dup.dup.dup.dup.dup.dup.dup.dup.dup.dup.dup.dup.dup.dup.dup.dup.dup.dup.dup.dup.dup.dup.dup.dup.dup.dup.dup.dup.dup.json: ya existe cita #4. skip
[LEAD FAIL] prospecto_20260807.done.done.done.done.done.done.dup.dup.dup.dup.dup.dup.dup.dup.dup.dup.dup.dup.dup.dup.dup.dup.dup.dup.dup.dup.dup.dup.dup.dup.dup.dup.dup.dup.dup.dup.dup.dup.dup.dup.dup.dup.dup.dup.dup.dup.dup.dup.dup.dup.dup.dup.dup.dup.dup.dup.json: [Errno 36] File name too long: '/home/mystic/Documentos/Sonora Digital Corp Nuevo/01_Core_Platform/03_Agentic_Infrastructure/Databases/Aztrotech_Citas/leads/prospecto_20260807.done.done.done.done.done.done.dup.dup.dup.dup.dup.dup.dup.dup.dup.dup.dup.dup.dup.dup.dup.dup.dup.dup.dup.dup.dup.dup.dup.dup.dup.dup.dup.dup.dup.dup.dup.dup.dup.dup.dup.dup.dup.dup.dup.dup.dup.dup.dup.dup.dup.dup.dup.dup.dup.dup.json' -> '/home/mystic/Documentos/Sonora Digital Corp Nuevo/01_Core_Platform/03_Agentic_Infrastructure/Databases/Aztrotech_Citas/leads/prospecto_20260807.done.done.done.done.done.done.dup.dup.dup.dup.dup.dup.dup.dup.dup.dup.dup.dup.dup.dup.dup.dup.dup.dup.dup.dup.dup.dup.dup.dup.dup.dup.dup.dup.dup.dup.dup.dup.dup.dup.dup.dup.dup.dup.dup.dup.dup.dup.dup.dup.dup.dup.dup.dup.dup.dup.dup.json'
[INGEST] 0 leads nuevos, 0 duplicados saltados.
[DUP LEAD] prospecto_20260807.done.done.done.done.done.done.dup.dup.dup.dup.dup.dup.dup.dup.dup.dup.dup.dup.dup.dup.dup.dup.dup.dup.dup.dup.dup.dup.dup.dup.dup.dup.dup.dup.dup.dup.dup.dup.dup.dup.dup.dup.dup.dup.dup.dup.dup.dup.dup.dup.dup.dup.dup.dup.dup.dup.json: ya existe cita #4. skip
[LEAD FAIL] prospecto_20260807.done.done.done.done.done.done.dup.dup.dup.dup.dup.dup.dup.dup.dup.dup.dup.dup.dup.dup.dup.dup.dup.dup.dup.dup.dup.dup.dup.dup.dup.dup.dup.dup.dup.dup.dup.dup.dup.dup.dup.dup.dup.dup.dup.dup.dup.dup.dup.dup.dup.dup.dup.dup.dup.dup.json: [Errno 36] File name too long: '/home/mystic/Documentos/Sonora Digital Corp Nuevo/01_Core_Platform/03_Agentic_Infrastructure/Databases/Aztrotech_Citas/leads/prospecto_20260807.done.done.done.done.done.done.dup.dup.dup.dup.dup.dup.dup.dup.dup.dup.dup.dup.dup.dup.dup.dup.dup.dup.dup.dup.dup.dup.dup.dup.dup.dup.dup.dup.dup.dup.dup.dup.dup.dup.dup.dup.dup.dup.dup.dup.dup.dup.dup.dup.dup.dup.dup.dup.dup.dup.json' -> '/home/mystic/Documentos/Sonora Digital Corp Nuevo/01_Core_Platform/03_Agentic_Infrastructure/Databases/Aztrotech_Citas/leads/prospecto_20260807.done.done.done.done.done.done.dup.dup.dup.dup.dup.dup.dup.dup.dup.dup.dup.dup.dup.dup.dup.dup.dup.dup.dup.dup.dup.dup.dup.dup.dup.dup.dup.dup.dup.dup.dup.dup.dup.dup.dup.dup.dup.dup.dup.dup.dup.dup.dup.dup.dup.dup.dup.dup.dup.dup.dup.json'
[INGEST] 0 leads nuevos, 0 duplicados saltados.
[DUP LEAD] prospecto_20260807.done.done.done.done.done.done.dup.dup.dup.dup.dup.dup.dup.dup.dup.dup.dup.dup.dup.dup.dup.dup.dup.dup.dup.dup.dup.dup.dup.dup.dup.dup.dup.dup.dup.dup.dup.dup.dup.dup.dup.dup.dup.dup.dup.dup.dup.dup.dup.dup.dup.dup.dup.dup.dup.dup.json: ya existe cita #4. skip
[LEAD FAIL] prospecto_20260807.done.done.done.done.done.done.dup.dup.dup.dup.dup.dup.dup.dup.dup.dup.dup.dup.dup.dup.dup.dup.dup.dup.dup.dup.dup.dup.dup.dup.dup.dup.dup.dup.dup.dup.dup.dup.dup.dup.dup.dup.dup.dup.dup.dup.dup.dup.dup.dup.dup.dup.dup.dup.dup.dup.json: [Errno 36] File name too long: '/home/mystic/Documentos/Sonora Digital Corp Nuevo/01_Core_Platform/03_Agentic_Infrastructure/Databases/Aztrotech_Citas/leads/prospecto_20260807.done.done.done.done.done.done.dup.dup.dup.dup.dup.dup.dup.dup.dup.dup.dup.dup.dup.dup.dup.dup.dup.dup.dup.dup.dup.dup.dup.dup.dup.dup.dup.dup.dup.dup.dup.dup.dup.dup.dup.dup.dup.dup.dup.dup.dup.dup.dup.dup.dup.dup.dup.dup.dup.dup.json' -> '/home/mystic/Documentos/Sonora Digital Corp Nuevo/01_Core_Platform/03_Agentic_Infrastructure/Databases/Aztrotech_Citas/leads/prospecto_20260807.done.done.done.done.done.done.dup.dup.dup.dup.dup.dup.dup.dup.dup.dup.dup.dup.dup.dup.dup.dup.dup.dup.dup.dup.dup.dup.dup.dup.dup.dup.dup.dup.dup.dup.dup.dup.dup.dup.dup.dup.dup.dup.dup.dup.dup.dup.dup.dup.dup.dup.dup.dup.dup.dup.dup.json'
[INGEST] 0 leads nuevos, 0 duplicados saltados.
[DUP LEAD] prospecto_20260807.done.done.done.done.done.done.dup.dup.dup.dup.dup.dup.dup.dup.dup.dup.dup.dup.dup.dup.dup.dup.dup.dup.dup.dup.dup.dup.dup.dup.dup.dup.dup.dup.dup.dup.dup.dup.dup.dup.dup.dup.dup.dup.dup.dup.dup.dup.dup.dup.dup.dup.dup.dup.dup.dup.json: ya existe cita #4. skip
[LEAD FAIL] prospecto_20260807.done.done.done.done.done.done.dup.dup.dup.dup.dup.dup.dup.dup.dup.dup.dup.dup.dup.dup.dup.dup.dup.dup.dup.dup.dup.dup.dup.dup.dup.dup.dup.dup.dup.dup.dup.dup.dup.dup.dup.dup.dup.dup.dup.dup.dup.dup.dup.dup.dup.dup.dup.dup.dup.dup.json: [Errno 36] File name too long: '/home/mystic/Documentos/Sonora Digital Corp Nuevo/01_Core_Platform/03_Agentic_Infrastructure/Databases/Aztrotech_Citas/leads/prospecto_20260807.done.done.done.done.done.done.dup.dup.dup.dup.dup.dup.dup.dup.dup.dup.dup.dup.dup.dup.dup.dup.dup.dup.dup.dup.dup.dup.dup.dup.dup.dup.dup.dup.dup.dup.dup.dup.dup.dup.dup.dup.dup.dup.dup.dup.dup.dup.dup.dup.dup.dup.dup.dup.dup.dup.json' -> '/home/mystic/Documentos/Sonora Digital Corp Nuevo/01_Core_Platform/03_Agentic_Infrastructure/Databases/Aztrotech_Citas/leads/prospecto_20260807.done.done.done.done.done.done.dup.dup.dup.dup.dup.dup.dup.dup.dup.dup.dup.dup.dup.dup.dup.dup.dup.dup.dup.dup.dup.dup.dup.dup.dup.dup.dup.dup.dup.dup.dup.dup.dup.dup.dup.dup.dup.dup.dup.dup.dup.dup.dup.dup.dup.dup.dup.dup.dup.dup.dup.json'
[INGEST] 0 leads nuevos, 0 duplicados saltados.
[DUP LEAD] prospecto_20260807.done.done.done.done.done.done.dup.dup.dup.dup.dup.dup.dup.dup.dup.dup.dup.dup.dup.dup.dup.dup.dup.dup.dup.dup.dup.dup.dup.dup.dup.dup.dup.dup.dup.dup.dup.dup.dup.dup.dup.dup.dup.dup.dup.dup.dup.dup.dup.dup.dup.dup.dup.dup.dup.dup.json: ya existe cita #4. skip
[LEAD FAIL] prospecto_20260807.done.done.done.done.done.done.dup.dup.dup.dup.dup.dup.dup.dup.dup.dup.dup.dup.dup.dup.dup.dup.dup.dup.dup.dup.dup.dup.dup.dup.dup.dup.dup.dup.dup.dup.dup.dup.dup.dup.dup.dup.dup.dup.dup.dup.dup.dup.dup.dup.dup.dup.dup.dup.dup.dup.json: [Errno 36] File name too long: '/home/mystic/Documentos/Sonora Digital Corp Nuevo/01_Core_Platform/03_Agentic_Infrastructure/Databases/Aztrotech_Citas/leads/prospecto_20260807.done.done.done.done.done.done.dup.dup.dup.dup.dup.dup.dup.dup.dup.dup.dup.dup.dup.dup.dup.dup.dup.dup.dup.dup.dup.dup.dup.dup.dup.dup.dup.dup.dup.dup.dup.dup.dup.dup.dup.dup.dup.dup.dup.dup.dup.dup.dup.dup.dup.dup.dup.dup.dup.dup.json' -> '/home/mystic/Documentos/Sonora Digital Corp Nuevo/01_Core_Platform/03_Agentic_Infrastructure/Databases/Aztrotech_Citas/leads/prospecto_20260807.done.done.done.done.done.done.dup.dup.dup.dup.dup.dup.dup.dup.dup.dup.dup.dup.dup.dup.dup.dup.dup.dup.dup.dup.dup.dup.dup.dup.dup.dup.dup.dup.dup.dup.dup.dup.dup.dup.dup.dup.dup.dup.dup.dup.dup.dup.dup.dup.dup.dup.dup.dup.dup.dup.dup.json'
[INGEST] 0 leads nuevos, 0 duplicados saltados.
[DUP LEAD] prospecto_20260807.done.done.done.done.done.done.dup.dup.dup.dup.dup.dup.dup.dup.dup.dup.dup.dup.dup.dup.dup.dup.dup.dup.dup.dup.dup.dup.dup.dup.dup.dup.dup.dup.dup.dup.dup.dup.dup.dup.dup.dup.dup.dup.dup.dup.dup.dup.dup.dup.dup.dup.dup.dup.dup.dup.json: ya existe cita #4. skip
[LEAD FAIL] prospecto_20260807.done.done.done.done.done.done.dup.dup.dup.dup.dup.dup.dup.dup.dup.dup.dup.dup.dup.dup.dup.dup.dup.dup.dup.dup.dup.dup.dup.dup.dup.dup.dup.dup.dup.dup.dup.dup.dup.dup.dup.dup.dup.dup.dup.dup.dup.dup.dup.dup.dup.dup.dup.dup.dup.dup.json: [Errno 36] File name too long: '/home/mystic/Documentos/Sonora Digital Corp Nuevo/01_Core_Platform/03_Agentic_Infrastructure/Databases/Aztrotech_Citas/leads/prospecto_20260807.done.done.done.done.done.done.dup.dup.dup.dup.dup.dup.dup.dup.dup.dup.dup.dup.dup.dup.dup.dup.dup.dup.dup.dup.dup.dup.dup.dup.dup.dup.dup.dup.dup.dup.dup.dup.dup.dup.dup.dup.dup.dup.dup.dup.dup.dup.dup.dup.dup.dup.dup.dup.dup.dup.json' -> '/home/mystic/Documentos/Sonora Digital Corp Nuevo/01_Core_Platform/03_Agentic_Infrastructure/Databases/Aztrotech_Citas/leads/prospecto_20260807.done.done.done.done.done.done.dup.dup.dup.dup.dup.dup.dup.dup.dup.dup.dup.dup.dup.dup.dup.dup.dup.dup.dup.dup.dup.dup.dup.dup.dup.dup.dup.dup.dup.dup.dup.dup.dup.dup.dup.dup.dup.dup.dup.dup.dup.dup.dup.dup.dup.dup.dup.dup.dup.dup.dup.json'
[INGEST] 0 leads nuevos, 0 duplicados saltados.
[DUP LEAD] prospecto_20260807.done.done.done.done.done.done.dup.dup.dup.dup.dup.dup.dup.dup.dup.dup.dup.dup.dup.dup.dup.dup.dup.dup.dup.dup.dup.dup.dup.dup.dup.dup.dup.dup.dup.dup.dup.dup.dup.dup.dup.dup.dup.dup.dup.dup.dup.dup.dup.dup.dup.dup.dup.dup.dup.dup.json: ya existe cita #4. skip
[LEAD FAIL] prospecto_20260807.done.done.done.done.done.done.dup.dup.dup.dup.dup.dup.dup.dup.dup.dup.dup.dup.dup.dup.dup.dup.dup.dup.dup.dup.dup.dup.dup.dup.dup.dup.dup.dup.dup.dup.dup.dup.dup.dup.dup.dup.dup.dup.dup.dup.dup.dup.dup.dup.dup.dup.dup.dup.dup.dup.json: [Errno 36] File name too long: '/home/mystic/Documentos/Sonora Digital Corp Nuevo/01_Core_Platform/03_Agentic_Infrastructure/Databases/Aztrotech_Citas/leads/prospecto_20260807.done.done.done.done.done.done.dup.dup.dup.dup.dup.dup.dup.dup.dup.dup.dup.dup.dup.dup.dup.dup.dup.dup.dup.dup.dup.dup.dup.dup.dup.dup.dup.dup.dup.dup.dup.dup.dup.dup.dup.dup.dup.dup.dup.dup.dup.dup.dup.dup.dup.dup.dup.dup.dup.dup.json' -> '/home/mystic/Documentos/Sonora Digital Corp Nuevo/01_Core_Platform/03_Agentic_Infrastructure/Databases/Aztrotech_Citas/leads/prospecto_20260807.done.done.done.done.done.done.dup.dup.dup.dup.dup.dup.dup.dup.dup.dup.dup.dup.dup.dup.dup.dup.dup.dup.dup.dup.dup.dup.dup.dup.dup.dup.dup.dup.dup.dup.dup.dup.dup.dup.dup.dup.dup.dup.dup.dup.dup.dup.dup.dup.dup.dup.dup.dup.dup.dup.dup.json'
[INGEST] 0 leads nuevos, 0 duplicados saltados.
[DUP LEAD] prospecto_20260807.done.done.done.done.done.done.dup.dup.dup.dup.dup.dup.dup.dup.dup.dup.dup.dup.dup.dup.dup.dup.dup.dup.dup.dup.dup.dup.dup.dup.dup.dup.dup.dup.dup.dup.dup.dup.dup.dup.dup.dup.dup.dup.dup.dup.dup.dup.dup.dup.dup.dup.dup.dup.dup.dup.json: ya existe cita #4. skip
[LEAD FAIL] prospecto_20260807.done.done.done.done.done.done.dup.dup.dup.dup.dup.dup.dup.dup.dup.dup.dup.dup.dup.dup.dup.dup.dup.dup.dup.dup.dup.dup.dup.dup.dup.dup.dup.dup.dup.dup.dup.dup.dup.dup.dup.dup.dup.dup.dup.dup.dup.dup.dup.dup.dup.dup.dup.dup.dup.dup.json: [Errno 36] File name too long: '/home/mystic/Documentos/Sonora Digital Corp Nuevo/01_Core_Platform/03_Agentic_Infrastructure/Databases/Aztrotech_Citas/leads/prospecto_20260807.done.done.done.done.done.done.dup.dup.dup.dup.dup.dup.dup.dup.dup.dup.dup.dup.dup.dup.dup.dup.dup.dup.dup.dup.dup.dup.dup.dup.dup.dup.dup.dup.dup.dup.dup.dup.dup.dup.dup.dup.dup.dup.dup.dup.dup.dup.dup.dup.dup.dup.dup.dup.dup.dup.json' -> '/home/mystic/Documentos/Sonora Digital Corp Nuevo/01_Core_Platform/03_Agentic_Infrastructure/Databases/Aztrotech_Citas/leads/prospecto_20260807.done.done.done.done.done.done.dup.dup.dup.dup.dup.dup.dup.dup.dup.dup.dup.dup.dup.dup.dup.dup.dup.dup.dup.dup.dup.dup.dup.dup.dup.dup.dup.dup.dup.dup.dup.dup.dup.dup.dup.dup.dup.dup.dup.dup.dup.dup.dup.dup.dup.dup.dup.dup.dup.dup.dup.json'
[INGEST] 0 leads nuevos, 0 duplicados saltados.
[DUP LEAD] prospecto_20260807.done.done.done.done.done.done.dup.dup.dup.dup.dup.dup.dup.dup.dup.dup.dup.dup.dup.dup.dup.dup.dup.dup.dup.dup.dup.dup.dup.dup.dup.dup.dup.dup.dup.dup.dup.dup.dup.dup.dup.dup.dup.dup.dup.dup.dup.dup.dup.dup.dup.dup.dup.dup.dup.dup.json: ya existe cita #4. skip
[LEAD FAIL] prospecto_20260807.done.done.done.done.done.done.dup.dup.dup.dup.dup.dup.dup.dup.dup.dup.dup.dup.dup.dup.dup.dup.dup.dup.dup.dup.dup.dup.dup.dup.dup.dup.dup.dup.dup.dup.dup.dup.dup.dup.dup.dup.dup.dup.dup.dup.dup.dup.dup.dup.dup.dup.dup.dup.dup.dup.json: [Errno 36] File name too long: '/home/mystic/Documentos/Sonora Digital Corp Nuevo/01_Core_Platform/03_Agentic_Infrastructure/Databases/Aztrotech_Citas/leads/prospecto_20260807.done.done.done.done.done.done.dup.dup.dup.dup.dup.dup.dup.dup.dup.dup.dup.dup.dup.dup.dup.dup.dup.dup.dup.dup.dup.dup.dup.dup.dup.dup.dup.dup.dup.dup.dup.dup.dup.dup.dup.dup.dup.dup.dup.dup.dup.dup.dup.dup.dup.dup.dup.dup.dup.dup.json' -> '/home/mystic/Documentos/Sonora Digital Corp Nuevo/01_Core_Platform/03_Agentic_Infrastructure/Databases/Aztrotech_Citas/leads/prospecto_20260807.done.done.done.done.done.done.dup.dup.dup.dup.dup.dup.dup.dup.dup.dup.dup.dup.dup.dup.dup.dup.dup.dup.dup.dup.dup.dup.dup.dup.dup.dup.dup.dup.dup.dup.dup.dup.dup.dup.dup.dup.dup.dup.dup.dup.dup.dup.dup.dup.dup.dup.dup.dup.dup.dup.dup.json'
[INGEST] 0 leads nuevos, 0 duplicados saltados.
[DUP LEAD] prospecto_20260807.done.done.done.done.done.done.dup.dup.dup.dup.dup.dup.dup.dup.dup.dup.dup.dup.dup.dup.dup.dup.dup.dup.dup.dup.dup.dup.dup.dup.dup.dup.dup.dup.dup.dup.dup.dup.dup.dup.dup.dup.dup.dup.dup.dup.dup.dup.dup.dup.dup.dup.dup.dup.dup.dup.json: ya existe cita #4. skip
[LEAD FAIL] prospecto_20260807.done.done.done.done.done.done.dup.dup.dup.dup.dup.dup.dup.dup.dup.dup.dup.dup.dup.dup.dup.dup.dup.dup.dup.dup.dup.dup.dup.dup.dup.dup.dup.dup.dup.dup.dup.dup.dup.dup.dup.dup.dup.dup.dup.dup.dup.dup.dup.dup.dup.dup.dup.dup.dup.dup.json: [Errno 36] File name too long: '/home/mystic/Documentos/Sonora Digital Corp Nuevo/01_Core_Platform/03_Agentic_Infrastructure/Databases/Aztrotech_Citas/leads/prospecto_20260807.done.done.done.done.done.done.dup.dup.dup.dup.dup.dup.dup.dup.dup.dup.dup.dup.dup.dup.dup.dup.dup.dup.dup.dup.dup.dup.dup.dup.dup.dup.dup.dup.dup.dup.dup.dup.dup.dup.dup.dup.dup.dup.dup.dup.dup.dup.dup.dup.dup.dup.dup.dup.dup.dup.json' -> '/home/mystic/Documentos/Sonora Digital Corp Nuevo/01_Core_Platform/03_Agentic_Infrastructure/Databases/Aztrotech_Citas/leads/prospecto_20260807.done.done.done.done.done.done.dup.dup.dup.dup.dup.dup.dup.dup.dup.dup.dup.dup.dup.dup.dup.dup.dup.dup.dup.dup.dup.dup.dup.dup.dup.dup.dup.dup.dup.dup.dup.dup.dup.dup.dup.dup.dup.dup.dup.dup.dup.dup.dup.dup.dup.dup.dup.dup.dup.dup.dup.json'
[INGEST] 0 leads nuevos, 0 duplicados saltados.
[DUP LEAD] prospecto_20260807.done.done.done.done.done.done.dup.dup.dup.dup.dup.dup.dup.dup.dup.dup.dup.dup.dup.dup.dup.dup.dup.dup.dup.dup.dup.dup.dup.dup.dup.dup.dup.dup.dup.dup.dup.dup.dup.dup.dup.dup.dup.dup.dup.dup.dup.dup.dup.dup.dup.dup.dup.dup.dup.dup.json: ya existe cita #4. skip
[LEAD FAIL] prospecto_20260807.done.done.done.done.done.done.dup.dup.dup.dup.dup.dup.dup.dup.dup.dup.dup.dup.dup.dup.dup.dup.dup.dup.dup.dup.dup.dup.dup.dup.dup.dup.dup.dup.dup.dup.dup.dup.dup.dup.dup.dup.dup.dup.dup.dup.dup.dup.dup.dup.dup.dup.dup.dup.dup.dup.json: [Errno 36] File name too long: '/home/mystic/Documentos/Sonora Digital Corp Nuevo/01_Core_Platform/03_Agentic_Infrastructure/Databases/Aztrotech_Citas/leads/prospecto_20260807.done.done.done.done.done.done.dup.dup.dup.dup.dup.dup.dup.dup.dup.dup.dup.dup.dup.dup.dup.dup.dup.dup.dup.dup.dup.dup.dup.dup.dup.dup.dup.dup.dup.dup.dup.dup.dup.dup.dup.dup.dup.dup.dup.dup.dup.dup.dup.dup.dup.dup.dup.dup.dup.dup.json' -> '/home/mystic/Documentos/Sonora Digital Corp Nuevo/01_Core_Platform/03_Agentic_Infrastructure/Databases/Aztrotech_Citas/leads/prospecto_20260807.done.done.done.done.done.done.dup.dup.dup.dup.dup.dup.dup.dup.dup.dup.dup.dup.dup.dup.dup.dup.dup.dup.dup.dup.dup.dup.dup.dup.dup.dup.dup.dup.dup.dup.dup.dup.dup.dup.dup.dup.dup.dup.dup.dup.dup.dup.dup.dup.dup.dup.dup.dup.dup.dup.dup.json'
[INGEST] 0 leads nuevos, 0 duplicados saltados.
[DUP LEAD] prospecto_20260807.done.done.done.done.done.done.dup.dup.dup.dup.dup.dup.dup.dup.dup.dup.dup.dup.dup.dup.dup.dup.dup.dup.dup.dup.dup.dup.dup.dup.dup.dup.dup.dup.dup.dup.dup.dup.dup.dup.dup.dup.dup.dup.dup.dup.dup.dup.dup.dup.dup.dup.dup.dup.dup.dup.json: ya existe cita #4. skip
[LEAD FAIL] prospecto_20260807.done.done.done.done.done.done.dup.dup.dup.dup.dup.dup.dup.dup.dup.dup.dup.dup.dup.dup.dup.dup.dup.dup.dup.dup.dup.dup.dup.dup.dup.dup.dup.dup.dup.dup.dup.dup.dup.dup.dup.dup.dup.dup.dup.dup.dup.dup.dup.dup.dup.dup.dup.dup.dup.dup.json: [Errno 36] File name too long: '/home/mystic/Documentos/Sonora Digital Corp Nuevo/01_Core_Platform/03_Agentic_Infrastructure/Databases/Aztrotech_Citas/leads/prospecto_20260807.done.done.done.done.done.done.dup.dup.dup.dup.dup.dup.dup.dup.dup.dup.dup.dup.dup.dup.dup.dup.dup.dup.dup.dup.dup.dup.dup.dup.dup.dup.dup.dup.dup.dup.dup.dup.dup.dup.dup.dup.dup.dup.dup.dup.dup.dup.dup.dup.dup.dup.dup.dup.dup.dup.json' -> '/home/mystic/Documentos/Sonora Digital Corp Nuevo/01_Core_Platform/03_Agentic_Infrastructure/Databases/Aztrotech_Citas/leads/prospecto_20260807.done.done.done.done.done.done.dup.dup.dup.dup.dup.dup.dup.dup.dup.dup.dup.dup.dup.dup.dup.dup.dup.dup.dup.dup.dup.dup.dup.dup.dup.dup.dup.dup.dup.dup.dup.dup.dup.dup.dup.dup.dup.dup.dup.dup.dup.dup.dup.dup.dup.dup.dup.dup.dup.dup.dup.json'
[INGEST] 0 leads nuevos, 0 duplicados saltados.
[DUP LEAD] prospecto_20260807.done.done.done.done.done.done.dup.dup.dup.dup.dup.dup.dup.dup.dup.dup.dup.dup.dup.dup.dup.dup.dup.dup.dup.dup.dup.dup.dup.dup.dup.dup.dup.dup.dup.dup.dup.dup.dup.dup.dup.dup.dup.dup.dup.dup.dup.dup.dup.dup.dup.dup.dup.dup.dup.dup.json: ya existe cita #4. skip
[LEAD FAIL] prospecto_20260807.done.done.done.done.done.done.dup.dup.dup.dup.dup.dup.dup.dup.dup.dup.dup.dup.dup.dup.dup.dup.dup.dup.dup.dup.dup.dup.dup.dup.dup.dup.dup.dup.dup.dup.dup.dup.dup.dup.dup.dup.dup.dup.dup.dup.dup.dup.dup.dup.dup.dup.dup.dup.dup.dup.json: [Errno 36] File name too long: '/home/mystic/Documentos/Sonora Digital Corp Nuevo/01_Core_Platform/03_Agentic_Infrastructure/Databases/Aztrotech_Citas/leads/prospecto_20260807.done.done.done.done.done.done.dup.dup.dup.dup.dup.dup.dup.dup.dup.dup.dup.dup.dup.dup.dup.dup.dup.dup.dup.dup.dup.dup.dup.dup.dup.dup.dup.dup.dup.dup.dup.dup.dup.dup.dup.dup.dup.dup.dup.dup.dup.dup.dup.dup.dup.dup.dup.dup.dup.dup.json' -> '/home/mystic/Documentos/Sonora Digital Corp Nuevo/01_Core_Platform/03_Agentic_Infrastructure/Databases/Aztrotech_Citas/leads/prospecto_20260807.done.done.done.done.done.done.dup.dup.dup.dup.dup.dup.dup.dup.dup.dup.dup.dup.dup.dup.dup.dup.dup.dup.dup.dup.dup.dup.dup.dup.dup.dup.dup.dup.dup.dup.dup.dup.dup.dup.dup.dup.dup.dup.dup.dup.dup.dup.dup.dup.dup.dup.dup.dup.dup.dup.dup.json'
[INGEST] 0 leads nuevos, 0 duplicados saltados.
[DUP LEAD] prospecto_20260807.done.done.done.done.done.done.dup.dup.dup.dup.dup.dup.dup.dup.dup.dup.dup.dup.dup.dup.dup.dup.dup.dup.dup.dup.dup.dup.dup.dup.dup.dup.dup.dup.dup.dup.dup.dup.dup.dup.dup.dup.dup.dup.dup.dup.dup.dup.dup.dup.dup.dup.dup.dup.dup.dup.json: ya existe cita #4. skip
[LEAD FAIL] prospecto_20260807.done.done.done.done.done.done.dup.dup.dup.dup.dup.dup.dup.dup.dup.dup.dup.dup.dup.dup.dup.dup.dup.dup.dup.dup.dup.dup.dup.dup.dup.dup.dup.dup.dup.dup.dup.dup.dup.dup.dup.dup.dup.dup.dup.dup.dup.dup.dup.dup.dup.dup.dup.dup.dup.dup.json: [Errno 36] File name too long: '/home/mystic/Documentos/Sonora Digital Corp Nuevo/01_Core_Platform/03_Agentic_Infrastructure/Databases/Aztrotech_Citas/leads/prospecto_20260807.done.done.done.done.done.done.dup.dup.dup.dup.dup.dup.dup.dup.dup.dup.dup.dup.dup.dup.dup.dup.dup.dup.dup.dup.dup.dup.dup.dup.dup.dup.dup.dup.dup.dup.dup.dup.dup.dup.dup.dup.dup.dup.dup.dup.dup.dup.dup.dup.dup.dup.dup.dup.dup.dup.json' -> '/home/mystic/Documentos/Sonora Digital Corp Nuevo/01_Core_Platform/03_Agentic_Infrastructure/Databases/Aztrotech_Citas/leads/prospecto_20260807.done.done.done.done.done.done.dup.dup.dup.dup.dup.dup.dup.dup.dup.dup.dup.dup.dup.dup.dup.dup.dup.dup.dup.dup.dup.dup.dup.dup.dup.dup.dup.dup.dup.dup.dup.dup.dup.dup.dup.dup.dup.dup.dup.dup.dup.dup.dup.dup.dup.dup.dup.dup.dup.dup.dup.json'
[INGEST] 0 leads nuevos, 0 duplicados saltados.
[DUP LEAD] prospecto_20260807.done.done.done.done.done.done.dup.dup.dup.dup.dup.dup.dup.dup.dup.dup.dup.dup.dup.dup.dup.dup.dup.dup.dup.dup.dup.dup.dup.dup.dup.dup.dup.dup.dup.dup.dup.dup.dup.dup.dup.dup.dup.dup.dup.dup.dup.dup.dup.dup.dup.dup.dup.dup.dup.dup.json: ya existe cita #4. skip
[LEAD FAIL] prospecto_20260807.done.done.done.done.done.done.dup.dup.dup.dup.dup.dup.dup.dup.dup.dup.dup.dup.dup.dup.dup.dup.dup.dup.dup.dup.dup.dup.dup.dup.dup.dup.dup.dup.dup.dup.dup.dup.dup.dup.dup.dup.dup.dup.dup.dup.dup.dup.dup.dup.dup.dup.dup.dup.dup.dup.json: [Errno 36] File name too long: '/home/mystic/Documentos/Sonora Digital Corp Nuevo/01_Core_Platform/03_Agentic_Infrastructure/Databases/Aztrotech_Citas/leads/prospecto_20260807.done.done.done.done.done.done.dup.dup.dup.dup.dup.dup.dup.dup.dup.dup.dup.dup.dup.dup.dup.dup.dup.dup.dup.dup.dup.dup.dup.dup.dup.dup.dup.dup.dup.dup.dup.dup.dup.dup.dup.dup.dup.dup.dup.dup.dup.dup.dup.dup.dup.dup.dup.dup.dup.dup.json' -> '/home/mystic/Documentos/Sonora Digital Corp Nuevo/01_Core_Platform/03_Agentic_Infrastructure/Databases/Aztrotech_Citas/leads/prospecto_20260807.done.done.done.done.done.done.dup.dup.dup.dup.dup.dup.dup.dup.dup.dup.dup.dup.dup.dup.dup.dup.dup.dup.dup.dup.dup.dup.dup.dup.dup.dup.dup.dup.dup.dup.dup.dup.dup.dup.dup.dup.dup.dup.dup.dup.dup.dup.dup.dup.dup.dup.dup.dup.dup.dup.dup.json'
[INGEST] 0 leads nuevos, 0 duplicados saltados.
[DUP LEAD] prospecto_20260807.done.done.done.done.done.done.dup.dup.dup.dup.dup.dup.dup.dup.dup.dup.dup.dup.dup.dup.dup.dup.dup.dup.dup.dup.dup.dup.dup.dup.dup.dup.dup.dup.dup.dup.dup.dup.dup.dup.dup.dup.dup.dup.dup.dup.dup.dup.dup.dup.dup.dup.dup.dup.dup.dup.json: ya existe cita #4. skip
[LEAD FAIL] prospecto_20260807.done.done.done.done.done.done.dup.dup.dup.dup.dup.dup.dup.dup.dup.dup.dup.dup.dup.dup.dup.dup.dup.dup.dup.dup.dup.dup.dup.dup.dup.dup.dup.dup.dup.dup.dup.dup.dup.dup.dup.dup.dup.dup.dup.dup.dup.dup.dup.dup.dup.dup.dup.dup.dup.dup.json: [Errno 36] File name too long: '/home/mystic/Documentos/Sonora Digital Corp Nuevo/01_Core_Platform/03_Agentic_Infrastructure/Databases/Aztrotech_Citas/leads/prospecto_20260807.done.done.done.done.done.done.dup.dup.dup.dup.dup.dup.dup.dup.dup.dup.dup.dup.dup.dup.dup.dup.dup.dup.dup.dup.dup.dup.dup.dup.dup.dup.dup.dup.dup.dup.dup.dup.dup.dup.dup.dup.dup.dup.dup.dup.dup.dup.dup.dup.dup.dup.dup.dup.dup.dup.json' -> '/home/mystic/Documentos/Sonora Digital Corp Nuevo/01_Core_Platform/03_Agentic_Infrastructure/Databases/Aztrotech_Citas/leads/prospecto_20260807.done.done.done.done.done.done.dup.dup.dup.dup.dup.dup.dup.dup.dup.dup.dup.dup.dup.dup.dup.dup.dup.dup.dup.dup.dup.dup.dup.dup.dup.dup.dup.dup.dup.dup.dup.dup.dup.dup.dup.dup.dup.dup.dup.dup.dup.dup.dup.dup.dup.dup.dup.dup.dup.dup.dup.json'
[INGEST] 0 leads nuevos, 0 duplicados saltados.
[DUP LEAD] prospecto_20260807.done.done.done.done.done.done.dup.dup.dup.dup.dup.dup.dup.dup.dup.dup.dup.dup.dup.dup.dup.dup.dup.dup.dup.dup.dup.dup.dup.dup.dup.dup.dup.dup.dup.dup.dup.dup.dup.dup.dup.dup.dup.dup.dup.dup.dup.dup.dup.dup.dup.dup.dup.dup.dup.dup.json: ya existe cita #4. skip
[LEAD FAIL] prospecto_20260807.done.done.done.done.done.done.dup.dup.dup.dup.dup.dup.dup.dup.dup.dup.dup.dup.dup.dup.dup.dup.dup.dup.dup.dup.dup.dup.dup.dup.dup.dup.dup.dup.dup.dup.dup.dup.dup.dup.dup.dup.dup.dup.dup.dup.dup.dup.dup.dup.dup.dup.dup.dup.dup.dup.json: [Errno 36] File name too long: '/home/mystic/Documentos/Sonora Digital Corp Nuevo/01_Core_Platform/03_Agentic_Infrastructure/Databases/Aztrotech_Citas/leads/prospecto_20260807.done.done.done.done.done.done.dup.dup.dup.dup.dup.dup.dup.dup.dup.dup.dup.dup.dup.dup.dup.dup.dup.dup.dup.dup.dup.dup.dup.dup.dup.dup.dup.dup.dup.dup.dup.dup.dup.dup.dup.dup.dup.dup.dup.dup.dup.dup.dup.dup.dup.dup.dup.dup.dup.dup.json' -> '/home/mystic/Documentos/Sonora Digital Corp Nuevo/01_Core_Platform/03_Agentic_Infrastructure/Databases/Aztrotech_Citas/leads/prospecto_20260807.done.done.done.done.done.done.dup.dup.dup.dup.dup.dup.dup.dup.dup.dup.dup.dup.dup.dup.dup.dup.dup.dup.dup.dup.dup.dup.dup.dup.dup.dup.dup.dup.dup.dup.dup.dup.dup.dup.dup.dup.dup.dup.dup.dup.dup.dup.dup.dup.dup.dup.dup.dup.dup.dup.dup.json'
[INGEST] 0 leads nuevos, 0 duplicados saltados.
[DUP LEAD] prospecto_20260807.done.done.done.done.done.done.dup.dup.dup.dup.dup.dup.dup.dup.dup.dup.dup.dup.dup.dup.dup.dup.dup.dup.dup.dup.dup.dup.dup.dup.dup.dup.dup.dup.dup.dup.dup.dup.dup.dup.dup.dup.dup.dup.dup.dup.dup.dup.dup.dup.dup.dup.dup.dup.dup.dup.json: ya existe cita #4. skip
[LEAD FAIL] prospecto_20260807.done.done.done.done.done.done.dup.dup.dup.dup.dup.dup.dup.dup.dup.dup.dup.dup.dup.dup.dup.dup.dup.dup.dup.dup.dup.dup.dup.dup.dup.dup.dup.dup.dup.dup.dup.dup.dup.dup.dup.dup.dup.dup.dup.dup.dup.dup.dup.dup.dup.dup.dup.dup.dup.dup.json: [Errno 36] File name too long: '/home/mystic/Documentos/Sonora Digital Corp Nuevo/01_Core_Platform/03_Agentic_Infrastructure/Databases/Aztrotech_Citas/leads/prospecto_20260807.done.done.done.done.done.done.dup.dup.dup.dup.dup.dup.dup.dup.dup.dup.dup.dup.dup.dup.dup.dup.dup.dup.dup.dup.dup.dup.dup.dup.dup.dup.dup.dup.dup.dup.dup.dup.dup.dup.dup.dup.dup.dup.dup.dup.dup.dup.dup.dup.dup.dup.dup.dup.dup.dup.json' -> '/home/mystic/Documentos/Sonora Digital Corp Nuevo/01_Core_Platform/03_Agentic_Infrastructure/Databases/Aztrotech_Citas/leads/prospecto_20260807.done.done.done.done.done.done.dup.dup.dup.dup.dup.dup.dup.dup.dup.dup.dup.dup.dup.dup.dup.dup.dup.dup.dup.dup.dup.dup.dup.dup.dup.dup.dup.dup.dup.dup.dup.dup.dup.dup.dup.dup.dup.dup.dup.dup.dup.dup.dup.dup.dup.dup.dup.dup.dup.dup.dup.json'
[INGEST] 0 leads nuevos, 0 duplicados saltados.
[DUP LEAD] prospecto_20260807.done.done.done.done.done.done.dup.dup.dup.dup.dup.dup.dup.dup.dup.dup.dup.dup.dup.dup.dup.dup.dup.dup.dup.dup.dup.dup.dup.dup.dup.dup.dup.dup.dup.dup.dup.dup.dup.dup.dup.dup.dup.dup.dup.dup.dup.dup.dup.dup.dup.dup.dup.dup.dup.dup.json: ya existe cita #4. skip
[LEAD FAIL] prospecto_20260807.done.done.done.done.done.done.dup.dup.dup.dup.dup.dup.dup.dup.dup.dup.dup.dup.dup.dup.dup.dup.dup.dup.dup.dup.dup.dup.dup.dup.dup.dup.dup.dup.dup.dup.dup.dup.dup.dup.dup.dup.dup.dup.dup.dup.dup.dup.dup.dup.dup.dup.dup.dup.dup.dup.json: [Errno 36] File name too long: '/home/mystic/Documentos/Sonora Digital Corp Nuevo/01_Core_Platform/03_Agentic_Infrastructure/Databases/Aztrotech_Citas/leads/prospecto_20260807.done.done.done.done.done.done.dup.dup.dup.dup.dup.dup.dup.dup.dup.dup.dup.dup.dup.dup.dup.dup.dup.dup.dup.dup.dup.dup.dup.dup.dup.dup.dup.dup.dup.dup.dup.dup.dup.dup.dup.dup.dup.dup.dup.dup.dup.dup.dup.dup.dup.dup.dup.dup.dup.dup.json' -> '/home/mystic/Documentos/Sonora Digital Corp Nuevo/01_Core_Platform/03_Agentic_Infrastructure/Databases/Aztrotech_Citas/leads/prospecto_20260807.done.done.done.done.done.done.dup.dup.dup.dup.dup.dup.dup.dup.dup.dup.dup.dup.dup.dup.dup.dup.dup.dup.dup.dup.dup.dup.dup.dup.dup.dup.dup.dup.dup.dup.dup.dup.dup.dup.dup.dup.dup.dup.dup.dup.dup.dup.dup.dup.dup.dup.dup.dup.dup.dup.dup.json'
[INGEST] 0 leads nuevos, 0 duplicados saltados.
[DUP LEAD] prospecto_20260807.done.done.done.done.done.done.dup.dup.dup.dup.dup.dup.dup.dup.dup.dup.dup.dup.dup.dup.dup.dup.dup.dup.dup.dup.dup.dup.dup.dup.dup.dup.dup.dup.dup.dup.dup.dup.dup.dup.dup.dup.dup.dup.dup.dup.dup.dup.dup.dup.dup.dup.dup.dup.dup.dup.json: ya existe cita #4. skip
[LEAD FAIL] prospecto_20260807.done.done.done.done.done.done.dup.dup.dup.dup.dup.dup.dup.dup.dup.dup.dup.dup.dup.dup.dup.dup.dup.dup.dup.dup.dup.dup.dup.dup.dup.dup.dup.dup.dup.dup.dup.dup.dup.dup.dup.dup.dup.dup.dup.dup.dup.dup.dup.dup.dup.dup.dup.dup.dup.dup.json: [Errno 36] File name too long: '/home/mystic/Documentos/Sonora Digital Corp Nuevo/01_Core_Platform/03_Agentic_Infrastructure/Databases/Aztrotech_Citas/leads/prospecto_20260807.done.done.done.done.done.done.dup.dup.dup.dup.dup.dup.dup.dup.dup.dup.dup.dup.dup.dup.dup.dup.dup.dup.dup.dup.dup.dup.dup.dup.dup.dup.dup.dup.dup.dup.dup.dup.dup.dup.dup.dup.dup.dup.dup.dup.dup.dup.dup.dup.dup.dup.dup.dup.dup.dup.json' -> '/home/mystic/Documentos/Sonora Digital Corp Nuevo/01_Core_Platform/03_Agentic_Infrastructure/Databases/Aztrotech_Citas/leads/prospecto_20260807.done.done.done.done.done.done.dup.dup.dup.dup.dup.dup.dup.dup.dup.dup.dup.dup.dup.dup.dup.dup.dup.dup.dup.dup.dup.dup.dup.dup.dup.dup.dup.dup.dup.dup.dup.dup.dup.dup.dup.dup.dup.dup.dup.dup.dup.dup.dup.dup.dup.dup.dup.dup.dup.dup.dup.json'
[INGEST] 0 leads nuevos, 0 duplicados saltados.
[DUP LEAD] prospecto_20260807.done.done.done.done.done.done.dup.dup.dup.dup.dup.dup.dup.dup.dup.dup.dup.dup.dup.dup.dup.dup.dup.dup.dup.dup.dup.dup.dup.dup.dup.dup.dup.dup.dup.dup.dup.dup.dup.dup.dup.dup.dup.dup.dup.dup.dup.dup.dup.dup.dup.dup.dup.dup.dup.dup.json: ya existe cita #4. skip
[LEAD FAIL] prospecto_20260807.done.done.done.done.done.done.dup.dup.dup.dup.dup.dup.dup.dup.dup.dup.dup.dup.dup.dup.dup.dup.dup.dup.dup.dup.dup.dup.dup.dup.dup.dup.dup.dup.dup.dup.dup.dup.dup.dup.dup.dup.dup.dup.dup.dup.dup.dup.dup.dup.dup.dup.dup.dup.dup.dup.json: [Errno 36] File name too long: '/home/mystic/Documentos/Sonora Digital Corp Nuevo/01_Core_Platform/03_Agentic_Infrastructure/Databases/Aztrotech_Citas/leads/prospecto_20260807.done.done.done.done.done.done.dup.dup.dup.dup.dup.dup.dup.dup.dup.dup.dup.dup.dup.dup.dup.dup.dup.dup.dup.dup.dup.dup.dup.dup.dup.dup.dup.dup.dup.dup.dup.dup.dup.dup.dup.dup.dup.dup.dup.dup.dup.dup.dup.dup.dup.dup.dup.dup.dup.dup.json' -> '/home/mystic/Documentos/Sonora Digital Corp Nuevo/01_Core_Platform/03_Agentic_Infrastructure/Databases/Aztrotech_Citas/leads/prospecto_20260807.done.done.done.done.done.done.dup.dup.dup.dup.dup.dup.dup.dup.dup.dup.dup.dup.dup.dup.dup.dup.dup.dup.dup.dup.dup.dup.dup.dup.dup.dup.dup.dup.dup.dup.dup.dup.dup.dup.dup.dup.dup.dup.dup.dup.dup.dup.dup.dup.dup.dup.dup.dup.dup.dup.dup.json'
[INGEST] 0 leads nuevos, 0 duplicados saltados.
[DUP LEAD] prospecto_20260807.done.done.done.done.done.done.dup.dup.dup.dup.dup.dup.dup.dup.dup.dup.dup.dup.dup.dup.dup.dup.dup.dup.dup.dup.dup.dup.dup.dup.dup.dup.dup.dup.dup.dup.dup.dup.dup.dup.dup.dup.dup.dup.dup.dup.dup.dup.dup.dup.dup.dup.dup.dup.dup.dup.json: ya existe cita #4. skip
[LEAD FAIL] prospecto_20260807.done.done.done.done.done.done.dup.dup.dup.dup.dup.dup.dup.dup.dup.dup.dup.dup.dup.dup.dup.dup.dup.dup.dup.dup.dup.dup.dup.dup.dup.dup.dup.dup.dup.dup.dup.dup.dup.dup.dup.dup.dup.dup.dup.dup.dup.dup.dup.dup.dup.dup.dup.dup.dup.dup.json: [Errno 36] File name too long: '/home/mystic/Documentos/Sonora Digital Corp Nuevo/01_Core_Platform/03_Agentic_Infrastructure/Databases/Aztrotech_Citas/leads/prospecto_20260807.done.done.done.done.done.done.dup.dup.dup.dup.dup.dup.dup.dup.dup.dup.dup.dup.dup.dup.dup.dup.dup.dup.dup.dup.dup.dup.dup.dup.dup.dup.dup.dup.dup.dup.dup.dup.dup.dup.dup.dup.dup.dup.dup.dup.dup.dup.dup.dup.dup.dup.dup.dup.dup.dup.json' -> '/home/mystic/Documentos/Sonora Digital Corp Nuevo/01_Core_Platform/03_Agentic_Infrastructure/Databases/Aztrotech_Citas/leads/prospecto_20260807.done.done.done.done.done.done.dup.dup.dup.dup.dup.dup.dup.dup.dup.dup.dup.dup.dup.dup.dup.dup.dup.dup.dup.dup.dup.dup.dup.dup.dup.dup.dup.dup.dup.dup.dup.dup.dup.dup.dup.dup.dup.dup.dup.dup.dup.dup.dup.dup.dup.dup.dup.dup.dup.dup.dup.json'
[INGEST] 0 leads nuevos, 0 duplicados saltados.
[DUP LEAD] prospecto_20260807.done.done.done.done.done.done.dup.dup.dup.dup.dup.dup.dup.dup.dup.dup.dup.dup.dup.dup.dup.dup.dup.dup.dup.dup.dup.dup.dup.dup.dup.dup.dup.dup.dup.dup.dup.dup.dup.dup.dup.dup.dup.dup.dup.dup.dup.dup.dup.dup.dup.dup.dup.dup.dup.dup.json: ya existe cita #4. skip
[LEAD FAIL] prospecto_20260807.done.done.done.done.done.done.dup.dup.dup.dup.dup.dup.dup.dup.dup.dup.dup.dup.dup.dup.dup.dup.dup.dup.dup.dup.dup.dup.dup.dup.dup.dup.dup.dup.dup.dup.dup.dup.dup.dup.dup.dup.dup.dup.dup.dup.dup.dup.dup.dup.dup.dup.dup.dup.dup.dup.json: [Errno 36] File name too long: '/home/mystic/Documentos/Sonora Digital Corp Nuevo/01_Core_Platform/03_Agentic_Infrastructure/Databases/Aztrotech_Citas/leads/prospecto_20260807.done.done.done.done.done.done.dup.dup.dup.dup.dup.dup.dup.dup.dup.dup.dup.dup.dup.dup.dup.dup.dup.dup.dup.dup.dup.dup.dup.dup.dup.dup.dup.dup.dup.dup.dup.dup.dup.dup.dup.dup.dup.dup.dup.dup.dup.dup.dup.dup.dup.dup.dup.dup.dup.dup.json' -> '/home/mystic/Documentos/Sonora Digital Corp Nuevo/01_Core_Platform/03_Agentic_Infrastructure/Databases/Aztrotech_Citas/leads/prospecto_20260807.done.done.done.done.done.done.dup.dup.dup.dup.dup.dup.dup.dup.dup.dup.dup.dup.dup.dup.dup.dup.dup.dup.dup.dup.dup.dup.dup.dup.dup.dup.dup.dup.dup.dup.dup.dup.dup.dup.dup.dup.dup.dup.dup.dup.dup.dup.dup.dup.dup.dup.dup.dup.dup.dup.dup.json'
[INGEST] 0 leads nuevos, 0 duplicados saltados.
[DUP LEAD] prospecto_20260807.done.done.done.done.done.done.dup.dup.dup.dup.dup.dup.dup.dup.dup.dup.dup.dup.dup.dup.dup.dup.dup.dup.dup.dup.dup.dup.dup.dup.dup.dup.dup.dup.dup.dup.dup.dup.dup.dup.dup.dup.dup.dup.dup.dup.dup.dup.dup.dup.dup.dup.dup.dup.dup.dup.json: ya existe cita #4. skip
[LEAD FAIL] prospecto_20260807.done.done.done.done.done.done.dup.dup.dup.dup.dup.dup.dup.dup.dup.dup.dup.dup.dup.dup.dup.dup.dup.dup.dup.dup.dup.dup.dup.dup.dup.dup.dup.dup.dup.dup.dup.dup.dup.dup.dup.dup.dup.dup.dup.dup.dup.dup.dup.dup.dup.dup.dup.dup.dup.dup.json: [Errno 36] File name too long: '/home/mystic/Documentos/Sonora Digital Corp Nuevo/01_Core_Platform/03_Agentic_Infrastructure/Databases/Aztrotech_Citas/leads/prospecto_20260807.done.done.done.done.done.done.dup.dup.dup.dup.dup.dup.dup.dup.dup.dup.dup.dup.dup.dup.dup.dup.dup.dup.dup.dup.dup.dup.dup.dup.dup.dup.dup.dup.dup.dup.dup.dup.dup.dup.dup.dup.dup.dup.dup.dup.dup.dup.dup.dup.dup.dup.dup.dup.dup.dup.json' -> '/home/mystic/Documentos/Sonora Digital Corp Nuevo/01_Core_Platform/03_Agentic_Infrastructure/Databases/Aztrotech_Citas/leads/prospecto_20260807.done.done.done.done.done.done.dup.dup.dup.dup.dup.dup.dup.dup.dup.dup.dup.dup.dup.dup.dup.dup.dup.dup.dup.dup.dup.dup.dup.dup.dup.dup.dup.dup.dup.dup.dup.dup.dup.dup.dup.dup.dup.dup.dup.dup.dup.dup.dup.dup.dup.dup.dup.dup.dup.dup.dup.json'
[INGEST] 0 leads nuevos, 0 duplicados saltados.
[DUP LEAD] prospecto_20260807.done.done.done.done.done.done.dup.dup.dup.dup.dup.dup.dup.dup.dup.dup.dup.dup.dup.dup.dup.dup.dup.dup.dup.dup.dup.dup.dup.dup.dup.dup.dup.dup.dup.dup.dup.dup.dup.dup.dup.dup.dup.dup.dup.dup.dup.dup.dup.dup.dup.dup.dup.dup.dup.dup.json: ya existe cita #4. skip
[LEAD FAIL] prospecto_20260807.done.done.done.done.done.done.dup.dup.dup.dup.dup.dup.dup.dup.dup.dup.dup.dup.dup.dup.dup.dup.dup.dup.dup.dup.dup.dup.dup.dup.dup.dup.dup.dup.dup.dup.dup.dup.dup.dup.dup.dup.dup.dup.dup.dup.dup.dup.dup.dup.dup.dup.dup.dup.dup.dup.json: [Errno 36] File name too long: '/home/mystic/Documentos/Sonora Digital Corp Nuevo/01_Core_Platform/03_Agentic_Infrastructure/Databases/Aztrotech_Citas/leads/prospecto_20260807.done.done.done.done.done.done.dup.dup.dup.dup.dup.dup.dup.dup.dup.dup.dup.dup.dup.dup.dup.dup.dup.dup.dup.dup.dup.dup.dup.dup.dup.dup.dup.dup.dup.dup.dup.dup.dup.dup.dup.dup.dup.dup.dup.dup.dup.dup.dup.dup.dup.dup.dup.dup.dup.dup.json' -> '/home/mystic/Documentos/Sonora Digital Corp Nuevo/01_Core_Platform/03_Agentic_Infrastructure/Databases/Aztrotech_Citas/leads/prospecto_20260807.done.done.done.done.done.done.dup.dup.dup.dup.dup.dup.dup.dup.dup.dup.dup.dup.dup.dup.dup.dup.dup.dup.dup.dup.dup.dup.dup.dup.dup.dup.dup.dup.dup.dup.dup.dup.dup.dup.dup.dup.dup.dup.dup.dup.dup.dup.dup.dup.dup.dup.dup.dup.dup.dup.dup.json'
[INGEST] 0 leads nuevos, 0 duplicados saltados.
[DUP LEAD] prospecto_20260807.done.done.done.done.done.done.dup.dup.dup.dup.dup.dup.dup.dup.dup.dup.dup.dup.dup.dup.dup.dup.dup.dup.dup.dup.dup.dup.dup.dup.dup.dup.dup.dup.dup.dup.dup.dup.dup.dup.dup.dup.dup.dup.dup.dup.dup.dup.dup.dup.dup.dup.dup.dup.dup.dup.json: ya existe cita #4. skip
[LEAD FAIL] prospecto_20260807.done.done.done.done.done.done.dup.dup.dup.dup.dup.dup.dup.dup.dup.dup.dup.dup.dup.dup.dup.dup.dup.dup.dup.dup.dup.dup.dup.dup.dup.dup.dup.dup.dup.dup.dup.dup.dup.dup.dup.dup.dup.dup.dup.dup.dup.dup.dup.dup.dup.dup.dup.dup.dup.dup.json: [Errno 36] File name too long: '/home/mystic/Documentos/Sonora Digital Corp Nuevo/01_Core_Platform/03_Agentic_Infrastructure/Databases/Aztrotech_Citas/leads/prospecto_20260807.done.done.done.done.done.done.dup.dup.dup.dup.dup.dup.dup.dup.dup.dup.dup.dup.dup.dup.dup.dup.dup.dup.dup.dup.dup.dup.dup.dup.dup.dup.dup.dup.dup.dup.dup.dup.dup.dup.dup.dup.dup.dup.dup.dup.dup.dup.dup.dup.dup.dup.dup.dup.dup.dup.json' -> '/home/mystic/Documentos/Sonora Digital Corp Nuevo/01_Core_Platform/03_Agentic_Infrastructure/Databases/Aztrotech_Citas/leads/prospecto_20260807.done.done.done.done.done.done.dup.dup.dup.dup.dup.dup.dup.dup.dup.dup.dup.dup.dup.dup.dup.dup.dup.dup.dup.dup.dup.dup.dup.dup.dup.dup.dup.dup.dup.dup.dup.dup.dup.dup.dup.dup.dup.dup.dup.dup.dup.dup.dup.dup.dup.dup.dup.dup.dup.dup.dup.json'
[INGEST] 0 leads nuevos, 0 duplicados saltados.
[DUP LEAD] prospecto_20260807.done.done.done.done.done.done.dup.dup.dup.dup.dup.dup.dup.dup.dup.dup.dup.dup.dup.dup.dup.dup.dup.dup.dup.dup.dup.dup.dup.dup.dup.dup.dup.dup.dup.dup.dup.dup.dup.dup.dup.dup.dup.dup.dup.dup.dup.dup.dup.dup.dup.dup.dup.dup.dup.dup.json: ya existe cita #4. skip
[LEAD FAIL] prospecto_20260807.done.done.done.done.done.done.dup.dup.dup.dup.dup.dup.dup.dup.dup.dup.dup.dup.dup.dup.dup.dup.dup.dup.dup.dup.dup.dup.dup.dup.dup.dup.dup.dup.dup.dup.dup.dup.dup.dup.dup.dup.dup.dup.dup.dup.dup.dup.dup.dup.dup.dup.dup.dup.dup.dup.json: [Errno 36] File name too long: '/home/mystic/Documentos/Sonora Digital Corp Nuevo/01_Core_Platform/03_Agentic_Infrastructure/Databases/Aztrotech_Citas/leads/prospecto_20260807.done.done.done.done.done.done.dup.dup.dup.dup.dup.dup.dup.dup.dup.dup.dup.dup.dup.dup.dup.dup.dup.dup.dup.dup.dup.dup.dup.dup.dup.dup.dup.dup.dup.dup.dup.dup.dup.dup.dup.dup.dup.dup.dup.dup.dup.dup.dup.dup.dup.dup.dup.dup.dup.dup.json' -> '/home/mystic/Documentos/Sonora Digital Corp Nuevo/01_Core_Platform/03_Agentic_Infrastructure/Databases/Aztrotech_Citas/leads/prospecto_20260807.done.done.done.done.done.done.dup.dup.dup.dup.dup.dup.dup.dup.dup.dup.dup.dup.dup.dup.dup.dup.dup.dup.dup.dup.dup.dup.dup.dup.dup.dup.dup.dup.dup.dup.dup.dup.dup.dup.dup.dup.dup.dup.dup.dup.dup.dup.dup.dup.dup.dup.dup.dup.dup.dup.dup.json'
[INGEST] 0 leads nuevos, 0 duplicados saltados.
[DUP LEAD] prospecto_20260807.done.done.done.done.done.done.dup.dup.dup.dup.dup.dup.dup.dup.dup.dup.dup.dup.dup.dup.dup.dup.dup.dup.dup.dup.dup.dup.dup.dup.dup.dup.dup.dup.dup.dup.dup.dup.dup.dup.dup.dup.dup.dup.dup.dup.dup.dup.dup.dup.dup.dup.dup.dup.dup.dup.json: ya existe cita #4. skip
[LEAD FAIL] prospecto_20260807.done.done.done.done.done.done.dup.dup.dup.dup.dup.dup.dup.dup.dup.dup.dup.dup.dup.dup.dup.dup.dup.dup.dup.dup.dup.dup.dup.dup.dup.dup.dup.dup.dup.dup.dup.dup.dup.dup.dup.dup.dup.dup.dup.dup.dup.dup.dup.dup.dup.dup.dup.dup.dup.dup.json: [Errno 36] File name too long: '/home/mystic/Documentos/Sonora Digital Corp Nuevo/01_Core_Platform/03_Agentic_Infrastructure/Databases/Aztrotech_Citas/leads/prospecto_20260807.done.done.done.done.done.done.dup.dup.dup.dup.dup.dup.dup.dup.dup.dup.dup.dup.dup.dup.dup.dup.dup.dup.dup.dup.dup.dup.dup.dup.dup.dup.dup.dup.dup.dup.dup.dup.dup.dup.dup.dup.dup.dup.dup.dup.dup.dup.dup.dup.dup.dup.dup.dup.dup.dup.json' -> '/home/mystic/Documentos/Sonora Digital Corp Nuevo/01_Core_Platform/03_Agentic_Infrastructure/Databases/Aztrotech_Citas/leads/prospecto_20260807.done.done.done.done.done.done.dup.dup.dup.dup.dup.dup.dup.dup.dup.dup.dup.dup.dup.dup.dup.dup.dup.dup.dup.dup.dup.dup.dup.dup.dup.dup.dup.dup.dup.dup.dup.dup.dup.dup.dup.dup.dup.dup.dup.dup.dup.dup.dup.dup.dup.dup.dup.dup.dup.dup.dup.json'
[INGEST] 0 leads nuevos, 0 duplicados saltados.
[DUP LEAD] prospecto_20260807.done.done.done.done.done.done.dup.dup.dup.dup.dup.dup.dup.dup.dup.dup.dup.dup.dup.dup.dup.dup.dup.dup.dup.dup.dup.dup.dup.dup.dup.dup.dup.dup.dup.dup.dup.dup.dup.dup.dup.dup.dup.dup.dup.dup.dup.dup.dup.dup.dup.dup.dup.dup.dup.dup.json: ya existe cita #4. skip
[LEAD FAIL] prospecto_20260807.done.done.done.done.done.done.dup.dup.dup.dup.dup.dup.dup.dup.dup.dup.dup.dup.dup.dup.dup.dup.dup.dup.dup.dup.dup.dup.dup.dup.dup.dup.dup.dup.dup.dup.dup.dup.dup.dup.dup.dup.dup.dup.dup.dup.dup.dup.dup.dup.dup.dup.dup.dup.dup.dup.json: [Errno 36] File name too long: '/home/mystic/Documentos/Sonora Digital Corp Nuevo/01_Core_Platform/03_Agentic_Infrastructure/Databases/Aztrotech_Citas/leads/prospecto_20260807.done.done.done.done.done.done.dup.dup.dup.dup.dup.dup.dup.dup.dup.dup.dup.dup.dup.dup.dup.dup.dup.dup.dup.dup.dup.dup.dup.dup.dup.dup.dup.dup.dup.dup.dup.dup.dup.dup.dup.dup.dup.dup.dup.dup.dup.dup.dup.dup.dup.dup.dup.dup.dup.dup.json' -> '/home/mystic/Documentos/Sonora Digital Corp Nuevo/01_Core_Platform/03_Agentic_Infrastructure/Databases/Aztrotech_Citas/leads/prospecto_20260807.done.done.done.done.done.done.dup.dup.dup.dup.dup.dup.dup.dup.dup.dup.dup.dup.dup.dup.dup.dup.dup.dup.dup.dup.dup.dup.dup.dup.dup.dup.dup.dup.dup.dup.dup.dup.dup.dup.dup.dup.dup.dup.dup.dup.dup.dup.dup.dup.dup.dup.dup.dup.dup.dup.dup.json'
[INGEST] 0 leads nuevos, 0 duplicados saltados.
[DUP LEAD] prospecto_20260807.done.done.done.done.done.done.dup.dup.dup.dup.dup.dup.dup.dup.dup.dup.dup.dup.dup.dup.dup.dup.dup.dup.dup.dup.dup.dup.dup.dup.dup.dup.dup.dup.dup.dup.dup.dup.dup.dup.dup.dup.dup.dup.dup.dup.dup.dup.dup.dup.dup.dup.dup.dup.dup.dup.json: ya existe cita #4. skip
[LEAD FAIL] prospecto_20260807.done.done.done.done.done.done.dup.dup.dup.dup.dup.dup.dup.dup.dup.dup.dup.dup.dup.dup.dup.dup.dup.dup.dup.dup.dup.dup.dup.dup.dup.dup.dup.dup.dup.dup.dup.dup.dup.dup.dup.dup.dup.dup.dup.dup.dup.dup.dup.dup.dup.dup.dup.dup.dup.dup.json: [Errno 36] File name too long: '/home/mystic/Documentos/Sonora Digital Corp Nuevo/01_Core_Platform/03_Agentic_Infrastructure/Databases/Aztrotech_Citas/leads/prospecto_20260807.done.done.done.done.done.done.dup.dup.dup.dup.dup.dup.dup.dup.dup.dup.dup.dup.dup.dup.dup.dup.dup.dup.dup.dup.dup.dup.dup.dup.dup.dup.dup.dup.dup.dup.dup.dup.dup.dup.dup.dup.dup.dup.dup.dup.dup.dup.dup.dup.dup.dup.dup.dup.dup.dup.json' -> '/home/mystic/Documentos/Sonora Digital Corp Nuevo/01_Core_Platform/03_Agentic_Infrastructure/Databases/Aztrotech_Citas/leads/prospecto_20260807.done.done.done.done.done.done.dup.dup.dup.dup.dup.dup.dup.dup.dup.dup.dup.dup.dup.dup.dup.dup.dup.dup.dup.dup.dup.dup.dup.dup.dup.dup.dup.dup.dup.dup.dup.dup.dup.dup.dup.dup.dup.dup.dup.dup.dup.dup.dup.dup.dup.dup.dup.dup.dup.dup.dup.json'
[INGEST] 0 leads nuevos, 0 duplicados saltados.
[DUP LEAD] prospecto_20260807.done.done.done.done.done.done.dup.dup.dup.dup.dup.dup.dup.dup.dup.dup.dup.dup.dup.dup.dup.dup.dup.dup.dup.dup.dup.dup.dup.dup.dup.dup.dup.dup.dup.dup.dup.dup.dup.dup.dup.dup.dup.dup.dup.dup.dup.dup.dup.dup.dup.dup.dup.dup.dup.dup.json: ya existe cita #4. skip
[LEAD FAIL] prospecto_20260807.done.done.done.done.done.done.dup.dup.dup.dup.dup.dup.dup.dup.dup.dup.dup.dup.dup.dup.dup.dup.dup.dup.dup.dup.dup.dup.dup.dup.dup.dup.dup.dup.dup.dup.dup.dup.dup.dup.dup.dup.dup.dup.dup.dup.dup.dup.dup.dup.dup.dup.dup.dup.dup.dup.json: [Errno 36] File name too long: '/home/mystic/Documentos/Sonora Digital Corp Nuevo/01_Core_Platform/03_Agentic_Infrastructure/Databases/Aztrotech_Citas/leads/prospecto_20260807.done.done.done.done.done.done.dup.dup.dup.dup.dup.dup.dup.dup.dup.dup.dup.dup.dup.dup.dup.dup.dup.dup.dup.dup.dup.dup.dup.dup.dup.dup.dup.dup.dup.dup.dup.dup.dup.dup.dup.dup.dup.dup.dup.dup.dup.dup.dup.dup.dup.dup.dup.dup.dup.dup.json' -> '/home/mystic/Documentos/Sonora Digital Corp Nuevo/01_Core_Platform/03_Agentic_Infrastructure/Databases/Aztrotech_Citas/leads/prospecto_20260807.done.done.done.done.done.done.dup.dup.dup.dup.dup.dup.dup.dup.dup.dup.dup.dup.dup.dup.dup.dup.dup.dup.dup.dup.dup.dup.dup.dup.dup.dup.dup.dup.dup.dup.dup.dup.dup.dup.dup.dup.dup.dup.dup.dup.dup.dup.dup.dup.dup.dup.dup.dup.dup.dup.dup.json'
[INGEST] 0 leads nuevos, 0 duplicados saltados.
[DUP LEAD] prospecto_20260807.done.done.done.done.done.done.dup.dup.dup.dup.dup.dup.dup.dup.dup.dup.dup.dup.dup.dup.dup.dup.dup.dup.dup.dup.dup.dup.dup.dup.dup.dup.dup.dup.dup.dup.dup.dup.dup.dup.dup.dup.dup.dup.dup.dup.dup.dup.dup.dup.dup.dup.dup.dup.dup.dup.json: ya existe cita #4. skip
[LEAD FAIL] prospecto_20260807.done.done.done.done.done.done.dup.dup.dup.dup.dup.dup.dup.dup.dup.dup.dup.dup.dup.dup.dup.dup.dup.dup.dup.dup.dup.dup.dup.dup.dup.dup.dup.dup.dup.dup.dup.dup.dup.dup.dup.dup.dup.dup.dup.dup.dup.dup.dup.dup.dup.dup.dup.dup.dup.dup.json: [Errno 36] File name too long: '/home/mystic/Documentos/Sonora Digital Corp Nuevo/01_Core_Platform/03_Agentic_Infrastructure/Databases/Aztrotech_Citas/leads/prospecto_20260807.done.done.done.done.done.done.dup.dup.dup.dup.dup.dup.dup.dup.dup.dup.dup.dup.dup.dup.dup.dup.dup.dup.dup.dup.dup.dup.dup.dup.dup.dup.dup.dup.dup.dup.dup.dup.dup.dup.dup.dup.dup.dup.dup.dup.dup.dup.dup.dup.dup.dup.dup.dup.dup.dup.json' -> '/home/mystic/Documentos/Sonora Digital Corp Nuevo/01_Core_Platform/03_Agentic_Infrastructure/Databases/Aztrotech_Citas/leads/prospecto_20260807.done.done.done.done.done.done.dup.dup.dup.dup.dup.dup.dup.dup.dup.dup.dup.dup.dup.dup.dup.dup.dup.dup.dup.dup.dup.dup.dup.dup.dup.dup.dup.dup.dup.dup.dup.dup.dup.dup.dup.dup.dup.dup.dup.dup.dup.dup.dup.dup.dup.dup.dup.dup.dup.dup.dup.json'
[INGEST] 0 leads nuevos, 0 duplicados saltados.
[DUP LEAD] prospecto_20260807.done.done.done.done.done.done.dup.dup.dup.dup.dup.dup.dup.dup.dup.dup.dup.dup.dup.dup.dup.dup.dup.dup.dup.dup.dup.dup.dup.dup.dup.dup.dup.dup.dup.dup.dup.dup.dup.dup.dup.dup.dup.dup.dup.dup.dup.dup.dup.dup.dup.dup.dup.dup.dup.dup.json: ya existe cita #4. skip
[LEAD FAIL] prospecto_20260807.done.done.done.done.done.done.dup.dup.dup.dup.dup.dup.dup.dup.dup.dup.dup.dup.dup.dup.dup.dup.dup.dup.dup.dup.dup.dup.dup.dup.dup.dup.dup.dup.dup.dup.dup.dup.dup.dup.dup.dup.dup.dup.dup.dup.dup.dup.dup.dup.dup.dup.dup.dup.dup.dup.json: [Errno 36] File name too long: '/home/mystic/Documentos/Sonora Digital Corp Nuevo/01_Core_Platform/03_Agentic_Infrastructure/Databases/Aztrotech_Citas/leads/prospecto_20260807.done.done.done.done.done.done.dup.dup.dup.dup.dup.dup.dup.dup.dup.dup.dup.dup.dup.dup.dup.dup.dup.dup.dup.dup.dup.dup.dup.dup.dup.dup.dup.dup.dup.dup.dup.dup.dup.dup.dup.dup.dup.dup.dup.dup.dup.dup.dup.dup.dup.dup.dup.dup.dup.dup.json' -> '/home/mystic/Documentos/Sonora Digital Corp Nuevo/01_Core_Platform/03_Agentic_Infrastructure/Databases/Aztrotech_Citas/leads/prospecto_20260807.done.done.done.done.done.done.dup.dup.dup.dup.dup.dup.dup.dup.dup.dup.dup.dup.dup.dup.dup.dup.dup.dup.dup.dup.dup.dup.dup.dup.dup.dup.dup.dup.dup.dup.dup.dup.dup.dup.dup.dup.dup.dup.dup.dup.dup.dup.dup.dup.dup.dup.dup.dup.dup.dup.dup.json'
[INGEST] 0 leads nuevos, 0 duplicados saltados.
[DUP LEAD] prospecto_20260807.done.done.done.done.done.done.dup.dup.dup.dup.dup.dup.dup.dup.dup.dup.dup.dup.dup.dup.dup.dup.dup.dup.dup.dup.dup.dup.dup.dup.dup.dup.dup.dup.dup.dup.dup.dup.dup.dup.dup.dup.dup.dup.dup.dup.dup.dup.dup.dup.dup.dup.dup.dup.dup.dup.json: ya existe cita #4. skip
[LEAD FAIL] prospecto_20260807.done.done.done.done.done.done.dup.dup.dup.dup.dup.dup.dup.dup.dup.dup.dup.dup.dup.dup.dup.dup.dup.dup.dup.dup.dup.dup.dup.dup.dup.dup.dup.dup.dup.dup.dup.dup.dup.dup.dup.dup.dup.dup.dup.dup.dup.dup.dup.dup.dup.dup.dup.dup.dup.dup.json: [Errno 36] File name too long: '/home/mystic/Documentos/Sonora Digital Corp Nuevo/01_Core_Platform/03_Agentic_Infrastructure/Databases/Aztrotech_Citas/leads/prospecto_20260807.done.done.done.done.done.done.dup.dup.dup.dup.dup.dup.dup.dup.dup.dup.dup.dup.dup.dup.dup.dup.dup.dup.dup.dup.dup.dup.dup.dup.dup.dup.dup.dup.dup.dup.dup.dup.dup.dup.dup.dup.dup.dup.dup.dup.dup.dup.dup.dup.dup.dup.dup.dup.dup.dup.json' -> '/home/mystic/Documentos/Sonora Digital Corp Nuevo/01_Core_Platform/03_Agentic_Infrastructure/Databases/Aztrotech_Citas/leads/prospecto_20260807.done.done.done.done.done.done.dup.dup.dup.dup.dup.dup.dup.dup.dup.dup.dup.dup.dup.dup.dup.dup.dup.dup.dup.dup.dup.dup.dup.dup.dup.dup.dup.dup.dup.dup.dup.dup.dup.dup.dup.dup.dup.dup.dup.dup.dup.dup.dup.dup.dup.dup.dup.dup.dup.dup.dup.json'
[INGEST] 0 leads nuevos, 0 duplicados saltados.
[DUP LEAD] prospecto_20260807.done.done.done.done.done.done.dup.dup.dup.dup.dup.dup.dup.dup.dup.dup.dup.dup.dup.dup.dup.dup.dup.dup.dup.dup.dup.dup.dup.dup.dup.dup.dup.dup.dup.dup.dup.dup.dup.dup.dup.dup.dup.dup.dup.dup.dup.dup.dup.dup.dup.dup.dup.dup.dup.dup.json: ya existe cita #4. skip
[LEAD FAIL] prospecto_20260807.done.done.done.done.done.done.dup.dup.dup.dup.dup.dup.dup.dup.dup.dup.dup.dup.dup.dup.dup.dup.dup.dup.dup.dup.dup.dup.dup.dup.dup.dup.dup.dup.dup.dup.dup.dup.dup.dup.dup.dup.dup.dup.dup.dup.dup.dup.dup.dup.dup.dup.dup.dup.dup.dup.json: [Errno 36] File name too long: '/home/mystic/Documentos/Sonora Digital Corp Nuevo/01_Core_Platform/03_Agentic_Infrastructure/Databases/Aztrotech_Citas/leads/prospecto_20260807.done.done.done.done.done.done.dup.dup.dup.dup.dup.dup.dup.dup.dup.dup.dup.dup.dup.dup.dup.dup.dup.dup.dup.dup.dup.dup.dup.dup.dup.dup.dup.dup.dup.dup.dup.dup.dup.dup.dup.dup.dup.dup.dup.dup.dup.dup.dup.dup.dup.dup.dup.dup.dup.dup.json' -> '/home/mystic/Documentos/Sonora Digital Corp Nuevo/01_Core_Platform/03_Agentic_Infrastructure/Databases/Aztrotech_Citas/leads/prospecto_20260807.done.done.done.done.done.done.dup.dup.dup.dup.dup.dup.dup.dup.dup.dup.dup.dup.dup.dup.dup.dup.dup.dup.dup.dup.dup.dup.dup.dup.dup.dup.dup.dup.dup.dup.dup.dup.dup.dup.dup.dup.dup.dup.dup.dup.dup.dup.dup.dup.dup.dup.dup.dup.dup.dup.dup.json'
[INGEST] 0 leads nuevos, 0 duplicados saltados.
[DUP LEAD] prospecto_20260807.done.done.done.done.done.done.dup.dup.dup.dup.dup.dup.dup.dup.dup.dup.dup.dup.dup.dup.dup.dup.dup.dup.dup.dup.dup.dup.dup.dup.dup.dup.dup.dup.dup.dup.dup.dup.dup.dup.dup.dup.dup.dup.dup.dup.dup.dup.dup.dup.dup.dup.dup.dup.dup.dup.json: ya existe cita #4. skip
[LEAD FAIL] prospecto_20260807.done.done.done.done.done.done.dup.dup.dup.dup.dup.dup.dup.dup.dup.dup.dup.dup.dup.dup.dup.dup.dup.dup.dup.dup.dup.dup.dup.dup.dup.dup.dup.dup.dup.dup.dup.dup.dup.dup.dup.dup.dup.dup.dup.dup.dup.dup.dup.dup.dup.dup.dup.dup.dup.dup.json: [Errno 36] File name too long: '/home/mystic/Documentos/Sonora Digital Corp Nuevo/01_Core_Platform/03_Agentic_Infrastructure/Databases/Aztrotech_Citas/leads/prospecto_20260807.done.done.done.done.done.done.dup.dup.dup.dup.dup.dup.dup.dup.dup.dup.dup.dup.dup.dup.dup.dup.dup.dup.dup.dup.dup.dup.dup.dup.dup.dup.dup.dup.dup.dup.dup.dup.dup.dup.dup.dup.dup.dup.dup.dup.dup.dup.dup.dup.dup.dup.dup.dup.dup.dup.json' -> '/home/mystic/Documentos/Sonora Digital Corp Nuevo/01_Core_Platform/03_Agentic_Infrastructure/Databases/Aztrotech_Citas/leads/prospecto_20260807.done.done.done.done.done.done.dup.dup.dup.dup.dup.dup.dup.dup.dup.dup.dup.dup.dup.dup.dup.dup.dup.dup.dup.dup.dup.dup.dup.dup.dup.dup.dup.dup.dup.dup.dup.dup.dup.dup.dup.dup.dup.dup.dup.dup.dup.dup.dup.dup.dup.dup.dup.dup.dup.dup.dup.json'
[INGEST] 0 leads nuevos, 0 duplicados saltados.
[DUP LEAD] prospecto_20260807.done.done.done.done.done.done.dup.dup.dup.dup.dup.dup.dup.dup.dup.dup.dup.dup.dup.dup.dup.dup.dup.dup.dup.dup.dup.dup.dup.dup.dup.dup.dup.dup.dup.dup.dup.dup.dup.dup.dup.dup.dup.dup.dup.dup.dup.dup.dup.dup.dup.dup.dup.dup.dup.dup.json: ya existe cita #4. skip
[LEAD FAIL] prospecto_20260807.done.done.done.done.done.done.dup.dup.dup.dup.dup.dup.dup.dup.dup.dup.dup.dup.dup.dup.dup.dup.dup.dup.dup.dup.dup.dup.dup.dup.dup.dup.dup.dup.dup.dup.dup.dup.dup.dup.dup.dup.dup.dup.dup.dup.dup.dup.dup.dup.dup.dup.dup.dup.dup.dup.json: [Errno 36] File name too long: '/home/mystic/Documentos/Sonora Digital Corp Nuevo/01_Core_Platform/03_Agentic_Infrastructure/Databases/Aztrotech_Citas/leads/prospecto_20260807.done.done.done.done.done.done.dup.dup.dup.dup.dup.dup.dup.dup.dup.dup.dup.dup.dup.dup.dup.dup.dup.dup.dup.dup.dup.dup.dup.dup.dup.dup.dup.dup.dup.dup.dup.dup.dup.dup.dup.dup.dup.dup.dup.dup.dup.dup.dup.dup.dup.dup.dup.dup.dup.dup.json' -> '/home/mystic/Documentos/Sonora Digital Corp Nuevo/01_Core_Platform/03_Agentic_Infrastructure/Databases/Aztrotech_Citas/leads/prospecto_20260807.done.done.done.done.done.done.dup.dup.dup.dup.dup.dup.dup.dup.dup.dup.dup.dup.dup.dup.dup.dup.dup.dup.dup.dup.dup.dup.dup.dup.dup.dup.dup.dup.dup.dup.dup.dup.dup.dup.dup.dup.dup.dup.dup.dup.dup.dup.dup.dup.dup.dup.dup.dup.dup.dup.dup.json'
[INGEST] 0 leads nuevos, 0 duplicados saltados.
[DUP LEAD] prospecto_20260807.done.done.done.done.done.done.dup.dup.dup.dup.dup.dup.dup.dup.dup.dup.dup.dup.dup.dup.dup.dup.dup.dup.dup.dup.dup.dup.dup.dup.dup.dup.dup.dup.dup.dup.dup.dup.dup.dup.dup.dup.dup.dup.dup.dup.dup.dup.dup.dup.dup.dup.dup.dup.dup.dup.json: ya existe cita #4. skip
[LEAD FAIL] prospecto_20260807.done.done.done.done.done.done.dup.dup.dup.dup.dup.dup.dup.dup.dup.dup.dup.dup.dup.dup.dup.dup.dup.dup.dup.dup.dup.dup.dup.dup.dup.dup.dup.dup.dup.dup.dup.dup.dup.dup.dup.dup.dup.dup.dup.dup.dup.dup.dup.dup.dup.dup.dup.dup.dup.dup.json: [Errno 36] File name too long: '/home/mystic/Documentos/Sonora Digital Corp Nuevo/01_Core_Platform/03_Agentic_Infrastructure/Databases/Aztrotech_Citas/leads/prospecto_20260807.done.done.done.done.done.done.dup.dup.dup.dup.dup.dup.dup.dup.dup.dup.dup.dup.dup.dup.dup.dup.dup.dup.dup.dup.dup.dup.dup.dup.dup.dup.dup.dup.dup.dup.dup.dup.dup.dup.dup.dup.dup.dup.dup.dup.dup.dup.dup.dup.dup.dup.dup.dup.dup.dup.json' -> '/home/mystic/Documentos/Sonora Digital Corp Nuevo/01_Core_Platform/03_Agentic_Infrastructure/Databases/Aztrotech_Citas/leads/prospecto_20260807.done.done.done.done.done.done.dup.dup.dup.dup.dup.dup.dup.dup.dup.dup.dup.dup.dup.dup.dup.dup.dup.dup.dup.dup.dup.dup.dup.dup.dup.dup.dup.dup.dup.dup.dup.dup.dup.dup.dup.dup.dup.dup.dup.dup.dup.dup.dup.dup.dup.dup.dup.dup.dup.dup.dup.json'
[INGEST] 0 leads nuevos, 0 duplicados saltados.
[DUP LEAD] prospecto_20260807.done.done.done.done.done.done.dup.dup.dup.dup.dup.dup.dup.dup.dup.dup.dup.dup.dup.dup.dup.dup.dup.dup.dup.dup.dup.dup.dup.dup.dup.dup.dup.dup.dup.dup.dup.dup.dup.dup.dup.dup.dup.dup.dup.dup.dup.dup.dup.dup.dup.dup.dup.dup.dup.dup.json: ya existe cita #4. skip
[LEAD FAIL] prospecto_20260807.done.done.done.done.done.done.dup.dup.dup.dup.dup.dup.dup.dup.dup.dup.dup.dup.dup.dup.dup.dup.dup.dup.dup.dup.dup.dup.dup.dup.dup.dup.dup.dup.dup.dup.dup.dup.dup.dup.dup.dup.dup.dup.dup.dup.dup.dup.dup.dup.dup.dup.dup.dup.dup.dup.json: [Errno 36] File name too long: '/home/mystic/Documentos/Sonora Digital Corp Nuevo/01_Core_Platform/03_Agentic_Infrastructure/Databases/Aztrotech_Citas/leads/prospecto_20260807.done.done.done.done.done.done.dup.dup.dup.dup.dup.dup.dup.dup.dup.dup.dup.dup.dup.dup.dup.dup.dup.dup.dup.dup.dup.dup.dup.dup.dup.dup.dup.dup.dup.dup.dup.dup.dup.dup.dup.dup.dup.dup.dup.dup.dup.dup.dup.dup.dup.dup.dup.dup.dup.dup.json' -> '/home/mystic/Documentos/Sonora Digital Corp Nuevo/01_Core_Platform/03_Agentic_Infrastructure/Databases/Aztrotech_Citas/leads/prospecto_20260807.done.done.done.done.done.done.dup.dup.dup.dup.dup.dup.dup.dup.dup.dup.dup.dup.dup.dup.dup.dup.dup.dup.dup.dup.dup.dup.dup.dup.dup.dup.dup.dup.dup.dup.dup.dup.dup.dup.dup.dup.dup.dup.dup.dup.dup.dup.dup.dup.dup.dup.dup.dup.dup.dup.dup.json'
[INGEST] 0 leads nuevos, 0 duplicados saltados.
[DUP LEAD] prospecto_20260807.done.done.done.done.done.done.dup.dup.dup.dup.dup.dup.dup.dup.dup.dup.dup.dup.dup.dup.dup.dup.dup.dup.dup.dup.dup.dup.dup.dup.dup.dup.dup.dup.dup.dup.dup.dup.dup.dup.dup.dup.dup.dup.dup.dup.dup.dup.dup.dup.dup.dup.dup.dup.dup.dup.json: ya existe cita #4. skip
[LEAD FAIL] prospecto_20260807.done.done.done.done.done.done.dup.dup.dup.dup.dup.dup.dup.dup.dup.dup.dup.dup.dup.dup.dup.dup.dup.dup.dup.dup.dup.dup.dup.dup.dup.dup.dup.dup.dup.dup.dup.dup.dup.dup.dup.dup.dup.dup.dup.dup.dup.dup.dup.dup.dup.dup.dup.dup.dup.dup.json: [Errno 36] File name too long: '/home/mystic/Documentos/Sonora Digital Corp Nuevo/01_Core_Platform/03_Agentic_Infrastructure/Databases/Aztrotech_Citas/leads/prospecto_20260807.done.done.done.done.done.done.dup.dup.dup.dup.dup.dup.dup.dup.dup.dup.dup.dup.dup.dup.dup.dup.dup.dup.dup.dup.dup.dup.dup.dup.dup.dup.dup.dup.dup.dup.dup.dup.dup.dup.dup.dup.dup.dup.dup.dup.dup.dup.dup.dup.dup.dup.dup.dup.dup.dup.json' -> '/home/mystic/Documentos/Sonora Digital Corp Nuevo/01_Core_Platform/03_Agentic_Infrastructure/Databases/Aztrotech_Citas/leads/prospecto_20260807.done.done.done.done.done.done.dup.dup.dup.dup.dup.dup.dup.dup.dup.dup.dup.dup.dup.dup.dup.dup.dup.dup.dup.dup.dup.dup.dup.dup.dup.dup.dup.dup.dup.dup.dup.dup.dup.dup.dup.dup.dup.dup.dup.dup.dup.dup.dup.dup.dup.dup.dup.dup.dup.dup.dup.json'
[INGEST] 0 leads nuevos, 0 duplicados saltados.
[DUP LEAD] prospecto_20260807.done.done.done.done.done.done.dup.dup.dup.dup.dup.dup.dup.dup.dup.dup.dup.dup.dup.dup.dup.dup.dup.dup.dup.dup.dup.dup.dup.dup.dup.dup.dup.dup.dup.dup.dup.dup.dup.dup.dup.dup.dup.dup.dup.dup.dup.dup.dup.dup.dup.dup.dup.dup.dup.dup.json: ya existe cita #4. skip
[LEAD FAIL] prospecto_20260807.done.done.done.done.done.done.dup.dup.dup.dup.dup.dup.dup.dup.dup.dup.dup.dup.dup.dup.dup.dup.dup.dup.dup.dup.dup.dup.dup.dup.dup.dup.dup.dup.dup.dup.dup.dup.dup.dup.dup.dup.dup.dup.dup.dup.dup.dup.dup.dup.dup.dup.dup.dup.dup.dup.json: [Errno 36] File name too long: '/home/mystic/Documentos/Sonora Digital Corp Nuevo/01_Core_Platform/03_Agentic_Infrastructure/Databases/Aztrotech_Citas/leads/prospecto_20260807.done.done.done.done.done.done.dup.dup.dup.dup.dup.dup.dup.dup.dup.dup.dup.dup.dup.dup.dup.dup.dup.dup.dup.dup.dup.dup.dup.dup.dup.dup.dup.dup.dup.dup.dup.dup.dup.dup.dup.dup.dup.dup.dup.dup.dup.dup.dup.dup.dup.dup.dup.dup.dup.dup.json' -> '/home/mystic/Documentos/Sonora Digital Corp Nuevo/01_Core_Platform/03_Agentic_Infrastructure/Databases/Aztrotech_Citas/leads/prospecto_20260807.done.done.done.done.done.done.dup.dup.dup.dup.dup.dup.dup.dup.dup.dup.dup.dup.dup.dup.dup.dup.dup.dup.dup.dup.dup.dup.dup.dup.dup.dup.dup.dup.dup.dup.dup.dup.dup.dup.dup.dup.dup.dup.dup.dup.dup.dup.dup.dup.dup.dup.dup.dup.dup.dup.dup.json'
[INGEST] 0 leads nuevos, 0 duplicados saltados.
[DUP LEAD] prospecto_20260807.done.done.done.done.done.done.dup.dup.dup.dup.dup.dup.dup.dup.dup.dup.dup.dup.dup.dup.dup.dup.dup.dup.dup.dup.dup.dup.dup.dup.dup.dup.dup.dup.dup.dup.dup.dup.dup.dup.dup.dup.dup.dup.dup.dup.dup.dup.dup.dup.dup.dup.dup.dup.dup.dup.json: ya existe cita #4. skip
[LEAD FAIL] prospecto_20260807.done.done.done.done.done.done.dup.dup.dup.dup.dup.dup.dup.dup.dup.dup.dup.dup.dup.dup.dup.dup.dup.dup.dup.dup.dup.dup.dup.dup.dup.dup.dup.dup.dup.dup.dup.dup.dup.dup.dup.dup.dup.dup.dup.dup.dup.dup.dup.dup.dup.dup.dup.dup.dup.dup.json: [Errno 36] File name too long: '/home/mystic/Documentos/Sonora Digital Corp Nuevo/01_Core_Platform/03_Agentic_Infrastructure/Databases/Aztrotech_Citas/leads/prospecto_20260807.done.done.done.done.done.done.dup.dup.dup.dup.dup.dup.dup.dup.dup.dup.dup.dup.dup.dup.dup.dup.dup.dup.dup.dup.dup.dup.dup.dup.dup.dup.dup.dup.dup.dup.dup.dup.dup.dup.dup.dup.dup.dup.dup.dup.dup.dup.dup.dup.dup.dup.dup.dup.dup.dup.json' -> '/home/mystic/Documentos/Sonora Digital Corp Nuevo/01_Core_Platform/03_Agentic_Infrastructure/Databases/Aztrotech_Citas/leads/prospecto_20260807.done.done.done.done.done.done.dup.dup.dup.dup.dup.dup.dup.dup.dup.dup.dup.dup.dup.dup.dup.dup.dup.dup.dup.dup.dup.dup.dup.dup.dup.dup.dup.dup.dup.dup.dup.dup.dup.dup.dup.dup.dup.dup.dup.dup.dup.dup.dup.dup.dup.dup.dup.dup.dup.dup.dup.json'
[INGEST] 0 leads nuevos, 0 duplicados saltados.
[DUP LEAD] prospecto_20260807.done.done.done.done.done.done.dup.dup.dup.dup.dup.dup.dup.dup.dup.dup.dup.dup.dup.dup.dup.dup.dup.dup.dup.dup.dup.dup.dup.dup.dup.dup.dup.dup.dup.dup.dup.dup.dup.dup.dup.dup.dup.dup.dup.dup.dup.dup.dup.dup.dup.dup.dup.dup.dup.dup.json: ya existe cita #4. skip
[LEAD FAIL] prospecto_20260807.done.done.done.done.done.done.dup.dup.dup.dup.dup.dup.dup.dup.dup.dup.dup.dup.dup.dup.dup.dup.dup.dup.dup.dup.dup.dup.dup.dup.dup.dup.dup.dup.dup.dup.dup.dup.dup.dup.dup.dup.dup.dup.dup.dup.dup.dup.dup.dup.dup.dup.dup.dup.dup.dup.json: [Errno 36] File name too long: '/home/mystic/Documentos/Sonora Digital Corp Nuevo/01_Core_Platform/03_Agentic_Infrastructure/Databases/Aztrotech_Citas/leads/prospecto_20260807.done.done.done.done.done.done.dup.dup.dup.dup.dup.dup.dup.dup.dup.dup.dup.dup.dup.dup.dup.dup.dup.dup.dup.dup.dup.dup.dup.dup.dup.dup.dup.dup.dup.dup.dup.dup.dup.dup.dup.dup.dup.dup.dup.dup.dup.dup.dup.dup.dup.dup.dup.dup.dup.dup.json' -> '/home/mystic/Documentos/Sonora Digital Corp Nuevo/01_Core_Platform/03_Agentic_Infrastructure/Databases/Aztrotech_Citas/leads/prospecto_20260807.done.done.done.done.done.done.dup.dup.dup.dup.dup.dup.dup.dup.dup.dup.dup.dup.dup.dup.dup.dup.dup.dup.dup.dup.dup.dup.dup.dup.dup.dup.dup.dup.dup.dup.dup.dup.dup.dup.dup.dup.dup.dup.dup.dup.dup.dup.dup.dup.dup.dup.dup.dup.dup.dup.dup.json'
[INGEST] 0 leads nuevos, 0 duplicados saltados.
[DUP LEAD] prospecto_20260807.done.done.done.done.done.done.dup.dup.dup.dup.dup.dup.dup.dup.dup.dup.dup.dup.dup.dup.dup.dup.dup.dup.dup.dup.dup.dup.dup.dup.dup.dup.dup.dup.dup.dup.dup.dup.dup.dup.dup.dup.dup.dup.dup.dup.dup.dup.dup.dup.dup.dup.dup.dup.dup.dup.json: ya existe cita #4. skip
[LEAD FAIL] prospecto_20260807.done.done.done.done.done.done.dup.dup.dup.dup.dup.dup.dup.dup.dup.dup.dup.dup.dup.dup.dup.dup.dup.dup.dup.dup.dup.dup.dup.dup.dup.dup.dup.dup.dup.dup.dup.dup.dup.dup.dup.dup.dup.dup.dup.dup.dup.dup.dup.dup.dup.dup.dup.dup.dup.dup.json: [Errno 36] File name too long: '/home/mystic/Documentos/Sonora Digital Corp Nuevo/01_Core_Platform/03_Agentic_Infrastructure/Databases/Aztrotech_Citas/leads/prospecto_20260807.done.done.done.done.done.done.dup.dup.dup.dup.dup.dup.dup.dup.dup.dup.dup.dup.dup.dup.dup.dup.dup.dup.dup.dup.dup.dup.dup.dup.dup.dup.dup.dup.dup.dup.dup.dup.dup.dup.dup.dup.dup.dup.dup.dup.dup.dup.dup.dup.dup.dup.dup.dup.dup.dup.json' -> '/home/mystic/Documentos/Sonora Digital Corp Nuevo/01_Core_Platform/03_Agentic_Infrastructure/Databases/Aztrotech_Citas/leads/prospecto_20260807.done.done.done.done.done.done.dup.dup.dup.dup.dup.dup.dup.dup.dup.dup.dup.dup.dup.dup.dup.dup.dup.dup.dup.dup.dup.dup.dup.dup.dup.dup.dup.dup.dup.dup.dup.dup.dup.dup.dup.dup.dup.dup.dup.dup.dup.dup.dup.dup.dup.dup.dup.dup.dup.dup.dup.json'
[INGEST] 0 leads nuevos, 0 duplicados saltados.
[DUP LEAD] prospecto_20260807.done.done.done.done.done.done.dup.dup.dup.dup.dup.dup.dup.dup.dup.dup.dup.dup.dup.dup.dup.dup.dup.dup.dup.dup.dup.dup.dup.dup.dup.dup.dup.dup.dup.dup.dup.dup.dup.dup.dup.dup.dup.dup.dup.dup.dup.dup.dup.dup.dup.dup.dup.dup.dup.dup.json: ya existe cita #4. skip
[LEAD FAIL] prospecto_20260807.done.done.done.done.done.done.dup.dup.dup.dup.dup.dup.dup.dup.dup.dup.dup.dup.dup.dup.dup.dup.dup.dup.dup.dup.dup.dup.dup.dup.dup.dup.dup.dup.dup.dup.dup.dup.dup.dup.dup.dup.dup.dup.dup.dup.dup.dup.dup.dup.dup.dup.dup.dup.dup.dup.json: [Errno 36] File name too long: '/home/mystic/Documentos/Sonora Digital Corp Nuevo/01_Core_Platform/03_Agentic_Infrastructure/Databases/Aztrotech_Citas/leads/prospecto_20260807.done.done.done.done.done.done.dup.dup.dup.dup.dup.dup.dup.dup.dup.dup.dup.dup.dup.dup.dup.dup.dup.dup.dup.dup.dup.dup.dup.dup.dup.dup.dup.dup.dup.dup.dup.dup.dup.dup.dup.dup.dup.dup.dup.dup.dup.dup.dup.dup.dup.dup.dup.dup.dup.dup.json' -> '/home/mystic/Documentos/Sonora Digital Corp Nuevo/01_Core_Platform/03_Agentic_Infrastructure/Databases/Aztrotech_Citas/leads/prospecto_20260807.done.done.done.done.done.done.dup.dup.dup.dup.dup.dup.dup.dup.dup.dup.dup.dup.dup.dup.dup.dup.dup.dup.dup.dup.dup.dup.dup.dup.dup.dup.dup.dup.dup.dup.dup.dup.dup.dup.dup.dup.dup.dup.dup.dup.dup.dup.dup.dup.dup.dup.dup.dup.dup.dup.dup.json'
[INGEST] 0 leads nuevos, 0 duplicados saltados.
[DUP LEAD] prospecto_20260807.done.done.done.done.done.done.dup.dup.dup.dup.dup.dup.dup.dup.dup.dup.dup.dup.dup.dup.dup.dup.dup.dup.dup.dup.dup.dup.dup.dup.dup.dup.dup.dup.dup.dup.dup.dup.dup.dup.dup.dup.dup.dup.dup.dup.dup.dup.dup.dup.dup.dup.dup.dup.dup.dup.json: ya existe cita #4. skip
[LEAD FAIL] prospecto_20260807.done.done.done.done.done.done.dup.dup.dup.dup.dup.dup.dup.dup.dup.dup.dup.dup.dup.dup.dup.dup.dup.dup.dup.dup.dup.dup.dup.dup.dup.dup.dup.dup.dup.dup.dup.dup.dup.dup.dup.dup.dup.dup.dup.dup.dup.dup.dup.dup.dup.dup.dup.dup.dup.dup.json: [Errno 36] File name too long: '/home/mystic/Documentos/Sonora Digital Corp Nuevo/01_Core_Platform/03_Agentic_Infrastructure/Databases/Aztrotech_Citas/leads/prospecto_20260807.done.done.done.done.done.done.dup.dup.dup.dup.dup.dup.dup.dup.dup.dup.dup.dup.dup.dup.dup.dup.dup.dup.dup.dup.dup.dup.dup.dup.dup.dup.dup.dup.dup.dup.dup.dup.dup.dup.dup.dup.dup.dup.dup.dup.dup.dup.dup.dup.dup.dup.dup.dup.dup.dup.json' -> '/home/mystic/Documentos/Sonora Digital Corp Nuevo/01_Core_Platform/03_Agentic_Infrastructure/Databases/Aztrotech_Citas/leads/prospecto_20260807.done.done.done.done.done.done.dup.dup.dup.dup.dup.dup.dup.dup.dup.dup.dup.dup.dup.dup.dup.dup.dup.dup.dup.dup.dup.dup.dup.dup.dup.dup.dup.dup.dup.dup.dup.dup.dup.dup.dup.dup.dup.dup.dup.dup.dup.dup.dup.dup.dup.dup.dup.dup.dup.dup.dup.json'
[INGEST] 0 leads nuevos, 0 duplicados saltados.
[DUP LEAD] prospecto_20260807.done.done.done.done.done.done.dup.dup.dup.dup.dup.dup.dup.dup.dup.dup.dup.dup.dup.dup.dup.dup.dup.dup.dup.dup.dup.dup.dup.dup.dup.dup.dup.dup.dup.dup.dup.dup.dup.dup.dup.dup.dup.dup.dup.dup.dup.dup.dup.dup.dup.dup.dup.dup.dup.dup.json: ya existe cita #4. skip
[LEAD FAIL] prospecto_20260807.done.done.done.done.done.done.dup.dup.dup.dup.dup.dup.dup.dup.dup.dup.dup.dup.dup.dup.dup.dup.dup.dup.dup.dup.dup.dup.dup.dup.dup.dup.dup.dup.dup.dup.dup.dup.dup.dup.dup.dup.dup.dup.dup.dup.dup.dup.dup.dup.dup.dup.dup.dup.dup.dup.json: [Errno 36] File name too long: '/home/mystic/Documentos/Sonora Digital Corp Nuevo/01_Core_Platform/03_Agentic_Infrastructure/Databases/Aztrotech_Citas/leads/prospecto_20260807.done.done.done.done.done.done.dup.dup.dup.dup.dup.dup.dup.dup.dup.dup.dup.dup.dup.dup.dup.dup.dup.dup.dup.dup.dup.dup.dup.dup.dup.dup.dup.dup.dup.dup.dup.dup.dup.dup.dup.dup.dup.dup.dup.dup.dup.dup.dup.dup.dup.dup.dup.dup.dup.dup.json' -> '/home/mystic/Documentos/Sonora Digital Corp Nuevo/01_Core_Platform/03_Agentic_Infrastructure/Databases/Aztrotech_Citas/leads/prospecto_20260807.done.done.done.done.done.done.dup.dup.dup.dup.dup.dup.dup.dup.dup.dup.dup.dup.dup.dup.dup.dup.dup.dup.dup.dup.dup.dup.dup.dup.dup.dup.dup.dup.dup.dup.dup.dup.dup.dup.dup.dup.dup.dup.dup.dup.dup.dup.dup.dup.dup.dup.dup.dup.dup.dup.dup.json'
[INGEST] 0 leads nuevos, 0 duplicados saltados.
[DUP LEAD] prospecto_20260807.done.done.done.done.done.done.dup.dup.dup.dup.dup.dup.dup.dup.dup.dup.dup.dup.dup.dup.dup.dup.dup.dup.dup.dup.dup.dup.dup.dup.dup.dup.dup.dup.dup.dup.dup.dup.dup.dup.dup.dup.dup.dup.dup.dup.dup.dup.dup.dup.dup.dup.dup.dup.dup.dup.json: ya existe cita #4. skip
[LEAD FAIL] prospecto_20260807.done.done.done.done.done.done.dup.dup.dup.dup.dup.dup.dup.dup.dup.dup.dup.dup.dup.dup.dup.dup.dup.dup.dup.dup.dup.dup.dup.dup.dup.dup.dup.dup.dup.dup.dup.dup.dup.dup.dup.dup.dup.dup.dup.dup.dup.dup.dup.dup.dup.dup.dup.dup.dup.dup.json: [Errno 36] File name too long: '/home/mystic/Documentos/Sonora Digital Corp Nuevo/01_Core_Platform/03_Agentic_Infrastructure/Databases/Aztrotech_Citas/leads/prospecto_20260807.done.done.done.done.done.done.dup.dup.dup.dup.dup.dup.dup.dup.dup.dup.dup.dup.dup.dup.dup.dup.dup.dup.dup.dup.dup.dup.dup.dup.dup.dup.dup.dup.dup.dup.dup.dup.dup.dup.dup.dup.dup.dup.dup.dup.dup.dup.dup.dup.dup.dup.dup.dup.dup.dup.json' -> '/home/mystic/Documentos/Sonora Digital Corp Nuevo/01_Core_Platform/03_Agentic_Infrastructure/Databases/Aztrotech_Citas/leads/prospecto_20260807.done.done.done.done.done.done.dup.dup.dup.dup.dup.dup.dup.dup.dup.dup.dup.dup.dup.dup.dup.dup.dup.dup.dup.dup.dup.dup.dup.dup.dup.dup.dup.dup.dup.dup.dup.dup.dup.dup.dup.dup.dup.dup.dup.dup.dup.dup.dup.dup.dup.dup.dup.dup.dup.dup.dup.json'
[INGEST] 0 leads nuevos, 0 duplicados saltados.
[DUP LEAD] prospecto_20260807.done.done.done.done.done.done.dup.dup.dup.dup.dup.dup.dup.dup.dup.dup.dup.dup.dup.dup.dup.dup.dup.dup.dup.dup.dup.dup.dup.dup.dup.dup.dup.dup.dup.dup.dup.dup.dup.dup.dup.dup.dup.dup.dup.dup.dup.dup.dup.dup.dup.dup.dup.dup.dup.dup.json: ya existe cita #4. skip
[LEAD FAIL] prospecto_20260807.done.done.done.done.done.done.dup.dup.dup.dup.dup.dup.dup.dup.dup.dup.dup.dup.dup.dup.dup.dup.dup.dup.dup.dup.dup.dup.dup.dup.dup.dup.dup.dup.dup.dup.dup.dup.dup.dup.dup.dup.dup.dup.dup.dup.dup.dup.dup.dup.dup.dup.dup.dup.dup.dup.json: [Errno 36] File name too long: '/home/mystic/Documentos/Sonora Digital Corp Nuevo/01_Core_Platform/03_Agentic_Infrastructure/Databases/Aztrotech_Citas/leads/prospecto_20260807.done.done.done.done.done.done.dup.dup.dup.dup.dup.dup.dup.dup.dup.dup.dup.dup.dup.dup.dup.dup.dup.dup.dup.dup.dup.dup.dup.dup.dup.dup.dup.dup.dup.dup.dup.dup.dup.dup.dup.dup.dup.dup.dup.dup.dup.dup.dup.dup.dup.dup.dup.dup.dup.dup.json' -> '/home/mystic/Documentos/Sonora Digital Corp Nuevo/01_Core_Platform/03_Agentic_Infrastructure/Databases/Aztrotech_Citas/leads/prospecto_20260807.done.done.done.done.done.done.dup.dup.dup.dup.dup.dup.dup.dup.dup.dup.dup.dup.dup.dup.dup.dup.dup.dup.dup.dup.dup.dup.dup.dup.dup.dup.dup.dup.dup.dup.dup.dup.dup.dup.dup.dup.dup.dup.dup.dup.dup.dup.dup.dup.dup.dup.dup.dup.dup.dup.dup.json'
[INGEST] 0 leads nuevos, 0 duplicados saltados.
[DUP LEAD] prospecto_20260807.done.done.done.done.done.done.dup.dup.dup.dup.dup.dup.dup.dup.dup.dup.dup.dup.dup.dup.dup.dup.dup.dup.dup.dup.dup.dup.dup.dup.dup.dup.dup.dup.dup.dup.dup.dup.dup.dup.dup.dup.dup.dup.dup.dup.dup.dup.dup.dup.dup.dup.dup.dup.dup.dup.json: ya existe cita #4. skip
[LEAD FAIL] prospecto_20260807.done.done.done.done.done.done.dup.dup.dup.dup.dup.dup.dup.dup.dup.dup.dup.dup.dup.dup.dup.dup.dup.dup.dup.dup.dup.dup.dup.dup.dup.dup.dup.dup.dup.dup.dup.dup.dup.dup.dup.dup.dup.dup.dup.dup.dup.dup.dup.dup.dup.dup.dup.dup.dup.dup.json: [Errno 36] File name too long: '/home/mystic/Documentos/Sonora Digital Corp Nuevo/01_Core_Platform/03_Agentic_Infrastructure/Databases/Aztrotech_Citas/leads/prospecto_20260807.done.done.done.done.done.done.dup.dup.dup.dup.dup.dup.dup.dup.dup.dup.dup.dup.dup.dup.dup.dup.dup.dup.dup.dup.dup.dup.dup.dup.dup.dup.dup.dup.dup.dup.dup.dup.dup.dup.dup.dup.dup.dup.dup.dup.dup.dup.dup.dup.dup.dup.dup.dup.dup.dup.json' -> '/home/mystic/Documentos/Sonora Digital Corp Nuevo/01_Core_Platform/03_Agentic_Infrastructure/Databases/Aztrotech_Citas/leads/prospecto_20260807.done.done.done.done.done.done.dup.dup.dup.dup.dup.dup.dup.dup.dup.dup.dup.dup.dup.dup.dup.dup.dup.dup.dup.dup.dup.dup.dup.dup.dup.dup.dup.dup.dup.dup.dup.dup.dup.dup.dup.dup.dup.dup.dup.dup.dup.dup.dup.dup.dup.dup.dup.dup.dup.dup.dup.json'
[INGEST] 0 leads nuevos, 0 duplicados saltados.
[DUP LEAD] prospecto_20260807.done.done.done.done.done.done.dup.dup.dup.dup.dup.dup.dup.dup.dup.dup.dup.dup.dup.dup.dup.dup.dup.dup.dup.dup.dup.dup.dup.dup.dup.dup.dup.dup.dup.dup.dup.dup.dup.dup.dup.dup.dup.dup.dup.dup.dup.dup.dup.dup.dup.dup.dup.dup.dup.dup.json: ya existe cita #4. skip
[LEAD FAIL] prospecto_20260807.done.done.done.done.done.done.dup.dup.dup.dup.dup.dup.dup.dup.dup.dup.dup.dup.dup.dup.dup.dup.dup.dup.dup.dup.dup.dup.dup.dup.dup.dup.dup.dup.dup.dup.dup.dup.dup.dup.dup.dup.dup.dup.dup.dup.dup.dup.dup.dup.dup.dup.dup.dup.dup.dup.json: [Errno 36] File name too long: '/home/mystic/Documentos/Sonora Digital Corp Nuevo/01_Core_Platform/03_Agentic_Infrastructure/Databases/Aztrotech_Citas/leads/prospecto_20260807.done.done.done.done.done.done.dup.dup.dup.dup.dup.dup.dup.dup.dup.dup.dup.dup.dup.dup.dup.dup.dup.dup.dup.dup.dup.dup.dup.dup.dup.dup.dup.dup.dup.dup.dup.dup.dup.dup.dup.dup.dup.dup.dup.dup.dup.dup.dup.dup.dup.dup.dup.dup.dup.dup.json' -> '/home/mystic/Documentos/Sonora Digital Corp Nuevo/01_Core_Platform/03_Agentic_Infrastructure/Databases/Aztrotech_Citas/leads/prospecto_20260807.done.done.done.done.done.done.dup.dup.dup.dup.dup.dup.dup.dup.dup.dup.dup.dup.dup.dup.dup.dup.dup.dup.dup.dup.dup.dup.dup.dup.dup.dup.dup.dup.dup.dup.dup.dup.dup.dup.dup.dup.dup.dup.dup.dup.dup.dup.dup.dup.dup.dup.dup.dup.dup.dup.dup.json'
[INGEST] 0 leads nuevos, 0 duplicados saltados.
[DUP LEAD] prospecto_20260807.done.done.done.done.done.done.dup.dup.dup.dup.dup.dup.dup.dup.dup.dup.dup.dup.dup.dup.dup.dup.dup.dup.dup.dup.dup.dup.dup.dup.dup.dup.dup.dup.dup.dup.dup.dup.dup.dup.dup.dup.dup.dup.dup.dup.dup.dup.dup.dup.dup.dup.dup.dup.dup.dup.json: ya existe cita #4. skip
[LEAD FAIL] prospecto_20260807.done.done.done.done.done.done.dup.dup.dup.dup.dup.dup.dup.dup.dup.dup.dup.dup.dup.dup.dup.dup.dup.dup.dup.dup.dup.dup.dup.dup.dup.dup.dup.dup.dup.dup.dup.dup.dup.dup.dup.dup.dup.dup.dup.dup.dup.dup.dup.dup.dup.dup.dup.dup.dup.dup.json: [Errno 36] File name too long: '/home/mystic/Documentos/Sonora Digital Corp Nuevo/01_Core_Platform/03_Agentic_Infrastructure/Databases/Aztrotech_Citas/leads/prospecto_20260807.done.done.done.done.done.done.dup.dup.dup.dup.dup.dup.dup.dup.dup.dup.dup.dup.dup.dup.dup.dup.dup.dup.dup.dup.dup.dup.dup.dup.dup.dup.dup.dup.dup.dup.dup.dup.dup.dup.dup.dup.dup.dup.dup.dup.dup.dup.dup.dup.dup.dup.dup.dup.dup.dup.json' -> '/home/mystic/Documentos/Sonora Digital Corp Nuevo/01_Core_Platform/03_Agentic_Infrastructure/Databases/Aztrotech_Citas/leads/prospecto_20260807.done.done.done.done.done.done.dup.dup.dup.dup.dup.dup.dup.dup.dup.dup.dup.dup.dup.dup.dup.dup.dup.dup.dup.dup.dup.dup.dup.dup.dup.dup.dup.dup.dup.dup.dup.dup.dup.dup.dup.dup.dup.dup.dup.dup.dup.dup.dup.dup.dup.dup.dup.dup.dup.dup.dup.json'
[INGEST] 0 leads nuevos, 0 duplicados saltados.
[DUP LEAD] prospecto_20260807.done.done.done.done.done.done.dup.dup.dup.dup.dup.dup.dup.dup.dup.dup.dup.dup.dup.dup.dup.dup.dup.dup.dup.dup.dup.dup.dup.dup.dup.dup.dup.dup.dup.dup.dup.dup.dup.dup.dup.dup.dup.dup.dup.dup.dup.dup.dup.dup.dup.dup.dup.dup.dup.dup.json: ya existe cita #4. skip
[LEAD FAIL] prospecto_20260807.done.done.done.done.done.done.dup.dup.dup.dup.dup.dup.dup.dup.dup.dup.dup.dup.dup.dup.dup.dup.dup.dup.dup.dup.dup.dup.dup.dup.dup.dup.dup.dup.dup.dup.dup.dup.dup.dup.dup.dup.dup.dup.dup.dup.dup.dup.dup.dup.dup.dup.dup.dup.dup.dup.json: [Errno 36] File name too long: '/home/mystic/Documentos/Sonora Digital Corp Nuevo/01_Core_Platform/03_Agentic_Infrastructure/Databases/Aztrotech_Citas/leads/prospecto_20260807.done.done.done.done.done.done.dup.dup.dup.dup.dup.dup.dup.dup.dup.dup.dup.dup.dup.dup.dup.dup.dup.dup.dup.dup.dup.dup.dup.dup.dup.dup.dup.dup.dup.dup.dup.dup.dup.dup.dup.dup.dup.dup.dup.dup.dup.dup.dup.dup.dup.dup.dup.dup.dup.dup.json' -> '/home/mystic/Documentos/Sonora Digital Corp Nuevo/01_Core_Platform/03_Agentic_Infrastructure/Databases/Aztrotech_Citas/leads/prospecto_20260807.done.done.done.done.done.done.dup.dup.dup.dup.dup.dup.dup.dup.dup.dup.dup.dup.dup.dup.dup.dup.dup.dup.dup.dup.dup.dup.dup.dup.dup.dup.dup.dup.dup.dup.dup.dup.dup.dup.dup.dup.dup.dup.dup.dup.dup.dup.dup.dup.dup.dup.dup.dup.dup.dup.dup.json'
[INGEST] 0 leads nuevos, 0 duplicados saltados.
[DUP LEAD] prospecto_20260807.done.done.done.done.done.done.dup.dup.dup.dup.dup.dup.dup.dup.dup.dup.dup.dup.dup.dup.dup.dup.dup.dup.dup.dup.dup.dup.dup.dup.dup.dup.dup.dup.dup.dup.dup.dup.dup.dup.dup.dup.dup.dup.dup.dup.dup.dup.dup.dup.dup.dup.dup.dup.dup.dup.json: ya existe cita #4. skip
[LEAD FAIL] prospecto_20260807.done.done.done.done.done.done.dup.dup.dup.dup.dup.dup.dup.dup.dup.dup.dup.dup.dup.dup.dup.dup.dup.dup.dup.dup.dup.dup.dup.dup.dup.dup.dup.dup.dup.dup.dup.dup.dup.dup.dup.dup.dup.dup.dup.dup.dup.dup.dup.dup.dup.dup.dup.dup.dup.dup.json: [Errno 36] File name too long: '/home/mystic/Documentos/Sonora Digital Corp Nuevo/01_Core_Platform/03_Agentic_Infrastructure/Databases/Aztrotech_Citas/leads/prospecto_20260807.done.done.done.done.done.done.dup.dup.dup.dup.dup.dup.dup.dup.dup.dup.dup.dup.dup.dup.dup.dup.dup.dup.dup.dup.dup.dup.dup.dup.dup.dup.dup.dup.dup.dup.dup.dup.dup.dup.dup.dup.dup.dup.dup.dup.dup.dup.dup.dup.dup.dup.dup.dup.dup.dup.json' -> '/home/mystic/Documentos/Sonora Digital Corp Nuevo/01_Core_Platform/03_Agentic_Infrastructure/Databases/Aztrotech_Citas/leads/prospecto_20260807.done.done.done.done.done.done.dup.dup.dup.dup.dup.dup.dup.dup.dup.dup.dup.dup.dup.dup.dup.dup.dup.dup.dup.dup.dup.dup.dup.dup.dup.dup.dup.dup.dup.dup.dup.dup.dup.dup.dup.dup.dup.dup.dup.dup.dup.dup.dup.dup.dup.dup.dup.dup.dup.dup.dup.json'
[INGEST] 0 leads nuevos, 0 duplicados saltados.
[DUP LEAD] prospecto_20260807.done.done.done.done.done.done.dup.dup.dup.dup.dup.dup.dup.dup.dup.dup.dup.dup.dup.dup.dup.dup.dup.dup.dup.dup.dup.dup.dup.dup.dup.dup.dup.dup.dup.dup.dup.dup.dup.dup.dup.dup.dup.dup.dup.dup.dup.dup.dup.dup.dup.dup.dup.dup.dup.dup.json: ya existe cita #4. skip
[LEAD FAIL] prospecto_20260807.done.done.done.done.done.done.dup.dup.dup.dup.dup.dup.dup.dup.dup.dup.dup.dup.dup.dup.dup.dup.dup.dup.dup.dup.dup.dup.dup.dup.dup.dup.dup.dup.dup.dup.dup.dup.dup.dup.dup.dup.dup.dup.dup.dup.dup.dup.dup.dup.dup.dup.dup.dup.dup.dup.json: [Errno 36] File name too long: '/home/mystic/Documentos/Sonora Digital Corp Nuevo/01_Core_Platform/03_Agentic_Infrastructure/Databases/Aztrotech_Citas/leads/prospecto_20260807.done.done.done.done.done.done.dup.dup.dup.dup.dup.dup.dup.dup.dup.dup.dup.dup.dup.dup.dup.dup.dup.dup.dup.dup.dup.dup.dup.dup.dup.dup.dup.dup.dup.dup.dup.dup.dup.dup.dup.dup.dup.dup.dup.dup.dup.dup.dup.dup.dup.dup.dup.dup.dup.dup.json' -> '/home/mystic/Documentos/Sonora Digital Corp Nuevo/01_Core_Platform/03_Agentic_Infrastructure/Databases/Aztrotech_Citas/leads/prospecto_20260807.done.done.done.done.done.done.dup.dup.dup.dup.dup.dup.dup.dup.dup.dup.dup.dup.dup.dup.dup.dup.dup.dup.dup.dup.dup.dup.dup.dup.dup.dup.dup.dup.dup.dup.dup.dup.dup.dup.dup.dup.dup.dup.dup.dup.dup.dup.dup.dup.dup.dup.dup.dup.dup.dup.dup.json'
[INGEST] 0 leads nuevos, 0 duplicados saltados.
[DUP LEAD] prospecto_20260807.done.done.done.done.done.done.dup.dup.dup.dup.dup.dup.dup.dup.dup.dup.dup.dup.dup.dup.dup.dup.dup.dup.dup.dup.dup.dup.dup.dup.dup.dup.dup.dup.dup.dup.dup.dup.dup.dup.dup.dup.dup.dup.dup.dup.dup.dup.dup.dup.dup.dup.dup.dup.dup.dup.json: ya existe cita #4. skip
[LEAD FAIL] prospecto_20260807.done.done.done.done.done.done.dup.dup.dup.dup.dup.dup.dup.dup.dup.dup.dup.dup.dup.dup.dup.dup.dup.dup.dup.dup.dup.dup.dup.dup.dup.dup.dup.dup.dup.dup.dup.dup.dup.dup.dup.dup.dup.dup.dup.dup.dup.dup.dup.dup.dup.dup.dup.dup.dup.dup.json: [Errno 36] File name too long: '/home/mystic/Documentos/Sonora Digital Corp Nuevo/01_Core_Platform/03_Agentic_Infrastructure/Databases/Aztrotech_Citas/leads/prospecto_20260807.done.done.done.done.done.done.dup.dup.dup.dup.dup.dup.dup.dup.dup.dup.dup.dup.dup.dup.dup.dup.dup.dup.dup.dup.dup.dup.dup.dup.dup.dup.dup.dup.dup.dup.dup.dup.dup.dup.dup.dup.dup.dup.dup.dup.dup.dup.dup.dup.dup.dup.dup.dup.dup.dup.json' -> '/home/mystic/Documentos/Sonora Digital Corp Nuevo/01_Core_Platform/03_Agentic_Infrastructure/Databases/Aztrotech_Citas/leads/prospecto_20260807.done.done.done.done.done.done.dup.dup.dup.dup.dup.dup.dup.dup.dup.dup.dup.dup.dup.dup.dup.dup.dup.dup.dup.dup.dup.dup.dup.dup.dup.dup.dup.dup.dup.dup.dup.dup.dup.dup.dup.dup.dup.dup.dup.dup.dup.dup.dup.dup.dup.dup.dup.dup.dup.dup.dup.json'
[INGEST] 0 leads nuevos, 0 duplicados saltados.
[DUP LEAD] prospecto_20260807.done.done.done.done.done.done.dup.dup.dup.dup.dup.dup.dup.dup.dup.dup.dup.dup.dup.dup.dup.dup.dup.dup.dup.dup.dup.dup.dup.dup.dup.dup.dup.dup.dup.dup.dup.dup.dup.dup.dup.dup.dup.dup.dup.dup.dup.dup.dup.dup.dup.dup.dup.dup.dup.dup.json: ya existe cita #4. skip
[LEAD FAIL] prospecto_20260807.done.done.done.done.done.done.dup.dup.dup.dup.dup.dup.dup.dup.dup.dup.dup.dup.dup.dup.dup.dup.dup.dup.dup.dup.dup.dup.dup.dup.dup.dup.dup.dup.dup.dup.dup.dup.dup.dup.dup.dup.dup.dup.dup.dup.dup.dup.dup.dup.dup.dup.dup.dup.dup.dup.json: [Errno 36] File name too long: '/home/mystic/Documentos/Sonora Digital Corp Nuevo/01_Core_Platform/03_Agentic_Infrastructure/Databases/Aztrotech_Citas/leads/prospecto_20260807.done.done.done.done.done.done.dup.dup.dup.dup.dup.dup.dup.dup.dup.dup.dup.dup.dup.dup.dup.dup.dup.dup.dup.dup.dup.dup.dup.dup.dup.dup.dup.dup.dup.dup.dup.dup.dup.dup.dup.dup.dup.dup.dup.dup.dup.dup.dup.dup.dup.dup.dup.dup.dup.dup.json' -> '/home/mystic/Documentos/Sonora Digital Corp Nuevo/01_Core_Platform/03_Agentic_Infrastructure/Databases/Aztrotech_Citas/leads/prospecto_20260807.done.done.done.done.done.done.dup.dup.dup.dup.dup.dup.dup.dup.dup.dup.dup.dup.dup.dup.dup.dup.dup.dup.dup.dup.dup.dup.dup.dup.dup.dup.dup.dup.dup.dup.dup.dup.dup.dup.dup.dup.dup.dup.dup.dup.dup.dup.dup.dup.dup.dup.dup.dup.dup.dup.dup.json'
[INGEST] 0 leads nuevos, 0 duplicados saltados.
[DUP LEAD] prospecto_20260807.done.done.done.done.done.done.dup.dup.dup.dup.dup.dup.dup.dup.dup.dup.dup.dup.dup.dup.dup.dup.dup.dup.dup.dup.dup.dup.dup.dup.dup.dup.dup.dup.dup.dup.dup.dup.dup.dup.dup.dup.dup.dup.dup.dup.dup.dup.dup.dup.dup.dup.dup.dup.dup.dup.json: ya existe cita #4. skip
[LEAD FAIL] prospecto_20260807.done.done.done.done.done.done.dup.dup.dup.dup.dup.dup.dup.dup.dup.dup.dup.dup.dup.dup.dup.dup.dup.dup.dup.dup.dup.dup.dup.dup.dup.dup.dup.dup.dup.dup.dup.dup.dup.dup.dup.dup.dup.dup.dup.dup.dup.dup.dup.dup.dup.dup.dup.dup.dup.dup.json: [Errno 36] File name too long: '/home/mystic/Documentos/Sonora Digital Corp Nuevo/01_Core_Platform/03_Agentic_Infrastructure/Databases/Aztrotech_Citas/leads/prospecto_20260807.done.done.done.done.done.done.dup.dup.dup.dup.dup.dup.dup.dup.dup.dup.dup.dup.dup.dup.dup.dup.dup.dup.dup.dup.dup.dup.dup.dup.dup.dup.dup.dup.dup.dup.dup.dup.dup.dup.dup.dup.dup.dup.dup.dup.dup.dup.dup.dup.dup.dup.dup.dup.dup.dup.json' -> '/home/mystic/Documentos/Sonora Digital Corp Nuevo/01_Core_Platform/03_Agentic_Infrastructure/Databases/Aztrotech_Citas/leads/prospecto_20260807.done.done.done.done.done.done.dup.dup.dup.dup.dup.dup.dup.dup.dup.dup.dup.dup.dup.dup.dup.dup.dup.dup.dup.dup.dup.dup.dup.dup.dup.dup.dup.dup.dup.dup.dup.dup.dup.dup.dup.dup.dup.dup.dup.dup.dup.dup.dup.dup.dup.dup.dup.dup.dup.dup.dup.json'
[INGEST] 0 leads nuevos, 0 duplicados saltados.
[DUP LEAD] prospecto_20260807.done.done.done.done.done.done.dup.dup.dup.dup.dup.dup.dup.dup.dup.dup.dup.dup.dup.dup.dup.dup.dup.dup.dup.dup.dup.dup.dup.dup.dup.dup.dup.dup.dup.dup.dup.dup.dup.dup.dup.dup.dup.dup.dup.dup.dup.dup.dup.dup.dup.dup.dup.dup.dup.dup.json: ya existe cita #4. skip
[LEAD FAIL] prospecto_20260807.done.done.done.done.done.done.dup.dup.dup.dup.dup.dup.dup.dup.dup.dup.dup.dup.dup.dup.dup.dup.dup.dup.dup.dup.dup.dup.dup.dup.dup.dup.dup.dup.dup.dup.dup.dup.dup.dup.dup.dup.dup.dup.dup.dup.dup.dup.dup.dup.dup.dup.dup.dup.dup.dup.json: [Errno 36] File name too long: '/home/mystic/Documentos/Sonora Digital Corp Nuevo/01_Core_Platform/03_Agentic_Infrastructure/Databases/Aztrotech_Citas/leads/prospecto_20260807.done.done.done.done.done.done.dup.dup.dup.dup.dup.dup.dup.dup.dup.dup.dup.dup.dup.dup.dup.dup.dup.dup.dup.dup.dup.dup.dup.dup.dup.dup.dup.dup.dup.dup.dup.dup.dup.dup.dup.dup.dup.dup.dup.dup.dup.dup.dup.dup.dup.dup.dup.dup.dup.dup.json' -> '/home/mystic/Documentos/Sonora Digital Corp Nuevo/01_Core_Platform/03_Agentic_Infrastructure/Databases/Aztrotech_Citas/leads/prospecto_20260807.done.done.done.done.done.done.dup.dup.dup.dup.dup.dup.dup.dup.dup.dup.dup.dup.dup.dup.dup.dup.dup.dup.dup.dup.dup.dup.dup.dup.dup.dup.dup.dup.dup.dup.dup.dup.dup.dup.dup.dup.dup.dup.dup.dup.dup.dup.dup.dup.dup.dup.dup.dup.dup.dup.dup.json'
[INGEST] 0 leads nuevos, 0 duplicados saltados.
[DUP LEAD] prospecto_20260807.done.done.done.done.done.done.dup.dup.dup.dup.dup.dup.dup.dup.dup.dup.dup.dup.dup.dup.dup.dup.dup.dup.dup.dup.dup.dup.dup.dup.dup.dup.dup.dup.dup.dup.dup.dup.dup.dup.dup.dup.dup.dup.dup.dup.dup.dup.dup.dup.dup.dup.dup.dup.dup.dup.json: ya existe cita #4. skip
[LEAD FAIL] prospecto_20260807.done.done.done.done.done.done.dup.dup.dup.dup.dup.dup.dup.dup.dup.dup.dup.dup.dup.dup.dup.dup.dup.dup.dup.dup.dup.dup.dup.dup.dup.dup.dup.dup.dup.dup.dup.dup.dup.dup.dup.dup.dup.dup.dup.dup.dup.dup.dup.dup.dup.dup.dup.dup.dup.dup.json: [Errno 36] File name too long: '/home/mystic/Documentos/Sonora Digital Corp Nuevo/01_Core_Platform/03_Agentic_Infrastructure/Databases/Aztrotech_Citas/leads/prospecto_20260807.done.done.done.done.done.done.dup.dup.dup.dup.dup.dup.dup.dup.dup.dup.dup.dup.dup.dup.dup.dup.dup.dup.dup.dup.dup.dup.dup.dup.dup.dup.dup.dup.dup.dup.dup.dup.dup.dup.dup.dup.dup.dup.dup.dup.dup.dup.dup.dup.dup.dup.dup.dup.dup.dup.json' -> '/home/mystic/Documentos/Sonora Digital Corp Nuevo/01_Core_Platform/03_Agentic_Infrastructure/Databases/Aztrotech_Citas/leads/prospecto_20260807.done.done.done.done.done.done.dup.dup.dup.dup.dup.dup.dup.dup.dup.dup.dup.dup.dup.dup.dup.dup.dup.dup.dup.dup.dup.dup.dup.dup.dup.dup.dup.dup.dup.dup.dup.dup.dup.dup.dup.dup.dup.dup.dup.dup.dup.dup.dup.dup.dup.dup.dup.dup.dup.dup.dup.json'
[INGEST] 0 leads nuevos, 0 duplicados saltados.
[DUP LEAD] prospecto_20260807.done.done.done.done.done.done.dup.dup.dup.dup.dup.dup.dup.dup.dup.dup.dup.dup.dup.dup.dup.dup.dup.dup.dup.dup.dup.dup.dup.dup.dup.dup.dup.dup.dup.dup.dup.dup.dup.dup.dup.dup.dup.dup.dup.dup.dup.dup.dup.dup.dup.dup.dup.dup.dup.dup.json: ya existe cita #4. skip
[LEAD FAIL] prospecto_20260807.done.done.done.done.done.done.dup.dup.dup.dup.dup.dup.dup.dup.dup.dup.dup.dup.dup.dup.dup.dup.dup.dup.dup.dup.dup.dup.dup.dup.dup.dup.dup.dup.dup.dup.dup.dup.dup.dup.dup.dup.dup.dup.dup.dup.dup.dup.dup.dup.dup.dup.dup.dup.dup.dup.json: [Errno 36] File name too long: '/home/mystic/Documentos/Sonora Digital Corp Nuevo/01_Core_Platform/03_Agentic_Infrastructure/Databases/Aztrotech_Citas/leads/prospecto_20260807.done.done.done.done.done.done.dup.dup.dup.dup.dup.dup.dup.dup.dup.dup.dup.dup.dup.dup.dup.dup.dup.dup.dup.dup.dup.dup.dup.dup.dup.dup.dup.dup.dup.dup.dup.dup.dup.dup.dup.dup.dup.dup.dup.dup.dup.dup.dup.dup.dup.dup.dup.dup.dup.dup.json' -> '/home/mystic/Documentos/Sonora Digital Corp Nuevo/01_Core_Platform/03_Agentic_Infrastructure/Databases/Aztrotech_Citas/leads/prospecto_20260807.done.done.done.done.done.done.dup.dup.dup.dup.dup.dup.dup.dup.dup.dup.dup.dup.dup.dup.dup.dup.dup.dup.dup.dup.dup.dup.dup.dup.dup.dup.dup.dup.dup.dup.dup.dup.dup.dup.dup.dup.dup.dup.dup.dup.dup.dup.dup.dup.dup.dup.dup.dup.dup.dup.dup.json'
[INGEST] 0 leads nuevos, 0 duplicados saltados.
[DUP LEAD] prospecto_20260807.done.done.done.done.done.done.dup.dup.dup.dup.dup.dup.dup.dup.dup.dup.dup.dup.dup.dup.dup.dup.dup.dup.dup.dup.dup.dup.dup.dup.dup.dup.dup.dup.dup.dup.dup.dup.dup.dup.dup.dup.dup.dup.dup.dup.dup.dup.dup.dup.dup.dup.dup.dup.dup.dup.json: ya existe cita #4. skip
[LEAD FAIL] prospecto_20260807.done.done.done.done.done.done.dup.dup.dup.dup.dup.dup.dup.dup.dup.dup.dup.dup.dup.dup.dup.dup.dup.dup.dup.dup.dup.dup.dup.dup.dup.dup.dup.dup.dup.dup.dup.dup.dup.dup.dup.dup.dup.dup.dup.dup.dup.dup.dup.dup.dup.dup.dup.dup.dup.dup.json: [Errno 36] File name too long: '/home/mystic/Documentos/Sonora Digital Corp Nuevo/01_Core_Platform/03_Agentic_Infrastructure/Databases/Aztrotech_Citas/leads/prospecto_20260807.done.done.done.done.done.done.dup.dup.dup.dup.dup.dup.dup.dup.dup.dup.dup.dup.dup.dup.dup.dup.dup.dup.dup.dup.dup.dup.dup.dup.dup.dup.dup.dup.dup.dup.dup.dup.dup.dup.dup.dup.dup.dup.dup.dup.dup.dup.dup.dup.dup.dup.dup.dup.dup.dup.json' -> '/home/mystic/Documentos/Sonora Digital Corp Nuevo/01_Core_Platform/03_Agentic_Infrastructure/Databases/Aztrotech_Citas/leads/prospecto_20260807.done.done.done.done.done.done.dup.dup.dup.dup.dup.dup.dup.dup.dup.dup.dup.dup.dup.dup.dup.dup.dup.dup.dup.dup.dup.dup.dup.dup.dup.dup.dup.dup.dup.dup.dup.dup.dup.dup.dup.dup.dup.dup.dup.dup.dup.dup.dup.dup.dup.dup.dup.dup.dup.dup.dup.json'
[INGEST] 0 leads nuevos, 0 duplicados saltados.
[DUP LEAD] prospecto_20260807.done.done.done.done.done.done.dup.dup.dup.dup.dup.dup.dup.dup.dup.dup.dup.dup.dup.dup.dup.dup.dup.dup.dup.dup.dup.dup.dup.dup.dup.dup.dup.dup.dup.dup.dup.dup.dup.dup.dup.dup.dup.dup.dup.dup.dup.dup.dup.dup.dup.dup.dup.dup.dup.dup.json: ya existe cita #4. skip
[LEAD FAIL] prospecto_20260807.done.done.done.done.done.done.dup.dup.dup.dup.dup.dup.dup.dup.dup.dup.dup.dup.dup.dup.dup.dup.dup.dup.dup.dup.dup.dup.dup.dup.dup.dup.dup.dup.dup.dup.dup.dup.dup.dup.dup.dup.dup.dup.dup.dup.dup.dup.dup.dup.dup.dup.dup.dup.dup.dup.json: [Errno 36] File name too long: '/home/mystic/Documentos/Sonora Digital Corp Nuevo/01_Core_Platform/03_Agentic_Infrastructure/Databases/Aztrotech_Citas/leads/prospecto_20260807.done.done.done.done.done.done.dup.dup.dup.dup.dup.dup.dup.dup.dup.dup.dup.dup.dup.dup.dup.dup.dup.dup.dup.dup.dup.dup.dup.dup.dup.dup.dup.dup.dup.dup.dup.dup.dup.dup.dup.dup.dup.dup.dup.dup.dup.dup.dup.dup.dup.dup.dup.dup.dup.dup.json' -> '/home/mystic/Documentos/Sonora Digital Corp Nuevo/01_Core_Platform/03_Agentic_Infrastructure/Databases/Aztrotech_Citas/leads/prospecto_20260807.done.done.done.done.done.done.dup.dup.dup.dup.dup.dup.dup.dup.dup.dup.dup.dup.dup.dup.dup.dup.dup.dup.dup.dup.dup.dup.dup.dup.dup.dup.dup.dup.dup.dup.dup.dup.dup.dup.dup.dup.dup.dup.dup.dup.dup.dup.dup.dup.dup.dup.dup.dup.dup.dup.dup.json'
[INGEST] 0 leads nuevos, 0 duplicados saltados.
[DUP LEAD] prospecto_20260807.done.done.done.done.done.done.dup.dup.dup.dup.dup.dup.dup.dup.dup.dup.dup.dup.dup.dup.dup.dup.dup.dup.dup.dup.dup.dup.dup.dup.dup.dup.dup.dup.dup.dup.dup.dup.dup.dup.dup.dup.dup.dup.dup.dup.dup.dup.dup.dup.dup.dup.dup.dup.dup.dup.json: ya existe cita #4. skip
[LEAD FAIL] prospecto_20260807.done.done.done.done.done.done.dup.dup.dup.dup.dup.dup.dup.dup.dup.dup.dup.dup.dup.dup.dup.dup.dup.dup.dup.dup.dup.dup.dup.dup.dup.dup.dup.dup.dup.dup.dup.dup.dup.dup.dup.dup.dup.dup.dup.dup.dup.dup.dup.dup.dup.dup.dup.dup.dup.dup.json: [Errno 36] File name too long: '/home/mystic/Documentos/Sonora Digital Corp Nuevo/01_Core_Platform/03_Agentic_Infrastructure/Databases/Aztrotech_Citas/leads/prospecto_20260807.done.done.done.done.done.done.dup.dup.dup.dup.dup.dup.dup.dup.dup.dup.dup.dup.dup.dup.dup.dup.dup.dup.dup.dup.dup.dup.dup.dup.dup.dup.dup.dup.dup.dup.dup.dup.dup.dup.dup.dup.dup.dup.dup.dup.dup.dup.dup.dup.dup.dup.dup.dup.dup.dup.json' -> '/home/mystic/Documentos/Sonora Digital Corp Nuevo/01_Core_Platform/03_Agentic_Infrastructure/Databases/Aztrotech_Citas/leads/prospecto_20260807.done.done.done.done.done.done.dup.dup.dup.dup.dup.dup.dup.dup.dup.dup.dup.dup.dup.dup.dup.dup.dup.dup.dup.dup.dup.dup.dup.dup.dup.dup.dup.dup.dup.dup.dup.dup.dup.dup.dup.dup.dup.dup.dup.dup.dup.dup.dup.dup.dup.dup.dup.dup.dup.dup.dup.json'
[INGEST] 0 leads nuevos, 0 duplicados saltados.
[DUP LEAD] prospecto_20260807.done.done.done.done.done.done.dup.dup.dup.dup.dup.dup.dup.dup.dup.dup.dup.dup.dup.dup.dup.dup.dup.dup.dup.dup.dup.dup.dup.dup.dup.dup.dup.dup.dup.dup.dup.dup.dup.dup.dup.dup.dup.dup.dup.dup.dup.dup.dup.dup.dup.dup.dup.dup.dup.dup.json: ya existe cita #4. skip
[LEAD FAIL] prospecto_20260807.done.done.done.done.done.done.dup.dup.dup.dup.dup.dup.dup.dup.dup.dup.dup.dup.dup.dup.dup.dup.dup.dup.dup.dup.dup.dup.dup.dup.dup.dup.dup.dup.dup.dup.dup.dup.dup.dup.dup.dup.dup.dup.dup.dup.dup.dup.dup.dup.dup.dup.dup.dup.dup.dup.json: [Errno 36] File name too long: '/home/mystic/Documentos/Sonora Digital Corp Nuevo/01_Core_Platform/03_Agentic_Infrastructure/Databases/Aztrotech_Citas/leads/prospecto_20260807.done.done.done.done.done.done.dup.dup.dup.dup.dup.dup.dup.dup.dup.dup.dup.dup.dup.dup.dup.dup.dup.dup.dup.dup.dup.dup.dup.dup.dup.dup.dup.dup.dup.dup.dup.dup.dup.dup.dup.dup.dup.dup.dup.dup.dup.dup.dup.dup.dup.dup.dup.dup.dup.dup.json' -> '/home/mystic/Documentos/Sonora Digital Corp Nuevo/01_Core_Platform/03_Agentic_Infrastructure/Databases/Aztrotech_Citas/leads/prospecto_20260807.done.done.done.done.done.done.dup.dup.dup.dup.dup.dup.dup.dup.dup.dup.dup.dup.dup.dup.dup.dup.dup.dup.dup.dup.dup.dup.dup.dup.dup.dup.dup.dup.dup.dup.dup.dup.dup.dup.dup.dup.dup.dup.dup.dup.dup.dup.dup.dup.dup.dup.dup.dup.dup.dup.dup.json'
[INGEST] 0 leads nuevos, 0 duplicados saltados.
[DUP LEAD] prospecto_20260807.done.done.done.done.done.done.dup.dup.dup.dup.dup.dup.dup.dup.dup.dup.dup.dup.dup.dup.dup.dup.dup.dup.dup.dup.dup.dup.dup.dup.dup.dup.dup.dup.dup.dup.dup.dup.dup.dup.dup.dup.dup.dup.dup.dup.dup.dup.dup.dup.dup.dup.dup.dup.dup.dup.json: ya existe cita #4. skip
[LEAD FAIL] prospecto_20260807.done.done.done.done.done.done.dup.dup.dup.dup.dup.dup.dup.dup.dup.dup.dup.dup.dup.dup.dup.dup.dup.dup.dup.dup.dup.dup.dup.dup.dup.dup.dup.dup.dup.dup.dup.dup.dup.dup.dup.dup.dup.dup.dup.dup.dup.dup.dup.dup.dup.dup.dup.dup.dup.dup.json: [Errno 36] File name too long: '/home/mystic/Documentos/Sonora Digital Corp Nuevo/01_Core_Platform/03_Agentic_Infrastructure/Databases/Aztrotech_Citas/leads/prospecto_20260807.done.done.done.done.done.done.dup.dup.dup.dup.dup.dup.dup.dup.dup.dup.dup.dup.dup.dup.dup.dup.dup.dup.dup.dup.dup.dup.dup.dup.dup.dup.dup.dup.dup.dup.dup.dup.dup.dup.dup.dup.dup.dup.dup.dup.dup.dup.dup.dup.dup.dup.dup.dup.dup.dup.json' -> '/home/mystic/Documentos/Sonora Digital Corp Nuevo/01_Core_Platform/03_Agentic_Infrastructure/Databases/Aztrotech_Citas/leads/prospecto_20260807.done.done.done.done.done.done.dup.dup.dup.dup.dup.dup.dup.dup.dup.dup.dup.dup.dup.dup.dup.dup.dup.dup.dup.dup.dup.dup.dup.dup.dup.dup.dup.dup.dup.dup.dup.dup.dup.dup.dup.dup.dup.dup.dup.dup.dup.dup.dup.dup.dup.dup.dup.dup.dup.dup.dup.json'
[INGEST] 0 leads nuevos, 0 duplicados saltados.
[DUP LEAD] prospecto_20260807.done.done.done.done.done.done.dup.dup.dup.dup.dup.dup.dup.dup.dup.dup.dup.dup.dup.dup.dup.dup.dup.dup.dup.dup.dup.dup.dup.dup.dup.dup.dup.dup.dup.dup.dup.dup.dup.dup.dup.dup.dup.dup.dup.dup.dup.dup.dup.dup.dup.dup.dup.dup.dup.dup.json: ya existe cita #4. skip
[LEAD FAIL] prospecto_20260807.done.done.done.done.done.done.dup.dup.dup.dup.dup.dup.dup.dup.dup.dup.dup.dup.dup.dup.dup.dup.dup.dup.dup.dup.dup.dup.dup.dup.dup.dup.dup.dup.dup.dup.dup.dup.dup.dup.dup.dup.dup.dup.dup.dup.dup.dup.dup.dup.dup.dup.dup.dup.dup.dup.json: [Errno 36] File name too long: '/home/mystic/Documentos/Sonora Digital Corp Nuevo/01_Core_Platform/03_Agentic_Infrastructure/Databases/Aztrotech_Citas/leads/prospecto_20260807.done.done.done.done.done.done.dup.dup.dup.dup.dup.dup.dup.dup.dup.dup.dup.dup.dup.dup.dup.dup.dup.dup.dup.dup.dup.dup.dup.dup.dup.dup.dup.dup.dup.dup.dup.dup.dup.dup.dup.dup.dup.dup.dup.dup.dup.dup.dup.dup.dup.dup.dup.dup.dup.dup.json' -> '/home/mystic/Documentos/Sonora Digital Corp Nuevo/01_Core_Platform/03_Agentic_Infrastructure/Databases/Aztrotech_Citas/leads/prospecto_20260807.done.done.done.done.done.done.dup.dup.dup.dup.dup.dup.dup.dup.dup.dup.dup.dup.dup.dup.dup.dup.dup.dup.dup.dup.dup.dup.dup.dup.dup.dup.dup.dup.dup.dup.dup.dup.dup.dup.dup.dup.dup.dup.dup.dup.dup.dup.dup.dup.dup.dup.dup.dup.dup.dup.dup.json'
[INGEST] 0 leads nuevos, 0 duplicados saltados.
[DUP LEAD] prospecto_20260807.done.done.done.done.done.done.dup.dup.dup.dup.dup.dup.dup.dup.dup.dup.dup.dup.dup.dup.dup.dup.dup.dup.dup.dup.dup.dup.dup.dup.dup.dup.dup.dup.dup.dup.dup.dup.dup.dup.dup.dup.dup.dup.dup.dup.dup.dup.dup.dup.dup.dup.dup.dup.dup.dup.json: ya existe cita #4. skip
[LEAD FAIL] prospecto_20260807.done.done.done.done.done.done.dup.dup.dup.dup.dup.dup.dup.dup.dup.dup.dup.dup.dup.dup.dup.dup.dup.dup.dup.dup.dup.dup.dup.dup.dup.dup.dup.dup.dup.dup.dup.dup.dup.dup.dup.dup.dup.dup.dup.dup.dup.dup.dup.dup.dup.dup.dup.dup.dup.dup.json: [Errno 36] File name too long: '/home/mystic/Documentos/Sonora Digital Corp Nuevo/01_Core_Platform/03_Agentic_Infrastructure/Databases/Aztrotech_Citas/leads/prospecto_20260807.done.done.done.done.done.done.dup.dup.dup.dup.dup.dup.dup.dup.dup.dup.dup.dup.dup.dup.dup.dup.dup.dup.dup.dup.dup.dup.dup.dup.dup.dup.dup.dup.dup.dup.dup.dup.dup.dup.dup.dup.dup.dup.dup.dup.dup.dup.dup.dup.dup.dup.dup.dup.dup.dup.json' -> '/home/mystic/Documentos/Sonora Digital Corp Nuevo/01_Core_Platform/03_Agentic_Infrastructure/Databases/Aztrotech_Citas/leads/prospecto_20260807.done.done.done.done.done.done.dup.dup.dup.dup.dup.dup.dup.dup.dup.dup.dup.dup.dup.dup.dup.dup.dup.dup.dup.dup.dup.dup.dup.dup.dup.dup.dup.dup.dup.dup.dup.dup.dup.dup.dup.dup.dup.dup.dup.dup.dup.dup.dup.dup.dup.dup.dup.dup.dup.dup.dup.json'
[INGEST] 0 leads nuevos, 0 duplicados saltados.
[DUP LEAD] prospecto_20260807.done.done.done.done.done.done.dup.dup.dup.dup.dup.dup.dup.dup.dup.dup.dup.dup.dup.dup.dup.dup.dup.dup.dup.dup.dup.dup.dup.dup.dup.dup.dup.dup.dup.dup.dup.dup.dup.dup.dup.dup.dup.dup.dup.dup.dup.dup.dup.dup.dup.dup.dup.dup.dup.dup.json: ya existe cita #4. skip
[LEAD FAIL] prospecto_20260807.done.done.done.done.done.done.dup.dup.dup.dup.dup.dup.dup.dup.dup.dup.dup.dup.dup.dup.dup.dup.dup.dup.dup.dup.dup.dup.dup.dup.dup.dup.dup.dup.dup.dup.dup.dup.dup.dup.dup.dup.dup.dup.dup.dup.dup.dup.dup.dup.dup.dup.dup.dup.dup.dup.json: [Errno 36] File name too long: '/home/mystic/Documentos/Sonora Digital Corp Nuevo/01_Core_Platform/03_Agentic_Infrastructure/Databases/Aztrotech_Citas/leads/prospecto_20260807.done.done.done.done.done.done.dup.dup.dup.dup.dup.dup.dup.dup.dup.dup.dup.dup.dup.dup.dup.dup.dup.dup.dup.dup.dup.dup.dup.dup.dup.dup.dup.dup.dup.dup.dup.dup.dup.dup.dup.dup.dup.dup.dup.dup.dup.dup.dup.dup.dup.dup.dup.dup.dup.dup.json' -> '/home/mystic/Documentos/Sonora Digital Corp Nuevo/01_Core_Platform/03_Agentic_Infrastructure/Databases/Aztrotech_Citas/leads/prospecto_20260807.done.done.done.done.done.done.dup.dup.dup.dup.dup.dup.dup.dup.dup.dup.dup.dup.dup.dup.dup.dup.dup.dup.dup.dup.dup.dup.dup.dup.dup.dup.dup.dup.dup.dup.dup.dup.dup.dup.dup.dup.dup.dup.dup.dup.dup.dup.dup.dup.dup.dup.dup.dup.dup.dup.dup.json'
[INGEST] 0 leads nuevos, 0 duplicados saltados.
[DUP LEAD] prospecto_20260807.done.done.done.done.done.done.dup.dup.dup.dup.dup.dup.dup.dup.dup.dup.dup.dup.dup.dup.dup.dup.dup.dup.dup.dup.dup.dup.dup.dup.dup.dup.dup.dup.dup.dup.dup.dup.dup.dup.dup.dup.dup.dup.dup.dup.dup.dup.dup.dup.dup.dup.dup.dup.dup.dup.json: ya existe cita #4. skip
[LEAD FAIL] prospecto_20260807.done.done.done.done.done.done.dup.dup.dup.dup.dup.dup.dup.dup.dup.dup.dup.dup.dup.dup.dup.dup.dup.dup.dup.dup.dup.dup.dup.dup.dup.dup.dup.dup.dup.dup.dup.dup.dup.dup.dup.dup.dup.dup.dup.dup.dup.dup.dup.dup.dup.dup.dup.dup.dup.dup.json: [Errno 36] File name too long: '/home/mystic/Documentos/Sonora Digital Corp Nuevo/01_Core_Platform/03_Agentic_Infrastructure/Databases/Aztrotech_Citas/leads/prospecto_20260807.done.done.done.done.done.done.dup.dup.dup.dup.dup.dup.dup.dup.dup.dup.dup.dup.dup.dup.dup.dup.dup.dup.dup.dup.dup.dup.dup.dup.dup.dup.dup.dup.dup.dup.dup.dup.dup.dup.dup.dup.dup.dup.dup.dup.dup.dup.dup.dup.dup.dup.dup.dup.dup.dup.json' -> '/home/mystic/Documentos/Sonora Digital Corp Nuevo/01_Core_Platform/03_Agentic_Infrastructure/Databases/Aztrotech_Citas/leads/prospecto_20260807.done.done.done.done.done.done.dup.dup.dup.dup.dup.dup.dup.dup.dup.dup.dup.dup.dup.dup.dup.dup.dup.dup.dup.dup.dup.dup.dup.dup.dup.dup.dup.dup.dup.dup.dup.dup.dup.dup.dup.dup.dup.dup.dup.dup.dup.dup.dup.dup.dup.dup.dup.dup.dup.dup.dup.json'
[INGEST] 0 leads nuevos, 0 duplicados saltados.
[DUP LEAD] prospecto_20260807.done.done.done.done.done.done.dup.dup.dup.dup.dup.dup.dup.dup.dup.dup.dup.dup.dup.dup.dup.dup.dup.dup.dup.dup.dup.dup.dup.dup.dup.dup.dup.dup.dup.dup.dup.dup.dup.dup.dup.dup.dup.dup.dup.dup.dup.dup.dup.dup.dup.dup.dup.dup.dup.dup.json: ya existe cita #4. skip
[LEAD FAIL] prospecto_20260807.done.done.done.done.done.done.dup.dup.dup.dup.dup.dup.dup.dup.dup.dup.dup.dup.dup.dup.dup.dup.dup.dup.dup.dup.dup.dup.dup.dup.dup.dup.dup.dup.dup.dup.dup.dup.dup.dup.dup.dup.dup.dup.dup.dup.dup.dup.dup.dup.dup.dup.dup.dup.dup.dup.json: [Errno 36] File name too long: '/home/mystic/Documentos/Sonora Digital Corp Nuevo/01_Core_Platform/03_Agentic_Infrastructure/Databases/Aztrotech_Citas/leads/prospecto_20260807.done.done.done.done.done.done.dup.dup.dup.dup.dup.dup.dup.dup.dup.dup.dup.dup.dup.dup.dup.dup.dup.dup.dup.dup.dup.dup.dup.dup.dup.dup.dup.dup.dup.dup.dup.dup.dup.dup.dup.dup.dup.dup.dup.dup.dup.dup.dup.dup.dup.dup.dup.dup.dup.dup.json' -> '/home/mystic/Documentos/Sonora Digital Corp Nuevo/01_Core_Platform/03_Agentic_Infrastructure/Databases/Aztrotech_Citas/leads/prospecto_20260807.done.done.done.done.done.done.dup.dup.dup.dup.dup.dup.dup.dup.dup.dup.dup.dup.dup.dup.dup.dup.dup.dup.dup.dup.dup.dup.dup.dup.dup.dup.dup.dup.dup.dup.dup.dup.dup.dup.dup.dup.dup.dup.dup.dup.dup.dup.dup.dup.dup.dup.dup.dup.dup.dup.dup.json'
[INGEST] 0 leads nuevos, 0 duplicados saltados.
[DUP LEAD] prospecto_20260807.done.done.done.done.done.done.dup.dup.dup.dup.dup.dup.dup.dup.dup.dup.dup.dup.dup.dup.dup.dup.dup.dup.dup.dup.dup.dup.dup.dup.dup.dup.dup.dup.dup.dup.dup.dup.dup.dup.dup.dup.dup.dup.dup.dup.dup.dup.dup.dup.dup.dup.dup.dup.dup.dup.json: ya existe cita #4. skip
[LEAD FAIL] prospecto_20260807.done.done.done.done.done.done.dup.dup.dup.dup.dup.dup.dup.dup.dup.dup.dup.dup.dup.dup.dup.dup.dup.dup.dup.dup.dup.dup.dup.dup.dup.dup.dup.dup.dup.dup.dup.dup.dup.dup.dup.dup.dup.dup.dup.dup.dup.dup.dup.dup.dup.dup.dup.dup.dup.dup.json: [Errno 36] File name too long: '/home/mystic/Documentos/Sonora Digital Corp Nuevo/01_Core_Platform/03_Agentic_Infrastructure/Databases/Aztrotech_Citas/leads/prospecto_20260807.done.done.done.done.done.done.dup.dup.dup.dup.dup.dup.dup.dup.dup.dup.dup.dup.dup.dup.dup.dup.dup.dup.dup.dup.dup.dup.dup.dup.dup.dup.dup.dup.dup.dup.dup.dup.dup.dup.dup.dup.dup.dup.dup.dup.dup.dup.dup.dup.dup.dup.dup.dup.dup.dup.json' -> '/home/mystic/Documentos/Sonora Digital Corp Nuevo/01_Core_Platform/03_Agentic_Infrastructure/Databases/Aztrotech_Citas/leads/prospecto_20260807.done.done.done.done.done.done.dup.dup.dup.dup.dup.dup.dup.dup.dup.dup.dup.dup.dup.dup.dup.dup.dup.dup.dup.dup.dup.dup.dup.dup.dup.dup.dup.dup.dup.dup.dup.dup.dup.dup.dup.dup.dup.dup.dup.dup.dup.dup.dup.dup.dup.dup.dup.dup.dup.dup.dup.json'
[INGEST] 0 leads nuevos, 0 duplicados saltados.
[DUP LEAD] prospecto_20260807.done.done.done.done.done.done.dup.dup.dup.dup.dup.dup.dup.dup.dup.dup.dup.dup.dup.dup.dup.dup.dup.dup.dup.dup.dup.dup.dup.dup.dup.dup.dup.dup.dup.dup.dup.dup.dup.dup.dup.dup.dup.dup.dup.dup.dup.dup.dup.dup.dup.dup.dup.dup.dup.dup.json: ya existe cita #4. skip
[LEAD FAIL] prospecto_20260807.done.done.done.done.done.done.dup.dup.dup.dup.dup.dup.dup.dup.dup.dup.dup.dup.dup.dup.dup.dup.dup.dup.dup.dup.dup.dup.dup.dup.dup.dup.dup.dup.dup.dup.dup.dup.dup.dup.dup.dup.dup.dup.dup.dup.dup.dup.dup.dup.dup.dup.dup.dup.dup.dup.json: [Errno 36] File name too long: '/home/mystic/Documentos/Sonora Digital Corp Nuevo/01_Core_Platform/03_Agentic_Infrastructure/Databases/Aztrotech_Citas/leads/prospecto_20260807.done.done.done.done.done.done.dup.dup.dup.dup.dup.dup.dup.dup.dup.dup.dup.dup.dup.dup.dup.dup.dup.dup.dup.dup.dup.dup.dup.dup.dup.dup.dup.dup.dup.dup.dup.dup.dup.dup.dup.dup.dup.dup.dup.dup.dup.dup.dup.dup.dup.dup.dup.dup.dup.dup.json' -> '/home/mystic/Documentos/Sonora Digital Corp Nuevo/01_Core_Platform/03_Agentic_Infrastructure/Databases/Aztrotech_Citas/leads/prospecto_20260807.done.done.done.done.done.done.dup.dup.dup.dup.dup.dup.dup.dup.dup.dup.dup.dup.dup.dup.dup.dup.dup.dup.dup.dup.dup.dup.dup.dup.dup.dup.dup.dup.dup.dup.dup.dup.dup.dup.dup.dup.dup.dup.dup.dup.dup.dup.dup.dup.dup.dup.dup.dup.dup.dup.dup.json'
[INGEST] 0 leads nuevos, 0 duplicados saltados.
[DUP LEAD] prospecto_20260807.done.done.done.done.done.done.dup.dup.dup.dup.dup.dup.dup.dup.dup.dup.dup.dup.dup.dup.dup.dup.dup.dup.dup.dup.dup.dup.dup.dup.dup.dup.dup.dup.dup.dup.dup.dup.dup.dup.dup.dup.dup.dup.dup.dup.dup.dup.dup.dup.dup.dup.dup.dup.dup.dup.json: ya existe cita #4. skip
[LEAD FAIL] prospecto_20260807.done.done.done.done.done.done.dup.dup.dup.dup.dup.dup.dup.dup.dup.dup.dup.dup.dup.dup.dup.dup.dup.dup.dup.dup.dup.dup.dup.dup.dup.dup.dup.dup.dup.dup.dup.dup.dup.dup.dup.dup.dup.dup.dup.dup.dup.dup.dup.dup.dup.dup.dup.dup.dup.dup.json: [Errno 36] File name too long: '/home/mystic/Documentos/Sonora Digital Corp Nuevo/01_Core_Platform/03_Agentic_Infrastructure/Databases/Aztrotech_Citas/leads/prospecto_20260807.done.done.done.done.done.done.dup.dup.dup.dup.dup.dup.dup.dup.dup.dup.dup.dup.dup.dup.dup.dup.dup.dup.dup.dup.dup.dup.dup.dup.dup.dup.dup.dup.dup.dup.dup.dup.dup.dup.dup.dup.dup.dup.dup.dup.dup.dup.dup.dup.dup.dup.dup.dup.dup.dup.json' -> '/home/mystic/Documentos/Sonora Digital Corp Nuevo/01_Core_Platform/03_Agentic_Infrastructure/Databases/Aztrotech_Citas/leads/prospecto_20260807.done.done.done.done.done.done.dup.dup.dup.dup.dup.dup.dup.dup.dup.dup.dup.dup.dup.dup.dup.dup.dup.dup.dup.dup.dup.dup.dup.dup.dup.dup.dup.dup.dup.dup.dup.dup.dup.dup.dup.dup.dup.dup.dup.dup.dup.dup.dup.dup.dup.dup.dup.dup.dup.dup.dup.json'
[INGEST] 0 leads nuevos, 0 duplicados saltados.
[DUP LEAD] prospecto_20260807.done.done.done.done.done.done.dup.dup.dup.dup.dup.dup.dup.dup.dup.dup.dup.dup.dup.dup.dup.dup.dup.dup.dup.dup.dup.dup.dup.dup.dup.dup.dup.dup.dup.dup.dup.dup.dup.dup.dup.dup.dup.dup.dup.dup.dup.dup.dup.dup.dup.dup.dup.dup.dup.dup.json: ya existe cita #4. skip
[LEAD FAIL] prospecto_20260807.done.done.done.done.done.done.dup.dup.dup.dup.dup.dup.dup.dup.dup.dup.dup.dup.dup.dup.dup.dup.dup.dup.dup.dup.dup.dup.dup.dup.dup.dup.dup.dup.dup.dup.dup.dup.dup.dup.dup.dup.dup.dup.dup.dup.dup.dup.dup.dup.dup.dup.dup.dup.dup.dup.json: [Errno 36] File name too long: '/home/mystic/Documentos/Sonora Digital Corp Nuevo/01_Core_Platform/03_Agentic_Infrastructure/Databases/Aztrotech_Citas/leads/prospecto_20260807.done.done.done.done.done.done.dup.dup.dup.dup.dup.dup.dup.dup.dup.dup.dup.dup.dup.dup.dup.dup.dup.dup.dup.dup.dup.dup.dup.dup.dup.dup.dup.dup.dup.dup.dup.dup.dup.dup.dup.dup.dup.dup.dup.dup.dup.dup.dup.dup.dup.dup.dup.dup.dup.dup.json' -> '/home/mystic/Documentos/Sonora Digital Corp Nuevo/01_Core_Platform/03_Agentic_Infrastructure/Databases/Aztrotech_Citas/leads/prospecto_20260807.done.done.done.done.done.done.dup.dup.dup.dup.dup.dup.dup.dup.dup.dup.dup.dup.dup.dup.dup.dup.dup.dup.dup.dup.dup.dup.dup.dup.dup.dup.dup.dup.dup.dup.dup.dup.dup.dup.dup.dup.dup.dup.dup.dup.dup.dup.dup.dup.dup.dup.dup.dup.dup.dup.dup.json'
[INGEST] 0 leads nuevos, 0 duplicados saltados.
[DUP LEAD] prospecto_20260807.done.done.done.done.done.done.dup.dup.dup.dup.dup.dup.dup.dup.dup.dup.dup.dup.dup.dup.dup.dup.dup.dup.dup.dup.dup.dup.dup.dup.dup.dup.dup.dup.dup.dup.dup.dup.dup.dup.dup.dup.dup.dup.dup.dup.dup.dup.dup.dup.dup.dup.dup.dup.dup.dup.json: ya existe cita #4. skip
[LEAD FAIL] prospecto_20260807.done.done.done.done.done.done.dup.dup.dup.dup.dup.dup.dup.dup.dup.dup.dup.dup.dup.dup.dup.dup.dup.dup.dup.dup.dup.dup.dup.dup.dup.dup.dup.dup.dup.dup.dup.dup.dup.dup.dup.dup.dup.dup.dup.dup.dup.dup.dup.dup.dup.dup.dup.dup.dup.dup.json: [Errno 36] File name too long: '/home/mystic/Documentos/Sonora Digital Corp Nuevo/01_Core_Platform/03_Agentic_Infrastructure/Databases/Aztrotech_Citas/leads/prospecto_20260807.done.done.done.done.done.done.dup.dup.dup.dup.dup.dup.dup.dup.dup.dup.dup.dup.dup.dup.dup.dup.dup.dup.dup.dup.dup.dup.dup.dup.dup.dup.dup.dup.dup.dup.dup.dup.dup.dup.dup.dup.dup.dup.dup.dup.dup.dup.dup.dup.dup.dup.dup.dup.dup.dup.json' -> '/home/mystic/Documentos/Sonora Digital Corp Nuevo/01_Core_Platform/03_Agentic_Infrastructure/Databases/Aztrotech_Citas/leads/prospecto_20260807.done.done.done.done.done.done.dup.dup.dup.dup.dup.dup.dup.dup.dup.dup.dup.dup.dup.dup.dup.dup.dup.dup.dup.dup.dup.dup.dup.dup.dup.dup.dup.dup.dup.dup.dup.dup.dup.dup.dup.dup.dup.dup.dup.dup.dup.dup.dup.dup.dup.dup.dup.dup.dup.dup.dup.json'
[INGEST] 0 leads nuevos, 0 duplicados saltados.
[DUP LEAD] prospecto_20260807.done.done.done.done.done.done.dup.dup.dup.dup.dup.dup.dup.dup.dup.dup.dup.dup.dup.dup.dup.dup.dup.dup.dup.dup.dup.dup.dup.dup.dup.dup.dup.dup.dup.dup.dup.dup.dup.dup.dup.dup.dup.dup.dup.dup.dup.dup.dup.dup.dup.dup.dup.dup.dup.dup.json: ya existe cita #4. skip
[LEAD FAIL] prospecto_20260807.done.done.done.done.done.done.dup.dup.dup.dup.dup.dup.dup.dup.dup.dup.dup.dup.dup.dup.dup.dup.dup.dup.dup.dup.dup.dup.dup.dup.dup.dup.dup.dup.dup.dup.dup.dup.dup.dup.dup.dup.dup.dup.dup.dup.dup.dup.dup.dup.dup.dup.dup.dup.dup.dup.json: [Errno 36] File name too long: '/home/mystic/Documentos/Sonora Digital Corp Nuevo/01_Core_Platform/03_Agentic_Infrastructure/Databases/Aztrotech_Citas/leads/prospecto_20260807.done.done.done.done.done.done.dup.dup.dup.dup.dup.dup.dup.dup.dup.dup.dup.dup.dup.dup.dup.dup.dup.dup.dup.dup.dup.dup.dup.dup.dup.dup.dup.dup.dup.dup.dup.dup.dup.dup.dup.dup.dup.dup.dup.dup.dup.dup.dup.dup.dup.dup.dup.dup.dup.dup.json' -> '/home/mystic/Documentos/Sonora Digital Corp Nuevo/01_Core_Platform/03_Agentic_Infrastructure/Databases/Aztrotech_Citas/leads/prospecto_20260807.done.done.done.done.done.done.dup.dup.dup.dup.dup.dup.dup.dup.dup.dup.dup.dup.dup.dup.dup.dup.dup.dup.dup.dup.dup.dup.dup.dup.dup.dup.dup.dup.dup.dup.dup.dup.dup.dup.dup.dup.dup.dup.dup.dup.dup.dup.dup.dup.dup.dup.dup.dup.dup.dup.dup.json'
[INGEST] 0 leads nuevos, 0 duplicados saltados.
[DUP LEAD] prospecto_20260807.done.done.done.done.done.done.dup.dup.dup.dup.dup.dup.dup.dup.dup.dup.dup.dup.dup.dup.dup.dup.dup.dup.dup.dup.dup.dup.dup.dup.dup.dup.dup.dup.dup.dup.dup.dup.dup.dup.dup.dup.dup.dup.dup.dup.dup.dup.dup.dup.dup.dup.dup.dup.dup.dup.json: ya existe cita #4. skip
[LEAD FAIL] prospecto_20260807.done.done.done.done.done.done.dup.dup.dup.dup.dup.dup.dup.dup.dup.dup.dup.dup.dup.dup.dup.dup.dup.dup.dup.dup.dup.dup.dup.dup.dup.dup.dup.dup.dup.dup.dup.dup.dup.dup.dup.dup.dup.dup.dup.dup.dup.dup.dup.dup.dup.dup.dup.dup.dup.dup.json: [Errno 36] File name too long: '/home/mystic/Documentos/Sonora Digital Corp Nuevo/01_Core_Platform/03_Agentic_Infrastructure/Databases/Aztrotech_Citas/leads/prospecto_20260807.done.done.done.done.done.done.dup.dup.dup.dup.dup.dup.dup.dup.dup.dup.dup.dup.dup.dup.dup.dup.dup.dup.dup.dup.dup.dup.dup.dup.dup.dup.dup.dup.dup.dup.dup.dup.dup.dup.dup.dup.dup.dup.dup.dup.dup.dup.dup.dup.dup.dup.dup.dup.dup.dup.json' -> '/home/mystic/Documentos/Sonora Digital Corp Nuevo/01_Core_Platform/03_Agentic_Infrastructure/Databases/Aztrotech_Citas/leads/prospecto_20260807.done.done.done.done.done.done.dup.dup.dup.dup.dup.dup.dup.dup.dup.dup.dup.dup.dup.dup.dup.dup.dup.dup.dup.dup.dup.dup.dup.dup.dup.dup.dup.dup.dup.dup.dup.dup.dup.dup.dup.dup.dup.dup.dup.dup.dup.dup.dup.dup.dup.dup.dup.dup.dup.dup.dup.json'
[INGEST] 0 leads nuevos, 0 duplicados saltados.
[DUP LEAD] prospecto_20260807.done.done.done.done.done.done.dup.dup.dup.dup.dup.dup.dup.dup.dup.dup.dup.dup.dup.dup.dup.dup.dup.dup.dup.dup.dup.dup.dup.dup.dup.dup.dup.dup.dup.dup.dup.dup.dup.dup.dup.dup.dup.dup.dup.dup.dup.dup.dup.dup.dup.dup.dup.dup.dup.dup.json: ya existe cita #4. skip
[LEAD FAIL] prospecto_20260807.done.done.done.done.done.done.dup.dup.dup.dup.dup.dup.dup.dup.dup.dup.dup.dup.dup.dup.dup.dup.dup.dup.dup.dup.dup.dup.dup.dup.dup.dup.dup.dup.dup.dup.dup.dup.dup.dup.dup.dup.dup.dup.dup.dup.dup.dup.dup.dup.dup.dup.dup.dup.dup.dup.json: [Errno 36] File name too long: '/home/mystic/Documentos/Sonora Digital Corp Nuevo/01_Core_Platform/03_Agentic_Infrastructure/Databases/Aztrotech_Citas/leads/prospecto_20260807.done.done.done.done.done.done.dup.dup.dup.dup.dup.dup.dup.dup.dup.dup.dup.dup.dup.dup.dup.dup.dup.dup.dup.dup.dup.dup.dup.dup.dup.dup.dup.dup.dup.dup.dup.dup.dup.dup.dup.dup.dup.dup.dup.dup.dup.dup.dup.dup.dup.dup.dup.dup.dup.dup.json' -> '/home/mystic/Documentos/Sonora Digital Corp Nuevo/01_Core_Platform/03_Agentic_Infrastructure/Databases/Aztrotech_Citas/leads/prospecto_20260807.done.done.done.done.done.done.dup.dup.dup.dup.dup.dup.dup.dup.dup.dup.dup.dup.dup.dup.dup.dup.dup.dup.dup.dup.dup.dup.dup.dup.dup.dup.dup.dup.dup.dup.dup.dup.dup.dup.dup.dup.dup.dup.dup.dup.dup.dup.dup.dup.dup.dup.dup.dup.dup.dup.dup.json'
[INGEST] 0 leads nuevos, 0 duplicados saltados.
[DUP LEAD] prospecto_20260807.done.done.done.done.done.done.dup.dup.dup.dup.dup.dup.dup.dup.dup.dup.dup.dup.dup.dup.dup.dup.dup.dup.dup.dup.dup.dup.dup.dup.dup.dup.dup.dup.dup.dup.dup.dup.dup.dup.dup.dup.dup.dup.dup.dup.dup.dup.dup.dup.dup.dup.dup.dup.dup.dup.json: ya existe cita #4. skip
[LEAD FAIL] prospecto_20260807.done.done.done.done.done.done.dup.dup.dup.dup.dup.dup.dup.dup.dup.dup.dup.dup.dup.dup.dup.dup.dup.dup.dup.dup.dup.dup.dup.dup.dup.dup.dup.dup.dup.dup.dup.dup.dup.dup.dup.dup.dup.dup.dup.dup.dup.dup.dup.dup.dup.dup.dup.dup.dup.dup.json: [Errno 36] File name too long: '/home/mystic/Documentos/Sonora Digital Corp Nuevo/01_Core_Platform/03_Agentic_Infrastructure/Databases/Aztrotech_Citas/leads/prospecto_20260807.done.done.done.done.done.done.dup.dup.dup.dup.dup.dup.dup.dup.dup.dup.dup.dup.dup.dup.dup.dup.dup.dup.dup.dup.dup.dup.dup.dup.dup.dup.dup.dup.dup.dup.dup.dup.dup.dup.dup.dup.dup.dup.dup.dup.dup.dup.dup.dup.dup.dup.dup.dup.dup.dup.json' -> '/home/mystic/Documentos/Sonora Digital Corp Nuevo/01_Core_Platform/03_Agentic_Infrastructure/Databases/Aztrotech_Citas/leads/prospecto_20260807.done.done.done.done.done.done.dup.dup.dup.dup.dup.dup.dup.dup.dup.dup.dup.dup.dup.dup.dup.dup.dup.dup.dup.dup.dup.dup.dup.dup.dup.dup.dup.dup.dup.dup.dup.dup.dup.dup.dup.dup.dup.dup.dup.dup.dup.dup.dup.dup.dup.dup.dup.dup.dup.dup.dup.json'
[INGEST] 0 leads nuevos, 0 duplicados saltados.
[DUP LEAD] prospecto_20260807.done.done.done.done.done.done.dup.dup.dup.dup.dup.dup.dup.dup.dup.dup.dup.dup.dup.dup.dup.dup.dup.dup.dup.dup.dup.dup.dup.dup.dup.dup.dup.dup.dup.dup.dup.dup.dup.dup.dup.dup.dup.dup.dup.dup.dup.dup.dup.dup.dup.dup.dup.dup.dup.dup.json: ya existe cita #4. skip
[LEAD FAIL] prospecto_20260807.done.done.done.done.done.done.dup.dup.dup.dup.dup.dup.dup.dup.dup.dup.dup.dup.dup.dup.dup.dup.dup.dup.dup.dup.dup.dup.dup.dup.dup.dup.dup.dup.dup.dup.dup.dup.dup.dup.dup.dup.dup.dup.dup.dup.dup.dup.dup.dup.dup.dup.dup.dup.dup.dup.json: [Errno 36] File name too long: '/home/mystic/Documentos/Sonora Digital Corp Nuevo/01_Core_Platform/03_Agentic_Infrastructure/Databases/Aztrotech_Citas/leads/prospecto_20260807.done.done.done.done.done.done.dup.dup.dup.dup.dup.dup.dup.dup.dup.dup.dup.dup.dup.dup.dup.dup.dup.dup.dup.dup.dup.dup.dup.dup.dup.dup.dup.dup.dup.dup.dup.dup.dup.dup.dup.dup.dup.dup.dup.dup.dup.dup.dup.dup.dup.dup.dup.dup.dup.dup.json' -> '/home/mystic/Documentos/Sonora Digital Corp Nuevo/01_Core_Platform/03_Agentic_Infrastructure/Databases/Aztrotech_Citas/leads/prospecto_20260807.done.done.done.done.done.done.dup.dup.dup.dup.dup.dup.dup.dup.dup.dup.dup.dup.dup.dup.dup.dup.dup.dup.dup.dup.dup.dup.dup.dup.dup.dup.dup.dup.dup.dup.dup.dup.dup.dup.dup.dup.dup.dup.dup.dup.dup.dup.dup.dup.dup.dup.dup.dup.dup.dup.dup.json'
[INGEST] 0 leads nuevos, 0 duplicados saltados.
[DUP LEAD] prospecto_20260807.done.done.done.done.done.done.dup.dup.dup.dup.dup.dup.dup.dup.dup.dup.dup.dup.dup.dup.dup.dup.dup.dup.dup.dup.dup.dup.dup.dup.dup.dup.dup.dup.dup.dup.dup.dup.dup.dup.dup.dup.dup.dup.dup.dup.dup.dup.dup.dup.dup.dup.dup.dup.dup.dup.json: ya existe cita #4. skip
[LEAD FAIL] prospecto_20260807.done.done.done.done.done.done.dup.dup.dup.dup.dup.dup.dup.dup.dup.dup.dup.dup.dup.dup.dup.dup.dup.dup.dup.dup.dup.dup.dup.dup.dup.dup.dup.dup.dup.dup.dup.dup.dup.dup.dup.dup.dup.dup.dup.dup.dup.dup.dup.dup.dup.dup.dup.dup.dup.dup.json: [Errno 36] File name too long: '/home/mystic/Documentos/Sonora Digital Corp Nuevo/01_Core_Platform/03_Agentic_Infrastructure/Databases/Aztrotech_Citas/leads/prospecto_20260807.done.done.done.done.done.done.dup.dup.dup.dup.dup.dup.dup.dup.dup.dup.dup.dup.dup.dup.dup.dup.dup.dup.dup.dup.dup.dup.dup.dup.dup.dup.dup.dup.dup.dup.dup.dup.dup.dup.dup.dup.dup.dup.dup.dup.dup.dup.dup.dup.dup.dup.dup.dup.dup.dup.json' -> '/home/mystic/Documentos/Sonora Digital Corp Nuevo/01_Core_Platform/03_Agentic_Infrastructure/Databases/Aztrotech_Citas/leads/prospecto_20260807.done.done.done.done.done.done.dup.dup.dup.dup.dup.dup.dup.dup.dup.dup.dup.dup.dup.dup.dup.dup.dup.dup.dup.dup.dup.dup.dup.dup.dup.dup.dup.dup.dup.dup.dup.dup.dup.dup.dup.dup.dup.dup.dup.dup.dup.dup.dup.dup.dup.dup.dup.dup.dup.dup.dup.json'
[INGEST] 0 leads nuevos, 0 duplicados saltados.
[DUP LEAD] prospecto_20260807.done.done.done.done.done.done.dup.dup.dup.dup.dup.dup.dup.dup.dup.dup.dup.dup.dup.dup.dup.dup.dup.dup.dup.dup.dup.dup.dup.dup.dup.dup.dup.dup.dup.dup.dup.dup.dup.dup.dup.dup.dup.dup.dup.dup.dup.dup.dup.dup.dup.dup.dup.dup.dup.dup.json: ya existe cita #4. skip
[LEAD FAIL] prospecto_20260807.done.done.done.done.done.done.dup.dup.dup.dup.dup.dup.dup.dup.dup.dup.dup.dup.dup.dup.dup.dup.dup.dup.dup.dup.dup.dup.dup.dup.dup.dup.dup.dup.dup.dup.dup.dup.dup.dup.dup.dup.dup.dup.dup.dup.dup.dup.dup.dup.dup.dup.dup.dup.dup.dup.json: [Errno 36] File name too long: '/home/mystic/Documentos/Sonora Digital Corp Nuevo/01_Core_Platform/03_Agentic_Infrastructure/Databases/Aztrotech_Citas/leads/prospecto_20260807.done.done.done.done.done.done.dup.dup.dup.dup.dup.dup.dup.dup.dup.dup.dup.dup.dup.dup.dup.dup.dup.dup.dup.dup.dup.dup.dup.dup.dup.dup.dup.dup.dup.dup.dup.dup.dup.dup.dup.dup.dup.dup.dup.dup.dup.dup.dup.dup.dup.dup.dup.dup.dup.dup.json' -> '/home/mystic/Documentos/Sonora Digital Corp Nuevo/01_Core_Platform/03_Agentic_Infrastructure/Databases/Aztrotech_Citas/leads/prospecto_20260807.done.done.done.done.done.done.dup.dup.dup.dup.dup.dup.dup.dup.dup.dup.dup.dup.dup.dup.dup.dup.dup.dup.dup.dup.dup.dup.dup.dup.dup.dup.dup.dup.dup.dup.dup.dup.dup.dup.dup.dup.dup.dup.dup.dup.dup.dup.dup.dup.dup.dup.dup.dup.dup.dup.dup.json'
[INGEST] 0 leads nuevos, 0 duplicados saltados.
[DUP LEAD] prospecto_20260807.done.done.done.done.done.done.dup.dup.dup.dup.dup.dup.dup.dup.dup.dup.dup.dup.dup.dup.dup.dup.dup.dup.dup.dup.dup.dup.dup.dup.dup.dup.dup.dup.dup.dup.dup.dup.dup.dup.dup.dup.dup.dup.dup.dup.dup.dup.dup.dup.dup.dup.dup.dup.dup.dup.json: ya existe cita #4. skip
[LEAD FAIL] prospecto_20260807.done.done.done.done.done.done.dup.dup.dup.dup.dup.dup.dup.dup.dup.dup.dup.dup.dup.dup.dup.dup.dup.dup.dup.dup.dup.dup.dup.dup.dup.dup.dup.dup.dup.dup.dup.dup.dup.dup.dup.dup.dup.dup.dup.dup.dup.dup.dup.dup.dup.dup.dup.dup.dup.dup.json: [Errno 36] File name too long: '/home/mystic/Documentos/Sonora Digital Corp Nuevo/01_Core_Platform/03_Agentic_Infrastructure/Databases/Aztrotech_Citas/leads/prospecto_20260807.done.done.done.done.done.done.dup.dup.dup.dup.dup.dup.dup.dup.dup.dup.dup.dup.dup.dup.dup.dup.dup.dup.dup.dup.dup.dup.dup.dup.dup.dup.dup.dup.dup.dup.dup.dup.dup.dup.dup.dup.dup.dup.dup.dup.dup.dup.dup.dup.dup.dup.dup.dup.dup.dup.json' -> '/home/mystic/Documentos/Sonora Digital Corp Nuevo/01_Core_Platform/03_Agentic_Infrastructure/Databases/Aztrotech_Citas/leads/prospecto_20260807.done.done.done.done.done.done.dup.dup.dup.dup.dup.dup.dup.dup.dup.dup.dup.dup.dup.dup.dup.dup.dup.dup.dup.dup.dup.dup.dup.dup.dup.dup.dup.dup.dup.dup.dup.dup.dup.dup.dup.dup.dup.dup.dup.dup.dup.dup.dup.dup.dup.dup.dup.dup.dup.dup.dup.json'
[INGEST] 0 leads nuevos, 0 duplicados saltados.
[DUP LEAD] prospecto_20260807.done.done.done.done.done.done.dup.dup.dup.dup.dup.dup.dup.dup.dup.dup.dup.dup.dup.dup.dup.dup.dup.dup.dup.dup.dup.dup.dup.dup.dup.dup.dup.dup.dup.dup.dup.dup.dup.dup.dup.dup.dup.dup.dup.dup.dup.dup.dup.dup.dup.dup.dup.dup.dup.dup.json: ya existe cita #4. skip
[LEAD FAIL] prospecto_20260807.done.done.done.done.done.done.dup.dup.dup.dup.dup.dup.dup.dup.dup.dup.dup.dup.dup.dup.dup.dup.dup.dup.dup.dup.dup.dup.dup.dup.dup.dup.dup.dup.dup.dup.dup.dup.dup.dup.dup.dup.dup.dup.dup.dup.dup.dup.dup.dup.dup.dup.dup.dup.dup.dup.json: [Errno 36] File name too long: '/home/mystic/Documentos/Sonora Digital Corp Nuevo/01_Core_Platform/03_Agentic_Infrastructure/Databases/Aztrotech_Citas/leads/prospecto_20260807.done.done.done.done.done.done.dup.dup.dup.dup.dup.dup.dup.dup.dup.dup.dup.dup.dup.dup.dup.dup.dup.dup.dup.dup.dup.dup.dup.dup.dup.dup.dup.dup.dup.dup.dup.dup.dup.dup.dup.dup.dup.dup.dup.dup.dup.dup.dup.dup.dup.dup.dup.dup.dup.dup.json' -> '/home/mystic/Documentos/Sonora Digital Corp Nuevo/01_Core_Platform/03_Agentic_Infrastructure/Databases/Aztrotech_Citas/leads/prospecto_20260807.done.done.done.done.done.done.dup.dup.dup.dup.dup.dup.dup.dup.dup.dup.dup.dup.dup.dup.dup.dup.dup.dup.dup.dup.dup.dup.dup.dup.dup.dup.dup.dup.dup.dup.dup.dup.dup.dup.dup.dup.dup.dup.dup.dup.dup.dup.dup.dup.dup.dup.dup.dup.dup.dup.dup.json'
[INGEST] 0 leads nuevos, 0 duplicados saltados.
[DUP LEAD] prospecto_20260807.done.done.done.done.done.done.dup.dup.dup.dup.dup.dup.dup.dup.dup.dup.dup.dup.dup.dup.dup.dup.dup.dup.dup.dup.dup.dup.dup.dup.dup.dup.dup.dup.dup.dup.dup.dup.dup.dup.dup.dup.dup.dup.dup.dup.dup.dup.dup.dup.dup.dup.dup.dup.dup.dup.json: ya existe cita #4. skip
[LEAD FAIL] prospecto_20260807.done.done.done.done.done.done.dup.dup.dup.dup.dup.dup.dup.dup.dup.dup.dup.dup.dup.dup.dup.dup.dup.dup.dup.dup.dup.dup.dup.dup.dup.dup.dup.dup.dup.dup.dup.dup.dup.dup.dup.dup.dup.dup.dup.dup.dup.dup.dup.dup.dup.dup.dup.dup.dup.dup.json: [Errno 36] File name too long: '/home/mystic/Documentos/Sonora Digital Corp Nuevo/01_Core_Platform/03_Agentic_Infrastructure/Databases/Aztrotech_Citas/leads/prospecto_20260807.done.done.done.done.done.done.dup.dup.dup.dup.dup.dup.dup.dup.dup.dup.dup.dup.dup.dup.dup.dup.dup.dup.dup.dup.dup.dup.dup.dup.dup.dup.dup.dup.dup.dup.dup.dup.dup.dup.dup.dup.dup.dup.dup.dup.dup.dup.dup.dup.dup.dup.dup.dup.dup.dup.json' -> '/home/mystic/Documentos/Sonora Digital Corp Nuevo/01_Core_Platform/03_Agentic_Infrastructure/Databases/Aztrotech_Citas/leads/prospecto_20260807.done.done.done.done.done.done.dup.dup.dup.dup.dup.dup.dup.dup.dup.dup.dup.dup.dup.dup.dup.dup.dup.dup.dup.dup.dup.dup.dup.dup.dup.dup.dup.dup.dup.dup.dup.dup.dup.dup.dup.dup.dup.dup.dup.dup.dup.dup.dup.dup.dup.dup.dup.dup.dup.dup.dup.json'
[INGEST] 0 leads nuevos, 0 duplicados saltados.
[DUP LEAD] prospecto_20260807.done.done.done.done.done.done.dup.dup.dup.dup.dup.dup.dup.dup.dup.dup.dup.dup.dup.dup.dup.dup.dup.dup.dup.dup.dup.dup.dup.dup.dup.dup.dup.dup.dup.dup.dup.dup.dup.dup.dup.dup.dup.dup.dup.dup.dup.dup.dup.dup.dup.dup.dup.dup.dup.dup.json: ya existe cita #4. skip
[LEAD FAIL] prospecto_20260807.done.done.done.done.done.done.dup.dup.dup.dup.dup.dup.dup.dup.dup.dup.dup.dup.dup.dup.dup.dup.dup.dup.dup.dup.dup.dup.dup.dup.dup.dup.dup.dup.dup.dup.dup.dup.dup.dup.dup.dup.dup.dup.dup.dup.dup.dup.dup.dup.dup.dup.dup.dup.dup.dup.json: [Errno 36] File name too long: '/home/mystic/Documentos/Sonora Digital Corp Nuevo/01_Core_Platform/03_Agentic_Infrastructure/Databases/Aztrotech_Citas/leads/prospecto_20260807.done.done.done.done.done.done.dup.dup.dup.dup.dup.dup.dup.dup.dup.dup.dup.dup.dup.dup.dup.dup.dup.dup.dup.dup.dup.dup.dup.dup.dup.dup.dup.dup.dup.dup.dup.dup.dup.dup.dup.dup.dup.dup.dup.dup.dup.dup.dup.dup.dup.dup.dup.dup.dup.dup.json' -> '/home/mystic/Documentos/Sonora Digital Corp Nuevo/01_Core_Platform/03_Agentic_Infrastructure/Databases/Aztrotech_Citas/leads/prospecto_20260807.done.done.done.done.done.done.dup.dup.dup.dup.dup.dup.dup.dup.dup.dup.dup.dup.dup.dup.dup.dup.dup.dup.dup.dup.dup.dup.dup.dup.dup.dup.dup.dup.dup.dup.dup.dup.dup.dup.dup.dup.dup.dup.dup.dup.dup.dup.dup.dup.dup.dup.dup.dup.dup.dup.dup.json'
[INGEST] 0 leads nuevos, 0 duplicados saltados.
[DUP LEAD] prospecto_20260807.done.done.done.done.done.done.dup.dup.dup.dup.dup.dup.dup.dup.dup.dup.dup.dup.dup.dup.dup.dup.dup.dup.dup.dup.dup.dup.dup.dup.dup.dup.dup.dup.dup.dup.dup.dup.dup.dup.dup.dup.dup.dup.dup.dup.dup.dup.dup.dup.dup.dup.dup.dup.dup.dup.json: ya existe cita #4. skip
[LEAD FAIL] prospecto_20260807.done.done.done.done.done.done.dup.dup.dup.dup.dup.dup.dup.dup.dup.dup.dup.dup.dup.dup.dup.dup.dup.dup.dup.dup.dup.dup.dup.dup.dup.dup.dup.dup.dup.dup.dup.dup.dup.dup.dup.dup.dup.dup.dup.dup.dup.dup.dup.dup.dup.dup.dup.dup.dup.dup.json: [Errno 36] File name too long: '/home/mystic/Documentos/Sonora Digital Corp Nuevo/01_Core_Platform/03_Agentic_Infrastructure/Databases/Aztrotech_Citas/leads/prospecto_20260807.done.done.done.done.done.done.dup.dup.dup.dup.dup.dup.dup.dup.dup.dup.dup.dup.dup.dup.dup.dup.dup.dup.dup.dup.dup.dup.dup.dup.dup.dup.dup.dup.dup.dup.dup.dup.dup.dup.dup.dup.dup.dup.dup.dup.dup.dup.dup.dup.dup.dup.dup.dup.dup.dup.json' -> '/home/mystic/Documentos/Sonora Digital Corp Nuevo/01_Core_Platform/03_Agentic_Infrastructure/Databases/Aztrotech_Citas/leads/prospecto_20260807.done.done.done.done.done.done.dup.dup.dup.dup.dup.dup.dup.dup.dup.dup.dup.dup.dup.dup.dup.dup.dup.dup.dup.dup.dup.dup.dup.dup.dup.dup.dup.dup.dup.dup.dup.dup.dup.dup.dup.dup.dup.dup.dup.dup.dup.dup.dup.dup.dup.dup.dup.dup.dup.dup.dup.json'
[INGEST] 0 leads nuevos, 0 duplicados saltados.
[DUP LEAD] prospecto_20260807.done.done.done.done.done.done.dup.dup.dup.dup.dup.dup.dup.dup.dup.dup.dup.dup.dup.dup.dup.dup.dup.dup.dup.dup.dup.dup.dup.dup.dup.dup.dup.dup.dup.dup.dup.dup.dup.dup.dup.dup.dup.dup.dup.dup.dup.dup.dup.dup.dup.dup.dup.dup.dup.dup.json: ya existe cita #4. skip
[LEAD FAIL] prospecto_20260807.done.done.done.done.done.done.dup.dup.dup.dup.dup.dup.dup.dup.dup.dup.dup.dup.dup.dup.dup.dup.dup.dup.dup.dup.dup.dup.dup.dup.dup.dup.dup.dup.dup.dup.dup.dup.dup.dup.dup.dup.dup.dup.dup.dup.dup.dup.dup.dup.dup.dup.dup.dup.dup.dup.json: [Errno 36] File name too long: '/home/mystic/Documentos/Sonora Digital Corp Nuevo/01_Core_Platform/03_Agentic_Infrastructure/Databases/Aztrotech_Citas/leads/prospecto_20260807.done.done.done.done.done.done.dup.dup.dup.dup.dup.dup.dup.dup.dup.dup.dup.dup.dup.dup.dup.dup.dup.dup.dup.dup.dup.dup.dup.dup.dup.dup.dup.dup.dup.dup.dup.dup.dup.dup.dup.dup.dup.dup.dup.dup.dup.dup.dup.dup.dup.dup.dup.dup.dup.dup.json' -> '/home/mystic/Documentos/Sonora Digital Corp Nuevo/01_Core_Platform/03_Agentic_Infrastructure/Databases/Aztrotech_Citas/leads/prospecto_20260807.done.done.done.done.done.done.dup.dup.dup.dup.dup.dup.dup.dup.dup.dup.dup.dup.dup.dup.dup.dup.dup.dup.dup.dup.dup.dup.dup.dup.dup.dup.dup.dup.dup.dup.dup.dup.dup.dup.dup.dup.dup.dup.dup.dup.dup.dup.dup.dup.dup.dup.dup.dup.dup.dup.dup.json'
[INGEST] 0 leads nuevos, 0 duplicados saltados.
[DUP LEAD] prospecto_20260807.done.done.done.done.done.done.dup.dup.dup.dup.dup.dup.dup.dup.dup.dup.dup.dup.dup.dup.dup.dup.dup.dup.dup.dup.dup.dup.dup.dup.dup.dup.dup.dup.dup.dup.dup.dup.dup.dup.dup.dup.dup.dup.dup.dup.dup.dup.dup.dup.dup.dup.dup.dup.dup.dup.json: ya existe cita #4. skip
[LEAD FAIL] prospecto_20260807.done.done.done.done.done.done.dup.dup.dup.dup.dup.dup.dup.dup.dup.dup.dup.dup.dup.dup.dup.dup.dup.dup.dup.dup.dup.dup.dup.dup.dup.dup.dup.dup.dup.dup.dup.dup.dup.dup.dup.dup.dup.dup.dup.dup.dup.dup.dup.dup.dup.dup.dup.dup.dup.dup.json: [Errno 36] File name too long: '/home/mystic/Documentos/Sonora Digital Corp Nuevo/01_Core_Platform/03_Agentic_Infrastructure/Databases/Aztrotech_Citas/leads/prospecto_20260807.done.done.done.done.done.done.dup.dup.dup.dup.dup.dup.dup.dup.dup.dup.dup.dup.dup.dup.dup.dup.dup.dup.dup.dup.dup.dup.dup.dup.dup.dup.dup.dup.dup.dup.dup.dup.dup.dup.dup.dup.dup.dup.dup.dup.dup.dup.dup.dup.dup.dup.dup.dup.dup.dup.json' -> '/home/mystic/Documentos/Sonora Digital Corp Nuevo/01_Core_Platform/03_Agentic_Infrastructure/Databases/Aztrotech_Citas/leads/prospecto_20260807.done.done.done.done.done.done.dup.dup.dup.dup.dup.dup.dup.dup.dup.dup.dup.dup.dup.dup.dup.dup.dup.dup.dup.dup.dup.dup.dup.dup.dup.dup.dup.dup.dup.dup.dup.dup.dup.dup.dup.dup.dup.dup.dup.dup.dup.dup.dup.dup.dup.dup.dup.dup.dup.dup.dup.json'
[INGEST] 0 leads nuevos, 0 duplicados saltados.
[DUP LEAD] prospecto_20260807.done.done.done.done.done.done.dup.dup.dup.dup.dup.dup.dup.dup.dup.dup.dup.dup.dup.dup.dup.dup.dup.dup.dup.dup.dup.dup.dup.dup.dup.dup.dup.dup.dup.dup.dup.dup.dup.dup.dup.dup.dup.dup.dup.dup.dup.dup.dup.dup.dup.dup.dup.dup.dup.dup.json: ya existe cita #4. skip
[LEAD FAIL] prospecto_20260807.done.done.done.done.done.done.dup.dup.dup.dup.dup.dup.dup.dup.dup.dup.dup.dup.dup.dup.dup.dup.dup.dup.dup.dup.dup.dup.dup.dup.dup.dup.dup.dup.dup.dup.dup.dup.dup.dup.dup.dup.dup.dup.dup.dup.dup.dup.dup.dup.dup.dup.dup.dup.dup.dup.json: [Errno 36] File name too long: '/home/mystic/Documentos/Sonora Digital Corp Nuevo/01_Core_Platform/03_Agentic_Infrastructure/Databases/Aztrotech_Citas/leads/prospecto_20260807.done.done.done.done.done.done.dup.dup.dup.dup.dup.dup.dup.dup.dup.dup.dup.dup.dup.dup.dup.dup.dup.dup.dup.dup.dup.dup.dup.dup.dup.dup.dup.dup.dup.dup.dup.dup.dup.dup.dup.dup.dup.dup.dup.dup.dup.dup.dup.dup.dup.dup.dup.dup.dup.dup.json' -> '/home/mystic/Documentos/Sonora Digital Corp Nuevo/01_Core_Platform/03_Agentic_Infrastructure/Databases/Aztrotech_Citas/leads/prospecto_20260807.done.done.done.done.done.done.dup.dup.dup.dup.dup.dup.dup.dup.dup.dup.dup.dup.dup.dup.dup.dup.dup.dup.dup.dup.dup.dup.dup.dup.dup.dup.dup.dup.dup.dup.dup.dup.dup.dup.dup.dup.dup.dup.dup.dup.dup.dup.dup.dup.dup.dup.dup.dup.dup.dup.dup.json'
[INGEST] 0 leads nuevos, 0 duplicados saltados.
[DUP LEAD] prospecto_20260807.done.done.done.done.done.done.dup.dup.dup.dup.dup.dup.dup.dup.dup.dup.dup.dup.dup.dup.dup.dup.dup.dup.dup.dup.dup.dup.dup.dup.dup.dup.dup.dup.dup.dup.dup.dup.dup.dup.dup.dup.dup.dup.dup.dup.dup.dup.dup.dup.dup.dup.dup.dup.dup.dup.json: ya existe cita #4. skip
[LEAD FAIL] prospecto_20260807.done.done.done.done.done.done.dup.dup.dup.dup.dup.dup.dup.dup.dup.dup.dup.dup.dup.dup.dup.dup.dup.dup.dup.dup.dup.dup.dup.dup.dup.dup.dup.dup.dup.dup.dup.dup.dup.dup.dup.dup.dup.dup.dup.dup.dup.dup.dup.dup.dup.dup.dup.dup.dup.dup.json: [Errno 36] File name too long: '/home/mystic/Documentos/Sonora Digital Corp Nuevo/01_Core_Platform/03_Agentic_Infrastructure/Databases/Aztrotech_Citas/leads/prospecto_20260807.done.done.done.done.done.done.dup.dup.dup.dup.dup.dup.dup.dup.dup.dup.dup.dup.dup.dup.dup.dup.dup.dup.dup.dup.dup.dup.dup.dup.dup.dup.dup.dup.dup.dup.dup.dup.dup.dup.dup.dup.dup.dup.dup.dup.dup.dup.dup.dup.dup.dup.dup.dup.dup.dup.json' -> '/home/mystic/Documentos/Sonora Digital Corp Nuevo/01_Core_Platform/03_Agentic_Infrastructure/Databases/Aztrotech_Citas/leads/prospecto_20260807.done.done.done.done.done.done.dup.dup.dup.dup.dup.dup.dup.dup.dup.dup.dup.dup.dup.dup.dup.dup.dup.dup.dup.dup.dup.dup.dup.dup.dup.dup.dup.dup.dup.dup.dup.dup.dup.dup.dup.dup.dup.dup.dup.dup.dup.dup.dup.dup.dup.dup.dup.dup.dup.dup.dup.json'
[INGEST] 0 leads nuevos, 0 duplicados saltados.
[DUP LEAD] prospecto_20260807.done.done.done.done.done.done.dup.dup.dup.dup.dup.dup.dup.dup.dup.dup.dup.dup.dup.dup.dup.dup.dup.dup.dup.dup.dup.dup.dup.dup.dup.dup.dup.dup.dup.dup.dup.dup.dup.dup.dup.dup.dup.dup.dup.dup.dup.dup.dup.dup.dup.dup.dup.dup.dup.dup.json: ya existe cita #4. skip
[LEAD FAIL] prospecto_20260807.done.done.done.done.done.done.dup.dup.dup.dup.dup.dup.dup.dup.dup.dup.dup.dup.dup.dup.dup.dup.dup.dup.dup.dup.dup.dup.dup.dup.dup.dup.dup.dup.dup.dup.dup.dup.dup.dup.dup.dup.dup.dup.dup.dup.dup.dup.dup.dup.dup.dup.dup.dup.dup.dup.json: [Errno 36] File name too long: '/home/mystic/Documentos/Sonora Digital Corp Nuevo/01_Core_Platform/03_Agentic_Infrastructure/Databases/Aztrotech_Citas/leads/prospecto_20260807.done.done.done.done.done.done.dup.dup.dup.dup.dup.dup.dup.dup.dup.dup.dup.dup.dup.dup.dup.dup.dup.dup.dup.dup.dup.dup.dup.dup.dup.dup.dup.dup.dup.dup.dup.dup.dup.dup.dup.dup.dup.dup.dup.dup.dup.dup.dup.dup.dup.dup.dup.dup.dup.dup.json' -> '/home/mystic/Documentos/Sonora Digital Corp Nuevo/01_Core_Platform/03_Agentic_Infrastructure/Databases/Aztrotech_Citas/leads/prospecto_20260807.done.done.done.done.done.done.dup.dup.dup.dup.dup.dup.dup.dup.dup.dup.dup.dup.dup.dup.dup.dup.dup.dup.dup.dup.dup.dup.dup.dup.dup.dup.dup.dup.dup.dup.dup.dup.dup.dup.dup.dup.dup.dup.dup.dup.dup.dup.dup.dup.dup.dup.dup.dup.dup.dup.dup.json'
[INGEST] 0 leads nuevos, 0 duplicados saltados.
[DUP LEAD] prospecto_20260807.done.done.done.done.done.done.dup.dup.dup.dup.dup.dup.dup.dup.dup.dup.dup.dup.dup.dup.dup.dup.dup.dup.dup.dup.dup.dup.dup.dup.dup.dup.dup.dup.dup.dup.dup.dup.dup.dup.dup.dup.dup.dup.dup.dup.dup.dup.dup.dup.dup.dup.dup.dup.dup.dup.json: ya existe cita #4. skip
[LEAD FAIL] prospecto_20260807.done.done.done.done.done.done.dup.dup.dup.dup.dup.dup.dup.dup.dup.dup.dup.dup.dup.dup.dup.dup.dup.dup.dup.dup.dup.dup.dup.dup.dup.dup.dup.dup.dup.dup.dup.dup.dup.dup.dup.dup.dup.dup.dup.dup.dup.dup.dup.dup.dup.dup.dup.dup.dup.dup.json: [Errno 36] File name too long: '/home/mystic/Documentos/Sonora Digital Corp Nuevo/01_Core_Platform/03_Agentic_Infrastructure/Databases/Aztrotech_Citas/leads/prospecto_20260807.done.done.done.done.done.done.dup.dup.dup.dup.dup.dup.dup.dup.dup.dup.dup.dup.dup.dup.dup.dup.dup.dup.dup.dup.dup.dup.dup.dup.dup.dup.dup.dup.dup.dup.dup.dup.dup.dup.dup.dup.dup.dup.dup.dup.dup.dup.dup.dup.dup.dup.dup.dup.dup.dup.json' -> '/home/mystic/Documentos/Sonora Digital Corp Nuevo/01_Core_Platform/03_Agentic_Infrastructure/Databases/Aztrotech_Citas/leads/prospecto_20260807.done.done.done.done.done.done.dup.dup.dup.dup.dup.dup.dup.dup.dup.dup.dup.dup.dup.dup.dup.dup.dup.dup.dup.dup.dup.dup.dup.dup.dup.dup.dup.dup.dup.dup.dup.dup.dup.dup.dup.dup.dup.dup.dup.dup.dup.dup.dup.dup.dup.dup.dup.dup.dup.dup.dup.json'
[INGEST] 0 leads nuevos, 0 duplicados saltados.
[DUP LEAD] prospecto_20260807.done.done.done.done.done.done.dup.dup.dup.dup.dup.dup.dup.dup.dup.dup.dup.dup.dup.dup.dup.dup.dup.dup.dup.dup.dup.dup.dup.dup.dup.dup.dup.dup.dup.dup.dup.dup.dup.dup.dup.dup.dup.dup.dup.dup.dup.dup.dup.dup.dup.dup.dup.dup.dup.dup.json: ya existe cita #4. skip
[LEAD FAIL] prospecto_20260807.done.done.done.done.done.done.dup.dup.dup.dup.dup.dup.dup.dup.dup.dup.dup.dup.dup.dup.dup.dup.dup.dup.dup.dup.dup.dup.dup.dup.dup.dup.dup.dup.dup.dup.dup.dup.dup.dup.dup.dup.dup.dup.dup.dup.dup.dup.dup.dup.dup.dup.dup.dup.dup.dup.json: [Errno 36] File name too long: '/home/mystic/Documentos/Sonora Digital Corp Nuevo/01_Core_Platform/03_Agentic_Infrastructure/Databases/Aztrotech_Citas/leads/prospecto_20260807.done.done.done.done.done.done.dup.dup.dup.dup.dup.dup.dup.dup.dup.dup.dup.dup.dup.dup.dup.dup.dup.dup.dup.dup.dup.dup.dup.dup.dup.dup.dup.dup.dup.dup.dup.dup.dup.dup.dup.dup.dup.dup.dup.dup.dup.dup.dup.dup.dup.dup.dup.dup.dup.dup.json' -> '/home/mystic/Documentos/Sonora Digital Corp Nuevo/01_Core_Platform/03_Agentic_Infrastructure/Databases/Aztrotech_Citas/leads/prospecto_20260807.done.done.done.done.done.done.dup.dup.dup.dup.dup.dup.dup.dup.dup.dup.dup.dup.dup.dup.dup.dup.dup.dup.dup.dup.dup.dup.dup.dup.dup.dup.dup.dup.dup.dup.dup.dup.dup.dup.dup.dup.dup.dup.dup.dup.dup.dup.dup.dup.dup.dup.dup.dup.dup.dup.dup.json'
[INGEST] 0 leads nuevos, 0 duplicados saltados.
[DUP LEAD] prospecto_20260807.done.done.done.done.done.done.dup.dup.dup.dup.dup.dup.dup.dup.dup.dup.dup.dup.dup.dup.dup.dup.dup.dup.dup.dup.dup.dup.dup.dup.dup.dup.dup.dup.dup.dup.dup.dup.dup.dup.dup.dup.dup.dup.dup.dup.dup.dup.dup.dup.dup.dup.dup.dup.dup.dup.json: ya existe cita #4. skip
[LEAD FAIL] prospecto_20260807.done.done.done.done.done.done.dup.dup.dup.dup.dup.dup.dup.dup.dup.dup.dup.dup.dup.dup.dup.dup.dup.dup.dup.dup.dup.dup.dup.dup.dup.dup.dup.dup.dup.dup.dup.dup.dup.dup.dup.dup.dup.dup.dup.dup.dup.dup.dup.dup.dup.dup.dup.dup.dup.dup.json: [Errno 36] File name too long: '/home/mystic/Documentos/Sonora Digital Corp Nuevo/01_Core_Platform/03_Agentic_Infrastructure/Databases/Aztrotech_Citas/leads/prospecto_20260807.done.done.done.done.done.done.dup.dup.dup.dup.dup.dup.dup.dup.dup.dup.dup.dup.dup.dup.dup.dup.dup.dup.dup.dup.dup.dup.dup.dup.dup.dup.dup.dup.dup.dup.dup.dup.dup.dup.dup.dup.dup.dup.dup.dup.dup.dup.dup.dup.dup.dup.dup.dup.dup.dup.json' -> '/home/mystic/Documentos/Sonora Digital Corp Nuevo/01_Core_Platform/03_Agentic_Infrastructure/Databases/Aztrotech_Citas/leads/prospecto_20260807.done.done.done.done.done.done.dup.dup.dup.dup.dup.dup.dup.dup.dup.dup.dup.dup.dup.dup.dup.dup.dup.dup.dup.dup.dup.dup.dup.dup.dup.dup.dup.dup.dup.dup.dup.dup.dup.dup.dup.dup.dup.dup.dup.dup.dup.dup.dup.dup.dup.dup.dup.dup.dup.dup.dup.json'
[INGEST] 0 leads nuevos, 0 duplicados saltados.
[DUP LEAD] prospecto_20260807.done.done.done.done.done.done.dup.dup.dup.dup.dup.dup.dup.dup.dup.dup.dup.dup.dup.dup.dup.dup.dup.dup.dup.dup.dup.dup.dup.dup.dup.dup.dup.dup.dup.dup.dup.dup.dup.dup.dup.dup.dup.dup.dup.dup.dup.dup.dup.dup.dup.dup.dup.dup.dup.dup.json: ya existe cita #4. skip
[LEAD FAIL] prospecto_20260807.done.done.done.done.done.done.dup.dup.dup.dup.dup.dup.dup.dup.dup.dup.dup.dup.dup.dup.dup.dup.dup.dup.dup.dup.dup.dup.dup.dup.dup.dup.dup.dup.dup.dup.dup.dup.dup.dup.dup.dup.dup.dup.dup.dup.dup.dup.dup.dup.dup.dup.dup.dup.dup.dup.json: [Errno 36] File name too long: '/home/mystic/Documentos/Sonora Digital Corp Nuevo/01_Core_Platform/03_Agentic_Infrastructure/Databases/Aztrotech_Citas/leads/prospecto_20260807.done.done.done.done.done.done.dup.dup.dup.dup.dup.dup.dup.dup.dup.dup.dup.dup.dup.dup.dup.dup.dup.dup.dup.dup.dup.dup.dup.dup.dup.dup.dup.dup.dup.dup.dup.dup.dup.dup.dup.dup.dup.dup.dup.dup.dup.dup.dup.dup.dup.dup.dup.dup.dup.dup.json' -> '/home/mystic/Documentos/Sonora Digital Corp Nuevo/01_Core_Platform/03_Agentic_Infrastructure/Databases/Aztrotech_Citas/leads/prospecto_20260807.done.done.done.done.done.done.dup.dup.dup.dup.dup.dup.dup.dup.dup.dup.dup.dup.dup.dup.dup.dup.dup.dup.dup.dup.dup.dup.dup.dup.dup.dup.dup.dup.dup.dup.dup.dup.dup.dup.dup.dup.dup.dup.dup.dup.dup.dup.dup.dup.dup.dup.dup.dup.dup.dup.dup.json'
[INGEST] 0 leads nuevos, 0 duplicados saltados.
[DUP LEAD] prospecto_20260807.done.done.done.done.done.done.dup.dup.dup.dup.dup.dup.dup.dup.dup.dup.dup.dup.dup.dup.dup.dup.dup.dup.dup.dup.dup.dup.dup.dup.dup.dup.dup.dup.dup.dup.dup.dup.dup.dup.dup.dup.dup.dup.dup.dup.dup.dup.dup.dup.dup.dup.dup.dup.dup.dup.json: ya existe cita #4. skip
[LEAD FAIL] prospecto_20260807.done.done.done.done.done.done.dup.dup.dup.dup.dup.dup.dup.dup.dup.dup.dup.dup.dup.dup.dup.dup.dup.dup.dup.dup.dup.dup.dup.dup.dup.dup.dup.dup.dup.dup.dup.dup.dup.dup.dup.dup.dup.dup.dup.dup.dup.dup.dup.dup.dup.dup.dup.dup.dup.dup.json: [Errno 36] File name too long: '/home/mystic/Documentos/Sonora Digital Corp Nuevo/01_Core_Platform/03_Agentic_Infrastructure/Databases/Aztrotech_Citas/leads/prospecto_20260807.done.done.done.done.done.done.dup.dup.dup.dup.dup.dup.dup.dup.dup.dup.dup.dup.dup.dup.dup.dup.dup.dup.dup.dup.dup.dup.dup.dup.dup.dup.dup.dup.dup.dup.dup.dup.dup.dup.dup.dup.dup.dup.dup.dup.dup.dup.dup.dup.dup.dup.dup.dup.dup.dup.json' -> '/home/mystic/Documentos/Sonora Digital Corp Nuevo/01_Core_Platform/03_Agentic_Infrastructure/Databases/Aztrotech_Citas/leads/prospecto_20260807.done.done.done.done.done.done.dup.dup.dup.dup.dup.dup.dup.dup.dup.dup.dup.dup.dup.dup.dup.dup.dup.dup.dup.dup.dup.dup.dup.dup.dup.dup.dup.dup.dup.dup.dup.dup.dup.dup.dup.dup.dup.dup.dup.dup.dup.dup.dup.dup.dup.dup.dup.dup.dup.dup.dup.json'
[INGEST] 0 leads nuevos, 0 duplicados saltados.
[DUP LEAD] prospecto_20260807.done.done.done.done.done.done.dup.dup.dup.dup.dup.dup.dup.dup.dup.dup.dup.dup.dup.dup.dup.dup.dup.dup.dup.dup.dup.dup.dup.dup.dup.dup.dup.dup.dup.dup.dup.dup.dup.dup.dup.dup.dup.dup.dup.dup.dup.dup.dup.dup.dup.dup.dup.dup.dup.dup.json: ya existe cita #4. skip
[LEAD FAIL] prospecto_20260807.done.done.done.done.done.done.dup.dup.dup.dup.dup.dup.dup.dup.dup.dup.dup.dup.dup.dup.dup.dup.dup.dup.dup.dup.dup.dup.dup.dup.dup.dup.dup.dup.dup.dup.dup.dup.dup.dup.dup.dup.dup.dup.dup.dup.dup.dup.dup.dup.dup.dup.dup.dup.dup.dup.json: [Errno 36] File name too long: '/home/mystic/Documentos/Sonora Digital Corp Nuevo/01_Core_Platform/03_Agentic_Infrastructure/Databases/Aztrotech_Citas/leads/prospecto_20260807.done.done.done.done.done.done.dup.dup.dup.dup.dup.dup.dup.dup.dup.dup.dup.dup.dup.dup.dup.dup.dup.dup.dup.dup.dup.dup.dup.dup.dup.dup.dup.dup.dup.dup.dup.dup.dup.dup.dup.dup.dup.dup.dup.dup.dup.dup.dup.dup.dup.dup.dup.dup.dup.dup.json' -> '/home/mystic/Documentos/Sonora Digital Corp Nuevo/01_Core_Platform/03_Agentic_Infrastructure/Databases/Aztrotech_Citas/leads/prospecto_20260807.done.done.done.done.done.done.dup.dup.dup.dup.dup.dup.dup.dup.dup.dup.dup.dup.dup.dup.dup.dup.dup.dup.dup.dup.dup.dup.dup.dup.dup.dup.dup.dup.dup.dup.dup.dup.dup.dup.dup.dup.dup.dup.dup.dup.dup.dup.dup.dup.dup.dup.dup.dup.dup.dup.dup.json'
[INGEST] 0 leads nuevos, 0 duplicados saltados.
[DUP LEAD] prospecto_20260807.done.done.done.done.done.done.dup.dup.dup.dup.dup.dup.dup.dup.dup.dup.dup.dup.dup.dup.dup.dup.dup.dup.dup.dup.dup.dup.dup.dup.dup.dup.dup.dup.dup.dup.dup.dup.dup.dup.dup.dup.dup.dup.dup.dup.dup.dup.dup.dup.dup.dup.dup.dup.dup.dup.json: ya existe cita #4. skip
[LEAD FAIL] prospecto_20260807.done.done.done.done.done.done.dup.dup.dup.dup.dup.dup.dup.dup.dup.dup.dup.dup.dup.dup.dup.dup.dup.dup.dup.dup.dup.dup.dup.dup.dup.dup.dup.dup.dup.dup.dup.dup.dup.dup.dup.dup.dup.dup.dup.dup.dup.dup.dup.dup.dup.dup.dup.dup.dup.dup.json: [Errno 36] File name too long: '/home/mystic/Documentos/Sonora Digital Corp Nuevo/01_Core_Platform/03_Agentic_Infrastructure/Databases/Aztrotech_Citas/leads/prospecto_20260807.done.done.done.done.done.done.dup.dup.dup.dup.dup.dup.dup.dup.dup.dup.dup.dup.dup.dup.dup.dup.dup.dup.dup.dup.dup.dup.dup.dup.dup.dup.dup.dup.dup.dup.dup.dup.dup.dup.dup.dup.dup.dup.dup.dup.dup.dup.dup.dup.dup.dup.dup.dup.dup.dup.json' -> '/home/mystic/Documentos/Sonora Digital Corp Nuevo/01_Core_Platform/03_Agentic_Infrastructure/Databases/Aztrotech_Citas/leads/prospecto_20260807.done.done.done.done.done.done.dup.dup.dup.dup.dup.dup.dup.dup.dup.dup.dup.dup.dup.dup.dup.dup.dup.dup.dup.dup.dup.dup.dup.dup.dup.dup.dup.dup.dup.dup.dup.dup.dup.dup.dup.dup.dup.dup.dup.dup.dup.dup.dup.dup.dup.dup.dup.dup.dup.dup.dup.json'
[INGEST] 0 leads nuevos, 0 duplicados saltados.
[DUP LEAD] prospecto_20260807.done.done.done.done.done.done.dup.dup.dup.dup.dup.dup.dup.dup.dup.dup.dup.dup.dup.dup.dup.dup.dup.dup.dup.dup.dup.dup.dup.dup.dup.dup.dup.dup.dup.dup.dup.dup.dup.dup.dup.dup.dup.dup.dup.dup.dup.dup.dup.dup.dup.dup.dup.dup.dup.dup.json: ya existe cita #4. skip
[LEAD FAIL] prospecto_20260807.done.done.done.done.done.done.dup.dup.dup.dup.dup.dup.dup.dup.dup.dup.dup.dup.dup.dup.dup.dup.dup.dup.dup.dup.dup.dup.dup.dup.dup.dup.dup.dup.dup.dup.dup.dup.dup.dup.dup.dup.dup.dup.dup.dup.dup.dup.dup.dup.dup.dup.dup.dup.dup.dup.json: [Errno 36] File name too long: '/home/mystic/Documentos/Sonora Digital Corp Nuevo/01_Core_Platform/03_Agentic_Infrastructure/Databases/Aztrotech_Citas/leads/prospecto_20260807.done.done.done.done.done.done.dup.dup.dup.dup.dup.dup.dup.dup.dup.dup.dup.dup.dup.dup.dup.dup.dup.dup.dup.dup.dup.dup.dup.dup.dup.dup.dup.dup.dup.dup.dup.dup.dup.dup.dup.dup.dup.dup.dup.dup.dup.dup.dup.dup.dup.dup.dup.dup.dup.dup.json' -> '/home/mystic/Documentos/Sonora Digital Corp Nuevo/01_Core_Platform/03_Agentic_Infrastructure/Databases/Aztrotech_Citas/leads/prospecto_20260807.done.done.done.done.done.done.dup.dup.dup.dup.dup.dup.dup.dup.dup.dup.dup.dup.dup.dup.dup.dup.dup.dup.dup.dup.dup.dup.dup.dup.dup.dup.dup.dup.dup.dup.dup.dup.dup.dup.dup.dup.dup.dup.dup.dup.dup.dup.dup.dup.dup.dup.dup.dup.dup.dup.dup.json'
[INGEST] 0 leads nuevos, 0 duplicados saltados.
[DUP LEAD] prospecto_20260807.done.done.done.done.done.done.dup.dup.dup.dup.dup.dup.dup.dup.dup.dup.dup.dup.dup.dup.dup.dup.dup.dup.dup.dup.dup.dup.dup.dup.dup.dup.dup.dup.dup.dup.dup.dup.dup.dup.dup.dup.dup.dup.dup.dup.dup.dup.dup.dup.dup.dup.dup.dup.dup.dup.json: ya existe cita #4. skip
[LEAD FAIL] prospecto_20260807.done.done.done.done.done.done.dup.dup.dup.dup.dup.dup.dup.dup.dup.dup.dup.dup.dup.dup.dup.dup.dup.dup.dup.dup.dup.dup.dup.dup.dup.dup.dup.dup.dup.dup.dup.dup.dup.dup.dup.dup.dup.dup.dup.dup.dup.dup.dup.dup.dup.dup.dup.dup.dup.dup.json: [Errno 36] File name too long: '/home/mystic/Documentos/Sonora Digital Corp Nuevo/01_Core_Platform/03_Agentic_Infrastructure/Databases/Aztrotech_Citas/leads/prospecto_20260807.done.done.done.done.done.done.dup.dup.dup.dup.dup.dup.dup.dup.dup.dup.dup.dup.dup.dup.dup.dup.dup.dup.dup.dup.dup.dup.dup.dup.dup.dup.dup.dup.dup.dup.dup.dup.dup.dup.dup.dup.dup.dup.dup.dup.dup.dup.dup.dup.dup.dup.dup.dup.dup.dup.json' -> '/home/mystic/Documentos/Sonora Digital Corp Nuevo/01_Core_Platform/03_Agentic_Infrastructure/Databases/Aztrotech_Citas/leads/prospecto_20260807.done.done.done.done.done.done.dup.dup.dup.dup.dup.dup.dup.dup.dup.dup.dup.dup.dup.dup.dup.dup.dup.dup.dup.dup.dup.dup.dup.dup.dup.dup.dup.dup.dup.dup.dup.dup.dup.dup.dup.dup.dup.dup.dup.dup.dup.dup.dup.dup.dup.dup.dup.dup.dup.dup.dup.json'
[INGEST] 0 leads nuevos, 0 duplicados saltados.
[DUP LEAD] prospecto_20260807.done.done.done.done.done.done.dup.dup.dup.dup.dup.dup.dup.dup.dup.dup.dup.dup.dup.dup.dup.dup.dup.dup.dup.dup.dup.dup.dup.dup.dup.dup.dup.dup.dup.dup.dup.dup.dup.dup.dup.dup.dup.dup.dup.dup.dup.dup.dup.dup.dup.dup.dup.dup.dup.dup.json: ya existe cita #4. skip
[LEAD FAIL] prospecto_20260807.done.done.done.done.done.done.dup.dup.dup.dup.dup.dup.dup.dup.dup.dup.dup.dup.dup.dup.dup.dup.dup.dup.dup.dup.dup.dup.dup.dup.dup.dup.dup.dup.dup.dup.dup.dup.dup.dup.dup.dup.dup.dup.dup.dup.dup.dup.dup.dup.dup.dup.dup.dup.dup.dup.json: [Errno 36] File name too long: '/home/mystic/Documentos/Sonora Digital Corp Nuevo/01_Core_Platform/03_Agentic_Infrastructure/Databases/Aztrotech_Citas/leads/prospecto_20260807.done.done.done.done.done.done.dup.dup.dup.dup.dup.dup.dup.dup.dup.dup.dup.dup.dup.dup.dup.dup.dup.dup.dup.dup.dup.dup.dup.dup.dup.dup.dup.dup.dup.dup.dup.dup.dup.dup.dup.dup.dup.dup.dup.dup.dup.dup.dup.dup.dup.dup.dup.dup.dup.dup.json' -> '/home/mystic/Documentos/Sonora Digital Corp Nuevo/01_Core_Platform/03_Agentic_Infrastructure/Databases/Aztrotech_Citas/leads/prospecto_20260807.done.done.done.done.done.done.dup.dup.dup.dup.dup.dup.dup.dup.dup.dup.dup.dup.dup.dup.dup.dup.dup.dup.dup.dup.dup.dup.dup.dup.dup.dup.dup.dup.dup.dup.dup.dup.dup.dup.dup.dup.dup.dup.dup.dup.dup.dup.dup.dup.dup.dup.dup.dup.dup.dup.dup.json'
[INGEST] 0 leads nuevos, 0 duplicados saltados.
[DUP LEAD] prospecto_20260807.done.done.done.done.done.done.dup.dup.dup.dup.dup.dup.dup.dup.dup.dup.dup.dup.dup.dup.dup.dup.dup.dup.dup.dup.dup.dup.dup.dup.dup.dup.dup.dup.dup.dup.dup.dup.dup.dup.dup.dup.dup.dup.dup.dup.dup.dup.dup.dup.dup.dup.dup.dup.dup.dup.json: ya existe cita #4. skip
[LEAD FAIL] prospecto_20260807.done.done.done.done.done.done.dup.dup.dup.dup.dup.dup.dup.dup.dup.dup.dup.dup.dup.dup.dup.dup.dup.dup.dup.dup.dup.dup.dup.dup.dup.dup.dup.dup.dup.dup.dup.dup.dup.dup.dup.dup.dup.dup.dup.dup.dup.dup.dup.dup.dup.dup.dup.dup.dup.dup.json: [Errno 36] File name too long: '/home/mystic/Documentos/Sonora Digital Corp Nuevo/01_Core_Platform/03_Agentic_Infrastructure/Databases/Aztrotech_Citas/leads/prospecto_20260807.done.done.done.done.done.done.dup.dup.dup.dup.dup.dup.dup.dup.dup.dup.dup.dup.dup.dup.dup.dup.dup.dup.dup.dup.dup.dup.dup.dup.dup.dup.dup.dup.dup.dup.dup.dup.dup.dup.dup.dup.dup.dup.dup.dup.dup.dup.dup.dup.dup.dup.dup.dup.dup.dup.json' -> '/home/mystic/Documentos/Sonora Digital Corp Nuevo/01_Core_Platform/03_Agentic_Infrastructure/Databases/Aztrotech_Citas/leads/prospecto_20260807.done.done.done.done.done.done.dup.dup.dup.dup.dup.dup.dup.dup.dup.dup.dup.dup.dup.dup.dup.dup.dup.dup.dup.dup.dup.dup.dup.dup.dup.dup.dup.dup.dup.dup.dup.dup.dup.dup.dup.dup.dup.dup.dup.dup.dup.dup.dup.dup.dup.dup.dup.dup.dup.dup.dup.json'
[INGEST] 0 leads nuevos, 0 duplicados saltados.
[DUP LEAD] prospecto_20260807.done.done.done.done.done.done.dup.dup.dup.dup.dup.dup.dup.dup.dup.dup.dup.dup.dup.dup.dup.dup.dup.dup.dup.dup.dup.dup.dup.dup.dup.dup.dup.dup.dup.dup.dup.dup.dup.dup.dup.dup.dup.dup.dup.dup.dup.dup.dup.dup.dup.dup.dup.dup.dup.dup.json: ya existe cita #4. skip
[LEAD FAIL] prospecto_20260807.done.done.done.done.done.done.dup.dup.dup.dup.dup.dup.dup.dup.dup.dup.dup.dup.dup.dup.dup.dup.dup.dup.dup.dup.dup.dup.dup.dup.dup.dup.dup.dup.dup.dup.dup.dup.dup.dup.dup.dup.dup.dup.dup.dup.dup.dup.dup.dup.dup.dup.dup.dup.dup.dup.json: [Errno 36] File name too long: '/home/mystic/Documentos/Sonora Digital Corp Nuevo/01_Core_Platform/03_Agentic_Infrastructure/Databases/Aztrotech_Citas/leads/prospecto_20260807.done.done.done.done.done.done.dup.dup.dup.dup.dup.dup.dup.dup.dup.dup.dup.dup.dup.dup.dup.dup.dup.dup.dup.dup.dup.dup.dup.dup.dup.dup.dup.dup.dup.dup.dup.dup.dup.dup.dup.dup.dup.dup.dup.dup.dup.dup.dup.dup.dup.dup.dup.dup.dup.dup.json' -> '/home/mystic/Documentos/Sonora Digital Corp Nuevo/01_Core_Platform/03_Agentic_Infrastructure/Databases/Aztrotech_Citas/leads/prospecto_20260807.done.done.done.done.done.done.dup.dup.dup.dup.dup.dup.dup.dup.dup.dup.dup.dup.dup.dup.dup.dup.dup.dup.dup.dup.dup.dup.dup.dup.dup.dup.dup.dup.dup.dup.dup.dup.dup.dup.dup.dup.dup.dup.dup.dup.dup.dup.dup.dup.dup.dup.dup.dup.dup.dup.dup.json'
[INGEST] 0 leads nuevos, 0 duplicados saltados.
[DUP LEAD] prospecto_20260807.done.done.done.done.done.done.dup.dup.dup.dup.dup.dup.dup.dup.dup.dup.dup.dup.dup.dup.dup.dup.dup.dup.dup.dup.dup.dup.dup.dup.dup.dup.dup.dup.dup.dup.dup.dup.dup.dup.dup.dup.dup.dup.dup.dup.dup.dup.dup.dup.dup.dup.dup.dup.dup.dup.json: ya existe cita #4. skip
[LEAD FAIL] prospecto_20260807.done.done.done.done.done.done.dup.dup.dup.dup.dup.dup.dup.dup.dup.dup.dup.dup.dup.dup.dup.dup.dup.dup.dup.dup.dup.dup.dup.dup.dup.dup.dup.dup.dup.dup.dup.dup.dup.dup.dup.dup.dup.dup.dup.dup.dup.dup.dup.dup.dup.dup.dup.dup.dup.dup.json: [Errno 36] File name too long: '/home/mystic/Documentos/Sonora Digital Corp Nuevo/01_Core_Platform/03_Agentic_Infrastructure/Databases/Aztrotech_Citas/leads/prospecto_20260807.done.done.done.done.done.done.dup.dup.dup.dup.dup.dup.dup.dup.dup.dup.dup.dup.dup.dup.dup.dup.dup.dup.dup.dup.dup.dup.dup.dup.dup.dup.dup.dup.dup.dup.dup.dup.dup.dup.dup.dup.dup.dup.dup.dup.dup.dup.dup.dup.dup.dup.dup.dup.dup.dup.json' -> '/home/mystic/Documentos/Sonora Digital Corp Nuevo/01_Core_Platform/03_Agentic_Infrastructure/Databases/Aztrotech_Citas/leads/prospecto_20260807.done.done.done.done.done.done.dup.dup.dup.dup.dup.dup.dup.dup.dup.dup.dup.dup.dup.dup.dup.dup.dup.dup.dup.dup.dup.dup.dup.dup.dup.dup.dup.dup.dup.dup.dup.dup.dup.dup.dup.dup.dup.dup.dup.dup.dup.dup.dup.dup.dup.dup.dup.dup.dup.dup.dup.json'
[INGEST] 0 leads nuevos, 0 duplicados saltados.
[DUP LEAD] prospecto_20260807.done.done.done.done.done.done.dup.dup.dup.dup.dup.dup.dup.dup.dup.dup.dup.dup.dup.dup.dup.dup.dup.dup.dup.dup.dup.dup.dup.dup.dup.dup.dup.dup.dup.dup.dup.dup.dup.dup.dup.dup.dup.dup.dup.dup.dup.dup.dup.dup.dup.dup.dup.dup.dup.dup.json: ya existe cita #4. skip
[LEAD FAIL] prospecto_20260807.done.done.done.done.done.done.dup.dup.dup.dup.dup.dup.dup.dup.dup.dup.dup.dup.dup.dup.dup.dup.dup.dup.dup.dup.dup.dup.dup.dup.dup.dup.dup.dup.dup.dup.dup.dup.dup.dup.dup.dup.dup.dup.dup.dup.dup.dup.dup.dup.dup.dup.dup.dup.dup.dup.json: [Errno 36] File name too long: '/home/mystic/Documentos/Sonora Digital Corp Nuevo/01_Core_Platform/03_Agentic_Infrastructure/Databases/Aztrotech_Citas/leads/prospecto_20260807.done.done.done.done.done.done.dup.dup.dup.dup.dup.dup.dup.dup.dup.dup.dup.dup.dup.dup.dup.dup.dup.dup.dup.dup.dup.dup.dup.dup.dup.dup.dup.dup.dup.dup.dup.dup.dup.dup.dup.dup.dup.dup.dup.dup.dup.dup.dup.dup.dup.dup.dup.dup.dup.dup.json' -> '/home/mystic/Documentos/Sonora Digital Corp Nuevo/01_Core_Platform/03_Agentic_Infrastructure/Databases/Aztrotech_Citas/leads/prospecto_20260807.done.done.done.done.done.done.dup.dup.dup.dup.dup.dup.dup.dup.dup.dup.dup.dup.dup.dup.dup.dup.dup.dup.dup.dup.dup.dup.dup.dup.dup.dup.dup.dup.dup.dup.dup.dup.dup.dup.dup.dup.dup.dup.dup.dup.dup.dup.dup.dup.dup.dup.dup.dup.dup.dup.dup.json'
[INGEST] 0 leads nuevos, 0 duplicados saltados.
[DUP LEAD] prospecto_20260807.done.done.done.done.done.done.dup.dup.dup.dup.dup.dup.dup.dup.dup.dup.dup.dup.dup.dup.dup.dup.dup.dup.dup.dup.dup.dup.dup.dup.dup.dup.dup.dup.dup.dup.dup.dup.dup.dup.dup.dup.dup.dup.dup.dup.dup.dup.dup.dup.dup.dup.dup.dup.dup.dup.json: ya existe cita #4. skip
[LEAD FAIL] prospecto_20260807.done.done.done.done.done.done.dup.dup.dup.dup.dup.dup.dup.dup.dup.dup.dup.dup.dup.dup.dup.dup.dup.dup.dup.dup.dup.dup.dup.dup.dup.dup.dup.dup.dup.dup.dup.dup.dup.dup.dup.dup.dup.dup.dup.dup.dup.dup.dup.dup.dup.dup.dup.dup.dup.dup.json: [Errno 36] File name too long: '/home/mystic/Documentos/Sonora Digital Corp Nuevo/01_Core_Platform/03_Agentic_Infrastructure/Databases/Aztrotech_Citas/leads/prospecto_20260807.done.done.done.done.done.done.dup.dup.dup.dup.dup.dup.dup.dup.dup.dup.dup.dup.dup.dup.dup.dup.dup.dup.dup.dup.dup.dup.dup.dup.dup.dup.dup.dup.dup.dup.dup.dup.dup.dup.dup.dup.dup.dup.dup.dup.dup.dup.dup.dup.dup.dup.dup.dup.dup.dup.json' -> '/home/mystic/Documentos/Sonora Digital Corp Nuevo/01_Core_Platform/03_Agentic_Infrastructure/Databases/Aztrotech_Citas/leads/prospecto_20260807.done.done.done.done.done.done.dup.dup.dup.dup.dup.dup.dup.dup.dup.dup.dup.dup.dup.dup.dup.dup.dup.dup.dup.dup.dup.dup.dup.dup.dup.dup.dup.dup.dup.dup.dup.dup.dup.dup.dup.dup.dup.dup.dup.dup.dup.dup.dup.dup.dup.dup.dup.dup.dup.dup.dup.json'
[INGEST] 0 leads nuevos, 0 duplicados saltados.
[DUP LEAD] prospecto_20260807.done.done.done.done.done.done.dup.dup.dup.dup.dup.dup.dup.dup.dup.dup.dup.dup.dup.dup.dup.dup.dup.dup.dup.dup.dup.dup.dup.dup.dup.dup.dup.dup.dup.dup.dup.dup.dup.dup.dup.dup.dup.dup.dup.dup.dup.dup.dup.dup.dup.dup.dup.dup.dup.dup.json: ya existe cita #4. skip
[LEAD FAIL] prospecto_20260807.done.done.done.done.done.done.dup.dup.dup.dup.dup.dup.dup.dup.dup.dup.dup.dup.dup.dup.dup.dup.dup.dup.dup.dup.dup.dup.dup.dup.dup.dup.dup.dup.dup.dup.dup.dup.dup.dup.dup.dup.dup.dup.dup.dup.dup.dup.dup.dup.dup.dup.dup.dup.dup.dup.json: [Errno 36] File name too long: '/home/mystic/Documentos/Sonora Digital Corp Nuevo/01_Core_Platform/03_Agentic_Infrastructure/Databases/Aztrotech_Citas/leads/prospecto_20260807.done.done.done.done.done.done.dup.dup.dup.dup.dup.dup.dup.dup.dup.dup.dup.dup.dup.dup.dup.dup.dup.dup.dup.dup.dup.dup.dup.dup.dup.dup.dup.dup.dup.dup.dup.dup.dup.dup.dup.dup.dup.dup.dup.dup.dup.dup.dup.dup.dup.dup.dup.dup.dup.dup.json' -> '/home/mystic/Documentos/Sonora Digital Corp Nuevo/01_Core_Platform/03_Agentic_Infrastructure/Databases/Aztrotech_Citas/leads/prospecto_20260807.done.done.done.done.done.done.dup.dup.dup.dup.dup.dup.dup.dup.dup.dup.dup.dup.dup.dup.dup.dup.dup.dup.dup.dup.dup.dup.dup.dup.dup.dup.dup.dup.dup.dup.dup.dup.dup.dup.dup.dup.dup.dup.dup.dup.dup.dup.dup.dup.dup.dup.dup.dup.dup.dup.dup.json'
[INGEST] 0 leads nuevos, 0 duplicados saltados.
[DUP LEAD] prospecto_20260807.done.done.done.done.done.done.dup.dup.dup.dup.dup.dup.dup.dup.dup.dup.dup.dup.dup.dup.dup.dup.dup.dup.dup.dup.dup.dup.dup.dup.dup.dup.dup.dup.dup.dup.dup.dup.dup.dup.dup.dup.dup.dup.dup.dup.dup.dup.dup.dup.dup.dup.dup.dup.dup.dup.json: ya existe cita #4. skip
[LEAD FAIL] prospecto_20260807.done.done.done.done.done.done.dup.dup.dup.dup.dup.dup.dup.dup.dup.dup.dup.dup.dup.dup.dup.dup.dup.dup.dup.dup.dup.dup.dup.dup.dup.dup.dup.dup.dup.dup.dup.dup.dup.dup.dup.dup.dup.dup.dup.dup.dup.dup.dup.dup.dup.dup.dup.dup.dup.dup.json: [Errno 36] File name too long: '/home/mystic/Documentos/Sonora Digital Corp Nuevo/01_Core_Platform/03_Agentic_Infrastructure/Databases/Aztrotech_Citas/leads/prospecto_20260807.done.done.done.done.done.done.dup.dup.dup.dup.dup.dup.dup.dup.dup.dup.dup.dup.dup.dup.dup.dup.dup.dup.dup.dup.dup.dup.dup.dup.dup.dup.dup.dup.dup.dup.dup.dup.dup.dup.dup.dup.dup.dup.dup.dup.dup.dup.dup.dup.dup.dup.dup.dup.dup.dup.json' -> '/home/mystic/Documentos/Sonora Digital Corp Nuevo/01_Core_Platform/03_Agentic_Infrastructure/Databases/Aztrotech_Citas/leads/prospecto_20260807.done.done.done.done.done.done.dup.dup.dup.dup.dup.dup.dup.dup.dup.dup.dup.dup.dup.dup.dup.dup.dup.dup.dup.dup.dup.dup.dup.dup.dup.dup.dup.dup.dup.dup.dup.dup.dup.dup.dup.dup.dup.dup.dup.dup.dup.dup.dup.dup.dup.dup.dup.dup.dup.dup.dup.json'
[INGEST] 0 leads nuevos, 0 duplicados saltados.
[DUP LEAD] prospecto_20260807.done.done.done.done.done.done.dup.dup.dup.dup.dup.dup.dup.dup.dup.dup.dup.dup.dup.dup.dup.dup.dup.dup.dup.dup.dup.dup.dup.dup.dup.dup.dup.dup.dup.dup.dup.dup.dup.dup.dup.dup.dup.dup.dup.dup.dup.dup.dup.dup.dup.dup.dup.dup.dup.dup.json: ya existe cita #4. skip
[LEAD FAIL] prospecto_20260807.done.done.done.done.done.done.dup.dup.dup.dup.dup.dup.dup.dup.dup.dup.dup.dup.dup.dup.dup.dup.dup.dup.dup.dup.dup.dup.dup.dup.dup.dup.dup.dup.dup.dup.dup.dup.dup.dup.dup.dup.dup.dup.dup.dup.dup.dup.dup.dup.dup.dup.dup.dup.dup.dup.json: [Errno 36] File name too long: '/home/mystic/Documentos/Sonora Digital Corp Nuevo/01_Core_Platform/03_Agentic_Infrastructure/Databases/Aztrotech_Citas/leads/prospecto_20260807.done.done.done.done.done.done.dup.dup.dup.dup.dup.dup.dup.dup.dup.dup.dup.dup.dup.dup.dup.dup.dup.dup.dup.dup.dup.dup.dup.dup.dup.dup.dup.dup.dup.dup.dup.dup.dup.dup.dup.dup.dup.dup.dup.dup.dup.dup.dup.dup.dup.dup.dup.dup.dup.dup.json' -> '/home/mystic/Documentos/Sonora Digital Corp Nuevo/01_Core_Platform/03_Agentic_Infrastructure/Databases/Aztrotech_Citas/leads/prospecto_20260807.done.done.done.done.done.done.dup.dup.dup.dup.dup.dup.dup.dup.dup.dup.dup.dup.dup.dup.dup.dup.dup.dup.dup.dup.dup.dup.dup.dup.dup.dup.dup.dup.dup.dup.dup.dup.dup.dup.dup.dup.dup.dup.dup.dup.dup.dup.dup.dup.dup.dup.dup.dup.dup.dup.dup.json'
[INGEST] 0 leads nuevos, 0 duplicados saltados.
[DUP LEAD] prospecto_20260807.done.done.done.done.done.done.dup.dup.dup.dup.dup.dup.dup.dup.dup.dup.dup.dup.dup.dup.dup.dup.dup.dup.dup.dup.dup.dup.dup.dup.dup.dup.dup.dup.dup.dup.dup.dup.dup.dup.dup.dup.dup.dup.dup.dup.dup.dup.dup.dup.dup.dup.dup.dup.dup.dup.json: ya existe cita #4. skip
[LEAD FAIL] prospecto_20260807.done.done.done.done.done.done.dup.dup.dup.dup.dup.dup.dup.dup.dup.dup.dup.dup.dup.dup.dup.dup.dup.dup.dup.dup.dup.dup.dup.dup.dup.dup.dup.dup.dup.dup.dup.dup.dup.dup.dup.dup.dup.dup.dup.dup.dup.dup.dup.dup.dup.dup.dup.dup.dup.dup.json: [Errno 36] File name too long: '/home/mystic/Documentos/Sonora Digital Corp Nuevo/01_Core_Platform/03_Agentic_Infrastructure/Databases/Aztrotech_Citas/leads/prospecto_20260807.done.done.done.done.done.done.dup.dup.dup.dup.dup.dup.dup.dup.dup.dup.dup.dup.dup.dup.dup.dup.dup.dup.dup.dup.dup.dup.dup.dup.dup.dup.dup.dup.dup.dup.dup.dup.dup.dup.dup.dup.dup.dup.dup.dup.dup.dup.dup.dup.dup.dup.dup.dup.dup.dup.json' -> '/home/mystic/Documentos/Sonora Digital Corp Nuevo/01_Core_Platform/03_Agentic_Infrastructure/Databases/Aztrotech_Citas/leads/prospecto_20260807.done.done.done.done.done.done.dup.dup.dup.dup.dup.dup.dup.dup.dup.dup.dup.dup.dup.dup.dup.dup.dup.dup.dup.dup.dup.dup.dup.dup.dup.dup.dup.dup.dup.dup.dup.dup.dup.dup.dup.dup.dup.dup.dup.dup.dup.dup.dup.dup.dup.dup.dup.dup.dup.dup.dup.json'
[INGEST] 0 leads nuevos, 0 duplicados saltados.
[DUP LEAD] prospecto_20260807.done.done.done.done.done.done.dup.dup.dup.dup.dup.dup.dup.dup.dup.dup.dup.dup.dup.dup.dup.dup.dup.dup.dup.dup.dup.dup.dup.dup.dup.dup.dup.dup.dup.dup.dup.dup.dup.dup.dup.dup.dup.dup.dup.dup.dup.dup.dup.dup.dup.dup.dup.dup.dup.dup.json: ya existe cita #4. skip
[LEAD FAIL] prospecto_20260807.done.done.done.done.done.done.dup.dup.dup.dup.dup.dup.dup.dup.dup.dup.dup.dup.dup.dup.dup.dup.dup.dup.dup.dup.dup.dup.dup.dup.dup.dup.dup.dup.dup.dup.dup.dup.dup.dup.dup.dup.dup.dup.dup.dup.dup.dup.dup.dup.dup.dup.dup.dup.dup.dup.json: [Errno 36] File name too long: '/home/mystic/Documentos/Sonora Digital Corp Nuevo/01_Core_Platform/03_Agentic_Infrastructure/Databases/Aztrotech_Citas/leads/prospecto_20260807.done.done.done.done.done.done.dup.dup.dup.dup.dup.dup.dup.dup.dup.dup.dup.dup.dup.dup.dup.dup.dup.dup.dup.dup.dup.dup.dup.dup.dup.dup.dup.dup.dup.dup.dup.dup.dup.dup.dup.dup.dup.dup.dup.dup.dup.dup.dup.dup.dup.dup.dup.dup.dup.dup.json' -> '/home/mystic/Documentos/Sonora Digital Corp Nuevo/01_Core_Platform/03_Agentic_Infrastructure/Databases/Aztrotech_Citas/leads/prospecto_20260807.done.done.done.done.done.done.dup.dup.dup.dup.dup.dup.dup.dup.dup.dup.dup.dup.dup.dup.dup.dup.dup.dup.dup.dup.dup.dup.dup.dup.dup.dup.dup.dup.dup.dup.dup.dup.dup.dup.dup.dup.dup.dup.dup.dup.dup.dup.dup.dup.dup.dup.dup.dup.dup.dup.dup.json'
[INGEST] 0 leads nuevos, 0 duplicados saltados.
[DUP LEAD] prospecto_20260807.done.done.done.done.done.done.dup.dup.dup.dup.dup.dup.dup.dup.dup.dup.dup.dup.dup.dup.dup.dup.dup.dup.dup.dup.dup.dup.dup.dup.dup.dup.dup.dup.dup.dup.dup.dup.dup.dup.dup.dup.dup.dup.dup.dup.dup.dup.dup.dup.dup.dup.dup.dup.dup.dup.json: ya existe cita #4. skip
[LEAD FAIL] prospecto_20260807.done.done.done.done.done.done.dup.dup.dup.dup.dup.dup.dup.dup.dup.dup.dup.dup.dup.dup.dup.dup.dup.dup.dup.dup.dup.dup.dup.dup.dup.dup.dup.dup.dup.dup.dup.dup.dup.dup.dup.dup.dup.dup.dup.dup.dup.dup.dup.dup.dup.dup.dup.dup.dup.dup.json: [Errno 36] File name too long: '/home/mystic/Documentos/Sonora Digital Corp Nuevo/01_Core_Platform/03_Agentic_Infrastructure/Databases/Aztrotech_Citas/leads/prospecto_20260807.done.done.done.done.done.done.dup.dup.dup.dup.dup.dup.dup.dup.dup.dup.dup.dup.dup.dup.dup.dup.dup.dup.dup.dup.dup.dup.dup.dup.dup.dup.dup.dup.dup.dup.dup.dup.dup.dup.dup.dup.dup.dup.dup.dup.dup.dup.dup.dup.dup.dup.dup.dup.dup.dup.json' -> '/home/mystic/Documentos/Sonora Digital Corp Nuevo/01_Core_Platform/03_Agentic_Infrastructure/Databases/Aztrotech_Citas/leads/prospecto_20260807.done.done.done.done.done.done.dup.dup.dup.dup.dup.dup.dup.dup.dup.dup.dup.dup.dup.dup.dup.dup.dup.dup.dup.dup.dup.dup.dup.dup.dup.dup.dup.dup.dup.dup.dup.dup.dup.dup.dup.dup.dup.dup.dup.dup.dup.dup.dup.dup.dup.dup.dup.dup.dup.dup.dup.json'
[INGEST] 0 leads nuevos, 0 duplicados saltados.
[DUP LEAD] prospecto_20260807.done.done.done.done.done.done.dup.dup.dup.dup.dup.dup.dup.dup.dup.dup.dup.dup.dup.dup.dup.dup.dup.dup.dup.dup.dup.dup.dup.dup.dup.dup.dup.dup.dup.dup.dup.dup.dup.dup.dup.dup.dup.dup.dup.dup.dup.dup.dup.dup.dup.dup.dup.dup.dup.dup.json: ya existe cita #4. skip
[LEAD FAIL] prospecto_20260807.done.done.done.done.done.done.dup.dup.dup.dup.dup.dup.dup.dup.dup.dup.dup.dup.dup.dup.dup.dup.dup.dup.dup.dup.dup.dup.dup.dup.dup.dup.dup.dup.dup.dup.dup.dup.dup.dup.dup.dup.dup.dup.dup.dup.dup.dup.dup.dup.dup.dup.dup.dup.dup.dup.json: [Errno 36] File name too long: '/home/mystic/Documentos/Sonora Digital Corp Nuevo/01_Core_Platform/03_Agentic_Infrastructure/Databases/Aztrotech_Citas/leads/prospecto_20260807.done.done.done.done.done.done.dup.dup.dup.dup.dup.dup.dup.dup.dup.dup.dup.dup.dup.dup.dup.dup.dup.dup.dup.dup.dup.dup.dup.dup.dup.dup.dup.dup.dup.dup.dup.dup.dup.dup.dup.dup.dup.dup.dup.dup.dup.dup.dup.dup.dup.dup.dup.dup.dup.dup.json' -> '/home/mystic/Documentos/Sonora Digital Corp Nuevo/01_Core_Platform/03_Agentic_Infrastructure/Databases/Aztrotech_Citas/leads/prospecto_20260807.done.done.done.done.done.done.dup.dup.dup.dup.dup.dup.dup.dup.dup.dup.dup.dup.dup.dup.dup.dup.dup.dup.dup.dup.dup.dup.dup.dup.dup.dup.dup.dup.dup.dup.dup.dup.dup.dup.dup.dup.dup.dup.dup.dup.dup.dup.dup.dup.dup.dup.dup.dup.dup.dup.dup.json'
[INGEST] 0 leads nuevos, 0 duplicados saltados.
[DUP LEAD] prospecto_20260807.done.done.done.done.done.done.dup.dup.dup.dup.dup.dup.dup.dup.dup.dup.dup.dup.dup.dup.dup.dup.dup.dup.dup.dup.dup.dup.dup.dup.dup.dup.dup.dup.dup.dup.dup.dup.dup.dup.dup.dup.dup.dup.dup.dup.dup.dup.dup.dup.dup.dup.dup.dup.dup.dup.json: ya existe cita #4. skip
[LEAD FAIL] prospecto_20260807.done.done.done.done.done.done.dup.dup.dup.dup.dup.dup.dup.dup.dup.dup.dup.dup.dup.dup.dup.dup.dup.dup.dup.dup.dup.dup.dup.dup.dup.dup.dup.dup.dup.dup.dup.dup.dup.dup.dup.dup.dup.dup.dup.dup.dup.dup.dup.dup.dup.dup.dup.dup.dup.dup.json: [Errno 36] File name too long: '/home/mystic/Documentos/Sonora Digital Corp Nuevo/01_Core_Platform/03_Agentic_Infrastructure/Databases/Aztrotech_Citas/leads/prospecto_20260807.done.done.done.done.done.done.dup.dup.dup.dup.dup.dup.dup.dup.dup.dup.dup.dup.dup.dup.dup.dup.dup.dup.dup.dup.dup.dup.dup.dup.dup.dup.dup.dup.dup.dup.dup.dup.dup.dup.dup.dup.dup.dup.dup.dup.dup.dup.dup.dup.dup.dup.dup.dup.dup.dup.json' -> '/home/mystic/Documentos/Sonora Digital Corp Nuevo/01_Core_Platform/03_Agentic_Infrastructure/Databases/Aztrotech_Citas/leads/prospecto_20260807.done.done.done.done.done.done.dup.dup.dup.dup.dup.dup.dup.dup.dup.dup.dup.dup.dup.dup.dup.dup.dup.dup.dup.dup.dup.dup.dup.dup.dup.dup.dup.dup.dup.dup.dup.dup.dup.dup.dup.dup.dup.dup.dup.dup.dup.dup.dup.dup.dup.dup.dup.dup.dup.dup.dup.json'
[INGEST] 0 leads nuevos, 0 duplicados saltados.
[DUP LEAD] prospecto_20260807.done.done.done.done.done.done.dup.dup.dup.dup.dup.dup.dup.dup.dup.dup.dup.dup.dup.dup.dup.dup.dup.dup.dup.dup.dup.dup.dup.dup.dup.dup.dup.dup.dup.dup.dup.dup.dup.dup.dup.dup.dup.dup.dup.dup.dup.dup.dup.dup.dup.dup.dup.dup.dup.dup.json: ya existe cita #4. skip
[LEAD FAIL] prospecto_20260807.done.done.done.done.done.done.dup.dup.dup.dup.dup.dup.dup.dup.dup.dup.dup.dup.dup.dup.dup.dup.dup.dup.dup.dup.dup.dup.dup.dup.dup.dup.dup.dup.dup.dup.dup.dup.dup.dup.dup.dup.dup.dup.dup.dup.dup.dup.dup.dup.dup.dup.dup.dup.dup.dup.json: [Errno 36] File name too long: '/home/mystic/Documentos/Sonora Digital Corp Nuevo/01_Core_Platform/03_Agentic_Infrastructure/Databases/Aztrotech_Citas/leads/prospecto_20260807.done.done.done.done.done.done.dup.dup.dup.dup.dup.dup.dup.dup.dup.dup.dup.dup.dup.dup.dup.dup.dup.dup.dup.dup.dup.dup.dup.dup.dup.dup.dup.dup.dup.dup.dup.dup.dup.dup.dup.dup.dup.dup.dup.dup.dup.dup.dup.dup.dup.dup.dup.dup.dup.dup.json' -> '/home/mystic/Documentos/Sonora Digital Corp Nuevo/01_Core_Platform/03_Agentic_Infrastructure/Databases/Aztrotech_Citas/leads/prospecto_20260807.done.done.done.done.done.done.dup.dup.dup.dup.dup.dup.dup.dup.dup.dup.dup.dup.dup.dup.dup.dup.dup.dup.dup.dup.dup.dup.dup.dup.dup.dup.dup.dup.dup.dup.dup.dup.dup.dup.dup.dup.dup.dup.dup.dup.dup.dup.dup.dup.dup.dup.dup.dup.dup.dup.dup.json'
[INGEST] 0 leads nuevos, 0 duplicados saltados.
[DUP LEAD] prospecto_20260807.done.done.done.done.done.done.dup.dup.dup.dup.dup.dup.dup.dup.dup.dup.dup.dup.dup.dup.dup.dup.dup.dup.dup.dup.dup.dup.dup.dup.dup.dup.dup.dup.dup.dup.dup.dup.dup.dup.dup.dup.dup.dup.dup.dup.dup.dup.dup.dup.dup.dup.dup.dup.dup.dup.json: ya existe cita #4. skip
[LEAD FAIL] prospecto_20260807.done.done.done.done.done.done.dup.dup.dup.dup.dup.dup.dup.dup.dup.dup.dup.dup.dup.dup.dup.dup.dup.dup.dup.dup.dup.dup.dup.dup.dup.dup.dup.dup.dup.dup.dup.dup.dup.dup.dup.dup.dup.dup.dup.dup.dup.dup.dup.dup.dup.dup.dup.dup.dup.dup.json: [Errno 36] File name too long: '/home/mystic/Documentos/Sonora Digital Corp Nuevo/01_Core_Platform/03_Agentic_Infrastructure/Databases/Aztrotech_Citas/leads/prospecto_20260807.done.done.done.done.done.done.dup.dup.dup.dup.dup.dup.dup.dup.dup.dup.dup.dup.dup.dup.dup.dup.dup.dup.dup.dup.dup.dup.dup.dup.dup.dup.dup.dup.dup.dup.dup.dup.dup.dup.dup.dup.dup.dup.dup.dup.dup.dup.dup.dup.dup.dup.dup.dup.dup.dup.json' -> '/home/mystic/Documentos/Sonora Digital Corp Nuevo/01_Core_Platform/03_Agentic_Infrastructure/Databases/Aztrotech_Citas/leads/prospecto_20260807.done.done.done.done.done.done.dup.dup.dup.dup.dup.dup.dup.dup.dup.dup.dup.dup.dup.dup.dup.dup.dup.dup.dup.dup.dup.dup.dup.dup.dup.dup.dup.dup.dup.dup.dup.dup.dup.dup.dup.dup.dup.dup.dup.dup.dup.dup.dup.dup.dup.dup.dup.dup.dup.dup.dup.json'
[INGEST] 0 leads nuevos, 0 duplicados saltados.
[DUP LEAD] prospecto_20260807.done.done.done.done.done.done.dup.dup.dup.dup.dup.dup.dup.dup.dup.dup.dup.dup.dup.dup.dup.dup.dup.dup.dup.dup.dup.dup.dup.dup.dup.dup.dup.dup.dup.dup.dup.dup.dup.dup.dup.dup.dup.dup.dup.dup.dup.dup.dup.dup.dup.dup.dup.dup.dup.dup.json: ya existe cita #4. skip
[LEAD FAIL] prospecto_20260807.done.done.done.done.done.done.dup.dup.dup.dup.dup.dup.dup.dup.dup.dup.dup.dup.dup.dup.dup.dup.dup.dup.dup.dup.dup.dup.dup.dup.dup.dup.dup.dup.dup.dup.dup.dup.dup.dup.dup.dup.dup.dup.dup.dup.dup.dup.dup.dup.dup.dup.dup.dup.dup.dup.json: [Errno 36] File name too long: '/home/mystic/Documentos/Sonora Digital Corp Nuevo/01_Core_Platform/03_Agentic_Infrastructure/Databases/Aztrotech_Citas/leads/prospecto_20260807.done.done.done.done.done.done.dup.dup.dup.dup.dup.dup.dup.dup.dup.dup.dup.dup.dup.dup.dup.dup.dup.dup.dup.dup.dup.dup.dup.dup.dup.dup.dup.dup.dup.dup.dup.dup.dup.dup.dup.dup.dup.dup.dup.dup.dup.dup.dup.dup.dup.dup.dup.dup.dup.dup.json' -> '/home/mystic/Documentos/Sonora Digital Corp Nuevo/01_Core_Platform/03_Agentic_Infrastructure/Databases/Aztrotech_Citas/leads/prospecto_20260807.done.done.done.done.done.done.dup.dup.dup.dup.dup.dup.dup.dup.dup.dup.dup.dup.dup.dup.dup.dup.dup.dup.dup.dup.dup.dup.dup.dup.dup.dup.dup.dup.dup.dup.dup.dup.dup.dup.dup.dup.dup.dup.dup.dup.dup.dup.dup.dup.dup.dup.dup.dup.dup.dup.dup.json'
[INGEST] 0 leads nuevos, 0 duplicados saltados.
[DUP LEAD] prospecto_20260807.done.done.done.done.done.done.dup.dup.dup.dup.dup.dup.dup.dup.dup.dup.dup.dup.dup.dup.dup.dup.dup.dup.dup.dup.dup.dup.dup.dup.dup.dup.dup.dup.dup.dup.dup.dup.dup.dup.dup.dup.dup.dup.dup.dup.dup.dup.dup.dup.dup.dup.dup.dup.dup.dup.json: ya existe cita #4. skip
[LEAD FAIL] prospecto_20260807.done.done.done.done.done.done.dup.dup.dup.dup.dup.dup.dup.dup.dup.dup.dup.dup.dup.dup.dup.dup.dup.dup.dup.dup.dup.dup.dup.dup.dup.dup.dup.dup.dup.dup.dup.dup.dup.dup.dup.dup.dup.dup.dup.dup.dup.dup.dup.dup.dup.dup.dup.dup.dup.dup.json: [Errno 36] File name too long: '/home/mystic/Documentos/Sonora Digital Corp Nuevo/01_Core_Platform/03_Agentic_Infrastructure/Databases/Aztrotech_Citas/leads/prospecto_20260807.done.done.done.done.done.done.dup.dup.dup.dup.dup.dup.dup.dup.dup.dup.dup.dup.dup.dup.dup.dup.dup.dup.dup.dup.dup.dup.dup.dup.dup.dup.dup.dup.dup.dup.dup.dup.dup.dup.dup.dup.dup.dup.dup.dup.dup.dup.dup.dup.dup.dup.dup.dup.dup.dup.json' -> '/home/mystic/Documentos/Sonora Digital Corp Nuevo/01_Core_Platform/03_Agentic_Infrastructure/Databases/Aztrotech_Citas/leads/prospecto_20260807.done.done.done.done.done.done.dup.dup.dup.dup.dup.dup.dup.dup.dup.dup.dup.dup.dup.dup.dup.dup.dup.dup.dup.dup.dup.dup.dup.dup.dup.dup.dup.dup.dup.dup.dup.dup.dup.dup.dup.dup.dup.dup.dup.dup.dup.dup.dup.dup.dup.dup.dup.dup.dup.dup.dup.json'
[INGEST] 0 leads nuevos, 0 duplicados saltados.
[DUP LEAD] prospecto_20260807.done.done.done.done.done.done.dup.dup.dup.dup.dup.dup.dup.dup.dup.dup.dup.dup.dup.dup.dup.dup.dup.dup.dup.dup.dup.dup.dup.dup.dup.dup.dup.dup.dup.dup.dup.dup.dup.dup.dup.dup.dup.dup.dup.dup.dup.dup.dup.dup.dup.dup.dup.dup.dup.dup.json: ya existe cita #4. skip
[LEAD FAIL] prospecto_20260807.done.done.done.done.done.done.dup.dup.dup.dup.dup.dup.dup.dup.dup.dup.dup.dup.dup.dup.dup.dup.dup.dup.dup.dup.dup.dup.dup.dup.dup.dup.dup.dup.dup.dup.dup.dup.dup.dup.dup.dup.dup.dup.dup.dup.dup.dup.dup.dup.dup.dup.dup.dup.dup.dup.json: [Errno 36] File name too long: '/home/mystic/Documentos/Sonora Digital Corp Nuevo/01_Core_Platform/03_Agentic_Infrastructure/Databases/Aztrotech_Citas/leads/prospecto_20260807.done.done.done.done.done.done.dup.dup.dup.dup.dup.dup.dup.dup.dup.dup.dup.dup.dup.dup.dup.dup.dup.dup.dup.dup.dup.dup.dup.dup.dup.dup.dup.dup.dup.dup.dup.dup.dup.dup.dup.dup.dup.dup.dup.dup.dup.dup.dup.dup.dup.dup.dup.dup.dup.dup.json' -> '/home/mystic/Documentos/Sonora Digital Corp Nuevo/01_Core_Platform/03_Agentic_Infrastructure/Databases/Aztrotech_Citas/leads/prospecto_20260807.done.done.done.done.done.done.dup.dup.dup.dup.dup.dup.dup.dup.dup.dup.dup.dup.dup.dup.dup.dup.dup.dup.dup.dup.dup.dup.dup.dup.dup.dup.dup.dup.dup.dup.dup.dup.dup.dup.dup.dup.dup.dup.dup.dup.dup.dup.dup.dup.dup.dup.dup.dup.dup.dup.dup.json'
[INGEST] 0 leads nuevos, 0 duplicados saltados.
[DUP LEAD] prospecto_20260807.done.done.done.done.done.done.dup.dup.dup.dup.dup.dup.dup.dup.dup.dup.dup.dup.dup.dup.dup.dup.dup.dup.dup.dup.dup.dup.dup.dup.dup.dup.dup.dup.dup.dup.dup.dup.dup.dup.dup.dup.dup.dup.dup.dup.dup.dup.dup.dup.dup.dup.dup.dup.dup.dup.json: ya existe cita #4. skip
[LEAD FAIL] prospecto_20260807.done.done.done.done.done.done.dup.dup.dup.dup.dup.dup.dup.dup.dup.dup.dup.dup.dup.dup.dup.dup.dup.dup.dup.dup.dup.dup.dup.dup.dup.dup.dup.dup.dup.dup.dup.dup.dup.dup.dup.dup.dup.dup.dup.dup.dup.dup.dup.dup.dup.dup.dup.dup.dup.dup.json: [Errno 36] File name too long: '/home/mystic/Documentos/Sonora Digital Corp Nuevo/01_Core_Platform/03_Agentic_Infrastructure/Databases/Aztrotech_Citas/leads/prospecto_20260807.done.done.done.done.done.done.dup.dup.dup.dup.dup.dup.dup.dup.dup.dup.dup.dup.dup.dup.dup.dup.dup.dup.dup.dup.dup.dup.dup.dup.dup.dup.dup.dup.dup.dup.dup.dup.dup.dup.dup.dup.dup.dup.dup.dup.dup.dup.dup.dup.dup.dup.dup.dup.dup.dup.json' -> '/home/mystic/Documentos/Sonora Digital Corp Nuevo/01_Core_Platform/03_Agentic_Infrastructure/Databases/Aztrotech_Citas/leads/prospecto_20260807.done.done.done.done.done.done.dup.dup.dup.dup.dup.dup.dup.dup.dup.dup.dup.dup.dup.dup.dup.dup.dup.dup.dup.dup.dup.dup.dup.dup.dup.dup.dup.dup.dup.dup.dup.dup.dup.dup.dup.dup.dup.dup.dup.dup.dup.dup.dup.dup.dup.dup.dup.dup.dup.dup.dup.json'
[INGEST] 0 leads nuevos, 0 duplicados saltados.
[DUP LEAD] prospecto_20260807.done.done.done.done.done.done.dup.dup.dup.dup.dup.dup.dup.dup.dup.dup.dup.dup.dup.dup.dup.dup.dup.dup.dup.dup.dup.dup.dup.dup.dup.dup.dup.dup.dup.dup.dup.dup.dup.dup.dup.dup.dup.dup.dup.dup.dup.dup.dup.dup.dup.dup.dup.dup.dup.dup.json: ya existe cita #4. skip
[LEAD FAIL] prospecto_20260807.done.done.done.done.done.done.dup.dup.dup.dup.dup.dup.dup.dup.dup.dup.dup.dup.dup.dup.dup.dup.dup.dup.dup.dup.dup.dup.dup.dup.dup.dup.dup.dup.dup.dup.dup.dup.dup.dup.dup.dup.dup.dup.dup.dup.dup.dup.dup.dup.dup.dup.dup.dup.dup.dup.json: [Errno 36] File name too long: '/home/mystic/Documentos/Sonora Digital Corp Nuevo/01_Core_Platform/03_Agentic_Infrastructure/Databases/Aztrotech_Citas/leads/prospecto_20260807.done.done.done.done.done.done.dup.dup.dup.dup.dup.dup.dup.dup.dup.dup.dup.dup.dup.dup.dup.dup.dup.dup.dup.dup.dup.dup.dup.dup.dup.dup.dup.dup.dup.dup.dup.dup.dup.dup.dup.dup.dup.dup.dup.dup.dup.dup.dup.dup.dup.dup.dup.dup.dup.dup.json' -> '/home/mystic/Documentos/Sonora Digital Corp Nuevo/01_Core_Platform/03_Agentic_Infrastructure/Databases/Aztrotech_Citas/leads/prospecto_20260807.done.done.done.done.done.done.dup.dup.dup.dup.dup.dup.dup.dup.dup.dup.dup.dup.dup.dup.dup.dup.dup.dup.dup.dup.dup.dup.dup.dup.dup.dup.dup.dup.dup.dup.dup.dup.dup.dup.dup.dup.dup.dup.dup.dup.dup.dup.dup.dup.dup.dup.dup.dup.dup.dup.dup.json'
[INGEST] 0 leads nuevos, 0 duplicados saltados.
[DUP LEAD] prospecto_20260807.done.done.done.done.done.done.dup.dup.dup.dup.dup.dup.dup.dup.dup.dup.dup.dup.dup.dup.dup.dup.dup.dup.dup.dup.dup.dup.dup.dup.dup.dup.dup.dup.dup.dup.dup.dup.dup.dup.dup.dup.dup.dup.dup.dup.dup.dup.dup.dup.dup.dup.dup.dup.dup.dup.json: ya existe cita #4. skip
[LEAD FAIL] prospecto_20260807.done.done.done.done.done.done.dup.dup.dup.dup.dup.dup.dup.dup.dup.dup.dup.dup.dup.dup.dup.dup.dup.dup.dup.dup.dup.dup.dup.dup.dup.dup.dup.dup.dup.dup.dup.dup.dup.dup.dup.dup.dup.dup.dup.dup.dup.dup.dup.dup.dup.dup.dup.dup.dup.dup.json: [Errno 36] File name too long: '/home/mystic/Documentos/Sonora Digital Corp Nuevo/01_Core_Platform/03_Agentic_Infrastructure/Databases/Aztrotech_Citas/leads/prospecto_20260807.done.done.done.done.done.done.dup.dup.dup.dup.dup.dup.dup.dup.dup.dup.dup.dup.dup.dup.dup.dup.dup.dup.dup.dup.dup.dup.dup.dup.dup.dup.dup.dup.dup.dup.dup.dup.dup.dup.dup.dup.dup.dup.dup.dup.dup.dup.dup.dup.dup.dup.dup.dup.dup.dup.json' -> '/home/mystic/Documentos/Sonora Digital Corp Nuevo/01_Core_Platform/03_Agentic_Infrastructure/Databases/Aztrotech_Citas/leads/prospecto_20260807.done.done.done.done.done.done.dup.dup.dup.dup.dup.dup.dup.dup.dup.dup.dup.dup.dup.dup.dup.dup.dup.dup.dup.dup.dup.dup.dup.dup.dup.dup.dup.dup.dup.dup.dup.dup.dup.dup.dup.dup.dup.dup.dup.dup.dup.dup.dup.dup.dup.dup.dup.dup.dup.dup.dup.json'
[INGEST] 0 leads nuevos, 0 duplicados saltados.
[DUP LEAD] prospecto_20260807.done.done.done.done.done.done.dup.dup.dup.dup.dup.dup.dup.dup.dup.dup.dup.dup.dup.dup.dup.dup.dup.dup.dup.dup.dup.dup.dup.dup.dup.dup.dup.dup.dup.dup.dup.dup.dup.dup.dup.dup.dup.dup.dup.dup.dup.dup.dup.dup.dup.dup.dup.dup.dup.dup.json: ya existe cita #4. skip
[LEAD FAIL] prospecto_20260807.done.done.done.done.done.done.dup.dup.dup.dup.dup.dup.dup.dup.dup.dup.dup.dup.dup.dup.dup.dup.dup.dup.dup.dup.dup.dup.dup.dup.dup.dup.dup.dup.dup.dup.dup.dup.dup.dup.dup.dup.dup.dup.dup.dup.dup.dup.dup.dup.dup.dup.dup.dup.dup.dup.json: [Errno 36] File name too long: '/home/mystic/Documentos/Sonora Digital Corp Nuevo/01_Core_Platform/03_Agentic_Infrastructure/Databases/Aztrotech_Citas/leads/prospecto_20260807.done.done.done.done.done.done.dup.dup.dup.dup.dup.dup.dup.dup.dup.dup.dup.dup.dup.dup.dup.dup.dup.dup.dup.dup.dup.dup.dup.dup.dup.dup.dup.dup.dup.dup.dup.dup.dup.dup.dup.dup.dup.dup.dup.dup.dup.dup.dup.dup.dup.dup.dup.dup.dup.dup.json' -> '/home/mystic/Documentos/Sonora Digital Corp Nuevo/01_Core_Platform/03_Agentic_Infrastructure/Databases/Aztrotech_Citas/leads/prospecto_20260807.done.done.done.done.done.done.dup.dup.dup.dup.dup.dup.dup.dup.dup.dup.dup.dup.dup.dup.dup.dup.dup.dup.dup.dup.dup.dup.dup.dup.dup.dup.dup.dup.dup.dup.dup.dup.dup.dup.dup.dup.dup.dup.dup.dup.dup.dup.dup.dup.dup.dup.dup.dup.dup.dup.dup.json'
[INGEST] 0 leads nuevos, 0 duplicados saltados.
[DUP LEAD] prospecto_20260807.done.done.done.done.done.done.dup.dup.dup.dup.dup.dup.dup.dup.dup.dup.dup.dup.dup.dup.dup.dup.dup.dup.dup.dup.dup.dup.dup.dup.dup.dup.dup.dup.dup.dup.dup.dup.dup.dup.dup.dup.dup.dup.dup.dup.dup.dup.dup.dup.dup.dup.dup.dup.dup.dup.json: ya existe cita #4. skip
[LEAD FAIL] prospecto_20260807.done.done.done.done.done.done.dup.dup.dup.dup.dup.dup.dup.dup.dup.dup.dup.dup.dup.dup.dup.dup.dup.dup.dup.dup.dup.dup.dup.dup.dup.dup.dup.dup.dup.dup.dup.dup.dup.dup.dup.dup.dup.dup.dup.dup.dup.dup.dup.dup.dup.dup.dup.dup.dup.dup.json: [Errno 36] File name too long: '/home/mystic/Documentos/Sonora Digital Corp Nuevo/01_Core_Platform/03_Agentic_Infrastructure/Databases/Aztrotech_Citas/leads/prospecto_20260807.done.done.done.done.done.done.dup.dup.dup.dup.dup.dup.dup.dup.dup.dup.dup.dup.dup.dup.dup.dup.dup.dup.dup.dup.dup.dup.dup.dup.dup.dup.dup.dup.dup.dup.dup.dup.dup.dup.dup.dup.dup.dup.dup.dup.dup.dup.dup.dup.dup.dup.dup.dup.dup.dup.json' -> '/home/mystic/Documentos/Sonora Digital Corp Nuevo/01_Core_Platform/03_Agentic_Infrastructure/Databases/Aztrotech_Citas/leads/prospecto_20260807.done.done.done.done.done.done.dup.dup.dup.dup.dup.dup.dup.dup.dup.dup.dup.dup.dup.dup.dup.dup.dup.dup.dup.dup.dup.dup.dup.dup.dup.dup.dup.dup.dup.dup.dup.dup.dup.dup.dup.dup.dup.dup.dup.dup.dup.dup.dup.dup.dup.dup.dup.dup.dup.dup.dup.json'
[INGEST] 0 leads nuevos, 0 duplicados saltados.
[DUP LEAD] prospecto_20260807.done.done.done.done.done.done.dup.dup.dup.dup.dup.dup.dup.dup.dup.dup.dup.dup.dup.dup.dup.dup.dup.dup.dup.dup.dup.dup.dup.dup.dup.dup.dup.dup.dup.dup.dup.dup.dup.dup.dup.dup.dup.dup.dup.dup.dup.dup.dup.dup.dup.dup.dup.dup.dup.dup.json: ya existe cita #4. skip
[LEAD FAIL] prospecto_20260807.done.done.done.done.done.done.dup.dup.dup.dup.dup.dup.dup.dup.dup.dup.dup.dup.dup.dup.dup.dup.dup.dup.dup.dup.dup.dup.dup.dup.dup.dup.dup.dup.dup.dup.dup.dup.dup.dup.dup.dup.dup.dup.dup.dup.dup.dup.dup.dup.dup.dup.dup.dup.dup.dup.json: [Errno 36] File name too long: '/home/mystic/Documentos/Sonora Digital Corp Nuevo/01_Core_Platform/03_Agentic_Infrastructure/Databases/Aztrotech_Citas/leads/prospecto_20260807.done.done.done.done.done.done.dup.dup.dup.dup.dup.dup.dup.dup.dup.dup.dup.dup.dup.dup.dup.dup.dup.dup.dup.dup.dup.dup.dup.dup.dup.dup.dup.dup.dup.dup.dup.dup.dup.dup.dup.dup.dup.dup.dup.dup.dup.dup.dup.dup.dup.dup.dup.dup.dup.dup.json' -> '/home/mystic/Documentos/Sonora Digital Corp Nuevo/01_Core_Platform/03_Agentic_Infrastructure/Databases/Aztrotech_Citas/leads/prospecto_20260807.done.done.done.done.done.done.dup.dup.dup.dup.dup.dup.dup.dup.dup.dup.dup.dup.dup.dup.dup.dup.dup.dup.dup.dup.dup.dup.dup.dup.dup.dup.dup.dup.dup.dup.dup.dup.dup.dup.dup.dup.dup.dup.dup.dup.dup.dup.dup.dup.dup.dup.dup.dup.dup.dup.dup.json'
[INGEST] 0 leads nuevos, 0 duplicados saltados.
[DUP LEAD] prospecto_20260807.done.done.done.done.done.done.dup.dup.dup.dup.dup.dup.dup.dup.dup.dup.dup.dup.dup.dup.dup.dup.dup.dup.dup.dup.dup.dup.dup.dup.dup.dup.dup.dup.dup.dup.dup.dup.dup.dup.dup.dup.dup.dup.dup.dup.dup.dup.dup.dup.dup.dup.dup.dup.dup.dup.json: ya existe cita #4. skip
[LEAD FAIL] prospecto_20260807.done.done.done.done.done.done.dup.dup.dup.dup.dup.dup.dup.dup.dup.dup.dup.dup.dup.dup.dup.dup.dup.dup.dup.dup.dup.dup.dup.dup.dup.dup.dup.dup.dup.dup.dup.dup.dup.dup.dup.dup.dup.dup.dup.dup.dup.dup.dup.dup.dup.dup.dup.dup.dup.dup.json: [Errno 36] File name too long: '/home/mystic/Documentos/Sonora Digital Corp Nuevo/01_Core_Platform/03_Agentic_Infrastructure/Databases/Aztrotech_Citas/leads/prospecto_20260807.done.done.done.done.done.done.dup.dup.dup.dup.dup.dup.dup.dup.dup.dup.dup.dup.dup.dup.dup.dup.dup.dup.dup.dup.dup.dup.dup.dup.dup.dup.dup.dup.dup.dup.dup.dup.dup.dup.dup.dup.dup.dup.dup.dup.dup.dup.dup.dup.dup.dup.dup.dup.dup.dup.json' -> '/home/mystic/Documentos/Sonora Digital Corp Nuevo/01_Core_Platform/03_Agentic_Infrastructure/Databases/Aztrotech_Citas/leads/prospecto_20260807.done.done.done.done.done.done.dup.dup.dup.dup.dup.dup.dup.dup.dup.dup.dup.dup.dup.dup.dup.dup.dup.dup.dup.dup.dup.dup.dup.dup.dup.dup.dup.dup.dup.dup.dup.dup.dup.dup.dup.dup.dup.dup.dup.dup.dup.dup.dup.dup.dup.dup.dup.dup.dup.dup.dup.json'
[INGEST] 0 leads nuevos, 0 duplicados saltados.
[DUP LEAD] prospecto_20260807.done.done.done.done.done.done.dup.dup.dup.dup.dup.dup.dup.dup.dup.dup.dup.dup.dup.dup.dup.dup.dup.dup.dup.dup.dup.dup.dup.dup.dup.dup.dup.dup.dup.dup.dup.dup.dup.dup.dup.dup.dup.dup.dup.dup.dup.dup.dup.dup.dup.dup.dup.dup.dup.dup.json: ya existe cita #4. skip
[LEAD FAIL] prospecto_20260807.done.done.done.done.done.done.dup.dup.dup.dup.dup.dup.dup.dup.dup.dup.dup.dup.dup.dup.dup.dup.dup.dup.dup.dup.dup.dup.dup.dup.dup.dup.dup.dup.dup.dup.dup.dup.dup.dup.dup.dup.dup.dup.dup.dup.dup.dup.dup.dup.dup.dup.dup.dup.dup.dup.json: [Errno 36] File name too long: '/home/mystic/Documentos/Sonora Digital Corp Nuevo/01_Core_Platform/03_Agentic_Infrastructure/Databases/Aztrotech_Citas/leads/prospecto_20260807.done.done.done.done.done.done.dup.dup.dup.dup.dup.dup.dup.dup.dup.dup.dup.dup.dup.dup.dup.dup.dup.dup.dup.dup.dup.dup.dup.dup.dup.dup.dup.dup.dup.dup.dup.dup.dup.dup.dup.dup.dup.dup.dup.dup.dup.dup.dup.dup.dup.dup.dup.dup.dup.dup.json' -> '/home/mystic/Documentos/Sonora Digital Corp Nuevo/01_Core_Platform/03_Agentic_Infrastructure/Databases/Aztrotech_Citas/leads/prospecto_20260807.done.done.done.done.done.done.dup.dup.dup.dup.dup.dup.dup.dup.dup.dup.dup.dup.dup.dup.dup.dup.dup.dup.dup.dup.dup.dup.dup.dup.dup.dup.dup.dup.dup.dup.dup.dup.dup.dup.dup.dup.dup.dup.dup.dup.dup.dup.dup.dup.dup.dup.dup.dup.dup.dup.dup.json'
[INGEST] 0 leads nuevos, 0 duplicados saltados.
[DUP LEAD] prospecto_20260807.done.done.done.done.done.done.dup.dup.dup.dup.dup.dup.dup.dup.dup.dup.dup.dup.dup.dup.dup.dup.dup.dup.dup.dup.dup.dup.dup.dup.dup.dup.dup.dup.dup.dup.dup.dup.dup.dup.dup.dup.dup.dup.dup.dup.dup.dup.dup.dup.dup.dup.dup.dup.dup.dup.json: ya existe cita #4. skip
[LEAD FAIL] prospecto_20260807.done.done.done.done.done.done.dup.dup.dup.dup.dup.dup.dup.dup.dup.dup.dup.dup.dup.dup.dup.dup.dup.dup.dup.dup.dup.dup.dup.dup.dup.dup.dup.dup.dup.dup.dup.dup.dup.dup.dup.dup.dup.dup.dup.dup.dup.dup.dup.dup.dup.dup.dup.dup.dup.dup.json: [Errno 36] File name too long: '/home/mystic/Documentos/Sonora Digital Corp Nuevo/01_Core_Platform/03_Agentic_Infrastructure/Databases/Aztrotech_Citas/leads/prospecto_20260807.done.done.done.done.done.done.dup.dup.dup.dup.dup.dup.dup.dup.dup.dup.dup.dup.dup.dup.dup.dup.dup.dup.dup.dup.dup.dup.dup.dup.dup.dup.dup.dup.dup.dup.dup.dup.dup.dup.dup.dup.dup.dup.dup.dup.dup.dup.dup.dup.dup.dup.dup.dup.dup.dup.json' -> '/home/mystic/Documentos/Sonora Digital Corp Nuevo/01_Core_Platform/03_Agentic_Infrastructure/Databases/Aztrotech_Citas/leads/prospecto_20260807.done.done.done.done.done.done.dup.dup.dup.dup.dup.dup.dup.dup.dup.dup.dup.dup.dup.dup.dup.dup.dup.dup.dup.dup.dup.dup.dup.dup.dup.dup.dup.dup.dup.dup.dup.dup.dup.dup.dup.dup.dup.dup.dup.dup.dup.dup.dup.dup.dup.dup.dup.dup.dup.dup.dup.json'
[INGEST] 0 leads nuevos, 0 duplicados saltados.
[DUP LEAD] prospecto_20260807.done.done.done.done.done.done.dup.dup.dup.dup.dup.dup.dup.dup.dup.dup.dup.dup.dup.dup.dup.dup.dup.dup.dup.dup.dup.dup.dup.dup.dup.dup.dup.dup.dup.dup.dup.dup.dup.dup.dup.dup.dup.dup.dup.dup.dup.dup.dup.dup.dup.dup.dup.dup.dup.dup.json: ya existe cita #4. skip
[LEAD FAIL] prospecto_20260807.done.done.done.done.done.done.dup.dup.dup.dup.dup.dup.dup.dup.dup.dup.dup.dup.dup.dup.dup.dup.dup.dup.dup.dup.dup.dup.dup.dup.dup.dup.dup.dup.dup.dup.dup.dup.dup.dup.dup.dup.dup.dup.dup.dup.dup.dup.dup.dup.dup.dup.dup.dup.dup.dup.json: [Errno 36] File name too long: '/home/mystic/Documentos/Sonora Digital Corp Nuevo/01_Core_Platform/03_Agentic_Infrastructure/Databases/Aztrotech_Citas/leads/prospecto_20260807.done.done.done.done.done.done.dup.dup.dup.dup.dup.dup.dup.dup.dup.dup.dup.dup.dup.dup.dup.dup.dup.dup.dup.dup.dup.dup.dup.dup.dup.dup.dup.dup.dup.dup.dup.dup.dup.dup.dup.dup.dup.dup.dup.dup.dup.dup.dup.dup.dup.dup.dup.dup.dup.dup.json' -> '/home/mystic/Documentos/Sonora Digital Corp Nuevo/01_Core_Platform/03_Agentic_Infrastructure/Databases/Aztrotech_Citas/leads/prospecto_20260807.done.done.done.done.done.done.dup.dup.dup.dup.dup.dup.dup.dup.dup.dup.dup.dup.dup.dup.dup.dup.dup.dup.dup.dup.dup.dup.dup.dup.dup.dup.dup.dup.dup.dup.dup.dup.dup.dup.dup.dup.dup.dup.dup.dup.dup.dup.dup.dup.dup.dup.dup.dup.dup.dup.dup.json'
[INGEST] 0 leads nuevos, 0 duplicados saltados.
[DUP LEAD] prospecto_20260807.done.done.done.done.done.done.dup.dup.dup.dup.dup.dup.dup.dup.dup.dup.dup.dup.dup.dup.dup.dup.dup.dup.dup.dup.dup.dup.dup.dup.dup.dup.dup.dup.dup.dup.dup.dup.dup.dup.dup.dup.dup.dup.dup.dup.dup.dup.dup.dup.dup.dup.dup.dup.dup.dup.json: ya existe cita #4. skip
[LEAD FAIL] prospecto_20260807.done.done.done.done.done.done.dup.dup.dup.dup.dup.dup.dup.dup.dup.dup.dup.dup.dup.dup.dup.dup.dup.dup.dup.dup.dup.dup.dup.dup.dup.dup.dup.dup.dup.dup.dup.dup.dup.dup.dup.dup.dup.dup.dup.dup.dup.dup.dup.dup.dup.dup.dup.dup.dup.dup.json: [Errno 36] File name too long: '/home/mystic/Documentos/Sonora Digital Corp Nuevo/01_Core_Platform/03_Agentic_Infrastructure/Databases/Aztrotech_Citas/leads/prospecto_20260807.done.done.done.done.done.done.dup.dup.dup.dup.dup.dup.dup.dup.dup.dup.dup.dup.dup.dup.dup.dup.dup.dup.dup.dup.dup.dup.dup.dup.dup.dup.dup.dup.dup.dup.dup.dup.dup.dup.dup.dup.dup.dup.dup.dup.dup.dup.dup.dup.dup.dup.dup.dup.dup.dup.json' -> '/home/mystic/Documentos/Sonora Digital Corp Nuevo/01_Core_Platform/03_Agentic_Infrastructure/Databases/Aztrotech_Citas/leads/prospecto_20260807.done.done.done.done.done.done.dup.dup.dup.dup.dup.dup.dup.dup.dup.dup.dup.dup.dup.dup.dup.dup.dup.dup.dup.dup.dup.dup.dup.dup.dup.dup.dup.dup.dup.dup.dup.dup.dup.dup.dup.dup.dup.dup.dup.dup.dup.dup.dup.dup.dup.dup.dup.dup.dup.dup.dup.json'
[INGEST] 0 leads nuevos, 0 duplicados saltados.
[DUP LEAD] prospecto_20260807.done.done.done.done.done.done.dup.dup.dup.dup.dup.dup.dup.dup.dup.dup.dup.dup.dup.dup.dup.dup.dup.dup.dup.dup.dup.dup.dup.dup.dup.dup.dup.dup.dup.dup.dup.dup.dup.dup.dup.dup.dup.dup.dup.dup.dup.dup.dup.dup.dup.dup.dup.dup.dup.dup.json: ya existe cita #4. skip
[LEAD FAIL] prospecto_20260807.done.done.done.done.done.done.dup.dup.dup.dup.dup.dup.dup.dup.dup.dup.dup.dup.dup.dup.dup.dup.dup.dup.dup.dup.dup.dup.dup.dup.dup.dup.dup.dup.dup.dup.dup.dup.dup.dup.dup.dup.dup.dup.dup.dup.dup.dup.dup.dup.dup.dup.dup.dup.dup.dup.json: [Errno 36] File name too long: '/home/mystic/Documentos/Sonora Digital Corp Nuevo/01_Core_Platform/03_Agentic_Infrastructure/Databases/Aztrotech_Citas/leads/prospecto_20260807.done.done.done.done.done.done.dup.dup.dup.dup.dup.dup.dup.dup.dup.dup.dup.dup.dup.dup.dup.dup.dup.dup.dup.dup.dup.dup.dup.dup.dup.dup.dup.dup.dup.dup.dup.dup.dup.dup.dup.dup.dup.dup.dup.dup.dup.dup.dup.dup.dup.dup.dup.dup.dup.dup.json' -> '/home/mystic/Documentos/Sonora Digital Corp Nuevo/01_Core_Platform/03_Agentic_Infrastructure/Databases/Aztrotech_Citas/leads/prospecto_20260807.done.done.done.done.done.done.dup.dup.dup.dup.dup.dup.dup.dup.dup.dup.dup.dup.dup.dup.dup.dup.dup.dup.dup.dup.dup.dup.dup.dup.dup.dup.dup.dup.dup.dup.dup.dup.dup.dup.dup.dup.dup.dup.dup.dup.dup.dup.dup.dup.dup.dup.dup.dup.dup.dup.dup.json'
[INGEST] 0 leads nuevos, 0 duplicados saltados.
[DUP LEAD] prospecto_20260807.done.done.done.done.done.done.dup.dup.dup.dup.dup.dup.dup.dup.dup.dup.dup.dup.dup.dup.dup.dup.dup.dup.dup.dup.dup.dup.dup.dup.dup.dup.dup.dup.dup.dup.dup.dup.dup.dup.dup.dup.dup.dup.dup.dup.dup.dup.dup.dup.dup.dup.dup.dup.dup.dup.json: ya existe cita #4. skip
[LEAD FAIL] prospecto_20260807.done.done.done.done.done.done.dup.dup.dup.dup.dup.dup.dup.dup.dup.dup.dup.dup.dup.dup.dup.dup.dup.dup.dup.dup.dup.dup.dup.dup.dup.dup.dup.dup.dup.dup.dup.dup.dup.dup.dup.dup.dup.dup.dup.dup.dup.dup.dup.dup.dup.dup.dup.dup.dup.dup.json: [Errno 36] File name too long: '/home/mystic/Documentos/Sonora Digital Corp Nuevo/01_Core_Platform/03_Agentic_Infrastructure/Databases/Aztrotech_Citas/leads/prospecto_20260807.done.done.done.done.done.done.dup.dup.dup.dup.dup.dup.dup.dup.dup.dup.dup.dup.dup.dup.dup.dup.dup.dup.dup.dup.dup.dup.dup.dup.dup.dup.dup.dup.dup.dup.dup.dup.dup.dup.dup.dup.dup.dup.dup.dup.dup.dup.dup.dup.dup.dup.dup.dup.dup.dup.json' -> '/home/mystic/Documentos/Sonora Digital Corp Nuevo/01_Core_Platform/03_Agentic_Infrastructure/Databases/Aztrotech_Citas/leads/prospecto_20260807.done.done.done.done.done.done.dup.dup.dup.dup.dup.dup.dup.dup.dup.dup.dup.dup.dup.dup.dup.dup.dup.dup.dup.dup.dup.dup.dup.dup.dup.dup.dup.dup.dup.dup.dup.dup.dup.dup.dup.dup.dup.dup.dup.dup.dup.dup.dup.dup.dup.dup.dup.dup.dup.dup.dup.json'
[INGEST] 0 leads nuevos, 0 duplicados saltados.
[DUP LEAD] prospecto_20260807.done.done.done.done.done.done.dup.dup.dup.dup.dup.dup.dup.dup.dup.dup.dup.dup.dup.dup.dup.dup.dup.dup.dup.dup.dup.dup.dup.dup.dup.dup.dup.dup.dup.dup.dup.dup.dup.dup.dup.dup.dup.dup.dup.dup.dup.dup.dup.dup.dup.dup.dup.dup.dup.dup.json: ya existe cita #4. skip
[LEAD FAIL] prospecto_20260807.done.done.done.done.done.done.dup.dup.dup.dup.dup.dup.dup.dup.dup.dup.dup.dup.dup.dup.dup.dup.dup.dup.dup.dup.dup.dup.dup.dup.dup.dup.dup.dup.dup.dup.dup.dup.dup.dup.dup.dup.dup.dup.dup.dup.dup.dup.dup.dup.dup.dup.dup.dup.dup.dup.json: [Errno 36] File name too long: '/home/mystic/Documentos/Sonora Digital Corp Nuevo/01_Core_Platform/03_Agentic_Infrastructure/Databases/Aztrotech_Citas/leads/prospecto_20260807.done.done.done.done.done.done.dup.dup.dup.dup.dup.dup.dup.dup.dup.dup.dup.dup.dup.dup.dup.dup.dup.dup.dup.dup.dup.dup.dup.dup.dup.dup.dup.dup.dup.dup.dup.dup.dup.dup.dup.dup.dup.dup.dup.dup.dup.dup.dup.dup.dup.dup.dup.dup.dup.dup.json' -> '/home/mystic/Documentos/Sonora Digital Corp Nuevo/01_Core_Platform/03_Agentic_Infrastructure/Databases/Aztrotech_Citas/leads/prospecto_20260807.done.done.done.done.done.done.dup.dup.dup.dup.dup.dup.dup.dup.dup.dup.dup.dup.dup.dup.dup.dup.dup.dup.dup.dup.dup.dup.dup.dup.dup.dup.dup.dup.dup.dup.dup.dup.dup.dup.dup.dup.dup.dup.dup.dup.dup.dup.dup.dup.dup.dup.dup.dup.dup.dup.dup.json'
[INGEST] 0 leads nuevos, 0 duplicados saltados.
[DUP LEAD] prospecto_20260807.done.done.done.done.done.done.dup.dup.dup.dup.dup.dup.dup.dup.dup.dup.dup.dup.dup.dup.dup.dup.dup.dup.dup.dup.dup.dup.dup.dup.dup.dup.dup.dup.dup.dup.dup.dup.dup.dup.dup.dup.dup.dup.dup.dup.dup.dup.dup.dup.dup.dup.dup.dup.dup.dup.json: ya existe cita #4. skip
[LEAD FAIL] prospecto_20260807.done.done.done.done.done.done.dup.dup.dup.dup.dup.dup.dup.dup.dup.dup.dup.dup.dup.dup.dup.dup.dup.dup.dup.dup.dup.dup.dup.dup.dup.dup.dup.dup.dup.dup.dup.dup.dup.dup.dup.dup.dup.dup.dup.dup.dup.dup.dup.dup.dup.dup.dup.dup.dup.dup.json: [Errno 36] File name too long: '/home/mystic/Documentos/Sonora Digital Corp Nuevo/01_Core_Platform/03_Agentic_Infrastructure/Databases/Aztrotech_Citas/leads/prospecto_20260807.done.done.done.done.done.done.dup.dup.dup.dup.dup.dup.dup.dup.dup.dup.dup.dup.dup.dup.dup.dup.dup.dup.dup.dup.dup.dup.dup.dup.dup.dup.dup.dup.dup.dup.dup.dup.dup.dup.dup.dup.dup.dup.dup.dup.dup.dup.dup.dup.dup.dup.dup.dup.dup.dup.json' -> '/home/mystic/Documentos/Sonora Digital Corp Nuevo/01_Core_Platform/03_Agentic_Infrastructure/Databases/Aztrotech_Citas/leads/prospecto_20260807.done.done.done.done.done.done.dup.dup.dup.dup.dup.dup.dup.dup.dup.dup.dup.dup.dup.dup.dup.dup.dup.dup.dup.dup.dup.dup.dup.dup.dup.dup.dup.dup.dup.dup.dup.dup.dup.dup.dup.dup.dup.dup.dup.dup.dup.dup.dup.dup.dup.dup.dup.dup.dup.dup.dup.json'
[INGEST] 0 leads nuevos, 0 duplicados saltados.
[DUP LEAD] prospecto_20260807.done.done.done.done.done.done.dup.dup.dup.dup.dup.dup.dup.dup.dup.dup.dup.dup.dup.dup.dup.dup.dup.dup.dup.dup.dup.dup.dup.dup.dup.dup.dup.dup.dup.dup.dup.dup.dup.dup.dup.dup.dup.dup.dup.dup.dup.dup.dup.dup.dup.dup.dup.dup.dup.dup.json: ya existe cita #4. skip
[LEAD FAIL] prospecto_20260807.done.done.done.done.done.done.dup.dup.dup.dup.dup.dup.dup.dup.dup.dup.dup.dup.dup.dup.dup.dup.dup.dup.dup.dup.dup.dup.dup.dup.dup.dup.dup.dup.dup.dup.dup.dup.dup.dup.dup.dup.dup.dup.dup.dup.dup.dup.dup.dup.dup.dup.dup.dup.dup.dup.json: [Errno 36] File name too long: '/home/mystic/Documentos/Sonora Digital Corp Nuevo/01_Core_Platform/03_Agentic_Infrastructure/Databases/Aztrotech_Citas/leads/prospecto_20260807.done.done.done.done.done.done.dup.dup.dup.dup.dup.dup.dup.dup.dup.dup.dup.dup.dup.dup.dup.dup.dup.dup.dup.dup.dup.dup.dup.dup.dup.dup.dup.dup.dup.dup.dup.dup.dup.dup.dup.dup.dup.dup.dup.dup.dup.dup.dup.dup.dup.dup.dup.dup.dup.dup.json' -> '/home/mystic/Documentos/Sonora Digital Corp Nuevo/01_Core_Platform/03_Agentic_Infrastructure/Databases/Aztrotech_Citas/leads/prospecto_20260807.done.done.done.done.done.done.dup.dup.dup.dup.dup.dup.dup.dup.dup.dup.dup.dup.dup.dup.dup.dup.dup.dup.dup.dup.dup.dup.dup.dup.dup.dup.dup.dup.dup.dup.dup.dup.dup.dup.dup.dup.dup.dup.dup.dup.dup.dup.dup.dup.dup.dup.dup.dup.dup.dup.dup.json'
[INGEST] 0 leads nuevos, 0 duplicados saltados.
[DUP LEAD] prospecto_20260807.done.done.done.done.done.done.dup.dup.dup.dup.dup.dup.dup.dup.dup.dup.dup.dup.dup.dup.dup.dup.dup.dup.dup.dup.dup.dup.dup.dup.dup.dup.dup.dup.dup.dup.dup.dup.dup.dup.dup.dup.dup.dup.dup.dup.dup.dup.dup.dup.dup.dup.dup.dup.dup.dup.json: ya existe cita #4. skip
[LEAD FAIL] prospecto_20260807.done.done.done.done.done.done.dup.dup.dup.dup.dup.dup.dup.dup.dup.dup.dup.dup.dup.dup.dup.dup.dup.dup.dup.dup.dup.dup.dup.dup.dup.dup.dup.dup.dup.dup.dup.dup.dup.dup.dup.dup.dup.dup.dup.dup.dup.dup.dup.dup.dup.dup.dup.dup.dup.dup.json: [Errno 36] File name too long: '/home/mystic/Documentos/Sonora Digital Corp Nuevo/01_Core_Platform/03_Agentic_Infrastructure/Databases/Aztrotech_Citas/leads/prospecto_20260807.done.done.done.done.done.done.dup.dup.dup.dup.dup.dup.dup.dup.dup.dup.dup.dup.dup.dup.dup.dup.dup.dup.dup.dup.dup.dup.dup.dup.dup.dup.dup.dup.dup.dup.dup.dup.dup.dup.dup.dup.dup.dup.dup.dup.dup.dup.dup.dup.dup.dup.dup.dup.dup.dup.json' -> '/home/mystic/Documentos/Sonora Digital Corp Nuevo/01_Core_Platform/03_Agentic_Infrastructure/Databases/Aztrotech_Citas/leads/prospecto_20260807.done.done.done.done.done.done.dup.dup.dup.dup.dup.dup.dup.dup.dup.dup.dup.dup.dup.dup.dup.dup.dup.dup.dup.dup.dup.dup.dup.dup.dup.dup.dup.dup.dup.dup.dup.dup.dup.dup.dup.dup.dup.dup.dup.dup.dup.dup.dup.dup.dup.dup.dup.dup.dup.dup.dup.json'
[INGEST] 0 leads nuevos, 0 duplicados saltados.
[DUP LEAD] prospecto_20260807.done.done.done.done.done.done.dup.dup.dup.dup.dup.dup.dup.dup.dup.dup.dup.dup.dup.dup.dup.dup.dup.dup.dup.dup.dup.dup.dup.dup.dup.dup.dup.dup.dup.dup.dup.dup.dup.dup.dup.dup.dup.dup.dup.dup.dup.dup.dup.dup.dup.dup.dup.dup.dup.dup.json: ya existe cita #4. skip
[LEAD FAIL] prospecto_20260807.done.done.done.done.done.done.dup.dup.dup.dup.dup.dup.dup.dup.dup.dup.dup.dup.dup.dup.dup.dup.dup.dup.dup.dup.dup.dup.dup.dup.dup.dup.dup.dup.dup.dup.dup.dup.dup.dup.dup.dup.dup.dup.dup.dup.dup.dup.dup.dup.dup.dup.dup.dup.dup.dup.json: [Errno 36] File name too long: '/home/mystic/Documentos/Sonora Digital Corp Nuevo/01_Core_Platform/03_Agentic_Infrastructure/Databases/Aztrotech_Citas/leads/prospecto_20260807.done.done.done.done.done.done.dup.dup.dup.dup.dup.dup.dup.dup.dup.dup.dup.dup.dup.dup.dup.dup.dup.dup.dup.dup.dup.dup.dup.dup.dup.dup.dup.dup.dup.dup.dup.dup.dup.dup.dup.dup.dup.dup.dup.dup.dup.dup.dup.dup.dup.dup.dup.dup.dup.dup.json' -> '/home/mystic/Documentos/Sonora Digital Corp Nuevo/01_Core_Platform/03_Agentic_Infrastructure/Databases/Aztrotech_Citas/leads/prospecto_20260807.done.done.done.done.done.done.dup.dup.dup.dup.dup.dup.dup.dup.dup.dup.dup.dup.dup.dup.dup.dup.dup.dup.dup.dup.dup.dup.dup.dup.dup.dup.dup.dup.dup.dup.dup.dup.dup.dup.dup.dup.dup.dup.dup.dup.dup.dup.dup.dup.dup.dup.dup.dup.dup.dup.dup.json'
[INGEST] 0 leads nuevos, 0 duplicados saltados.
[DUP LEAD] prospecto_20260807.done.done.done.done.done.done.dup.dup.dup.dup.dup.dup.dup.dup.dup.dup.dup.dup.dup.dup.dup.dup.dup.dup.dup.dup.dup.dup.dup.dup.dup.dup.dup.dup.dup.dup.dup.dup.dup.dup.dup.dup.dup.dup.dup.dup.dup.dup.dup.dup.dup.dup.dup.dup.dup.dup.json: ya existe cita #4. skip
[LEAD FAIL] prospecto_20260807.done.done.done.done.done.done.dup.dup.dup.dup.dup.dup.dup.dup.dup.dup.dup.dup.dup.dup.dup.dup.dup.dup.dup.dup.dup.dup.dup.dup.dup.dup.dup.dup.dup.dup.dup.dup.dup.dup.dup.dup.dup.dup.dup.dup.dup.dup.dup.dup.dup.dup.dup.dup.dup.dup.json: [Errno 36] File name too long: '/home/mystic/Documentos/Sonora Digital Corp Nuevo/01_Core_Platform/03_Agentic_Infrastructure/Databases/Aztrotech_Citas/leads/prospecto_20260807.done.done.done.done.done.done.dup.dup.dup.dup.dup.dup.dup.dup.dup.dup.dup.dup.dup.dup.dup.dup.dup.dup.dup.dup.dup.dup.dup.dup.dup.dup.dup.dup.dup.dup.dup.dup.dup.dup.dup.dup.dup.dup.dup.dup.dup.dup.dup.dup.dup.dup.dup.dup.dup.dup.json' -> '/home/mystic/Documentos/Sonora Digital Corp Nuevo/01_Core_Platform/03_Agentic_Infrastructure/Databases/Aztrotech_Citas/leads/prospecto_20260807.done.done.done.done.done.done.dup.dup.dup.dup.dup.dup.dup.dup.dup.dup.dup.dup.dup.dup.dup.dup.dup.dup.dup.dup.dup.dup.dup.dup.dup.dup.dup.dup.dup.dup.dup.dup.dup.dup.dup.dup.dup.dup.dup.dup.dup.dup.dup.dup.dup.dup.dup.dup.dup.dup.dup.json'
[INGEST] 0 leads nuevos, 0 duplicados saltados.
[DUP LEAD] prospecto_20260807.done.done.done.done.done.done.dup.dup.dup.dup.dup.dup.dup.dup.dup.dup.dup.dup.dup.dup.dup.dup.dup.dup.dup.dup.dup.dup.dup.dup.dup.dup.dup.dup.dup.dup.dup.dup.dup.dup.dup.dup.dup.dup.dup.dup.dup.dup.dup.dup.dup.dup.dup.dup.dup.dup.json: ya existe cita #4. skip
[LEAD FAIL] prospecto_20260807.done.done.done.done.done.done.dup.dup.dup.dup.dup.dup.dup.dup.dup.dup.dup.dup.dup.dup.dup.dup.dup.dup.dup.dup.dup.dup.dup.dup.dup.dup.dup.dup.dup.dup.dup.dup.dup.dup.dup.dup.dup.dup.dup.dup.dup.dup.dup.dup.dup.dup.dup.dup.dup.dup.json: [Errno 36] File name too long: '/home/mystic/Documentos/Sonora Digital Corp Nuevo/01_Core_Platform/03_Agentic_Infrastructure/Databases/Aztrotech_Citas/leads/prospecto_20260807.done.done.done.done.done.done.dup.dup.dup.dup.dup.dup.dup.dup.dup.dup.dup.dup.dup.dup.dup.dup.dup.dup.dup.dup.dup.dup.dup.dup.dup.dup.dup.dup.dup.dup.dup.dup.dup.dup.dup.dup.dup.dup.dup.dup.dup.dup.dup.dup.dup.dup.dup.dup.dup.dup.json' -> '/home/mystic/Documentos/Sonora Digital Corp Nuevo/01_Core_Platform/03_Agentic_Infrastructure/Databases/Aztrotech_Citas/leads/prospecto_20260807.done.done.done.done.done.done.dup.dup.dup.dup.dup.dup.dup.dup.dup.dup.dup.dup.dup.dup.dup.dup.dup.dup.dup.dup.dup.dup.dup.dup.dup.dup.dup.dup.dup.dup.dup.dup.dup.dup.dup.dup.dup.dup.dup.dup.dup.dup.dup.dup.dup.dup.dup.dup.dup.dup.dup.json'
[INGEST] 0 leads nuevos, 0 duplicados saltados.
[DUP LEAD] prospecto_20260807.done.done.done.done.done.done.dup.dup.dup.dup.dup.dup.dup.dup.dup.dup.dup.dup.dup.dup.dup.dup.dup.dup.dup.dup.dup.dup.dup.dup.dup.dup.dup.dup.dup.dup.dup.dup.dup.dup.dup.dup.dup.dup.dup.dup.dup.dup.dup.dup.dup.dup.dup.dup.dup.dup.json: ya existe cita #4. skip
[LEAD FAIL] prospecto_20260807.done.done.done.done.done.done.dup.dup.dup.dup.dup.dup.dup.dup.dup.dup.dup.dup.dup.dup.dup.dup.dup.dup.dup.dup.dup.dup.dup.dup.dup.dup.dup.dup.dup.dup.dup.dup.dup.dup.dup.dup.dup.dup.dup.dup.dup.dup.dup.dup.dup.dup.dup.dup.dup.dup.json: [Errno 36] File name too long: '/home/mystic/Documentos/Sonora Digital Corp Nuevo/01_Core_Platform/03_Agentic_Infrastructure/Databases/Aztrotech_Citas/leads/prospecto_20260807.done.done.done.done.done.done.dup.dup.dup.dup.dup.dup.dup.dup.dup.dup.dup.dup.dup.dup.dup.dup.dup.dup.dup.dup.dup.dup.dup.dup.dup.dup.dup.dup.dup.dup.dup.dup.dup.dup.dup.dup.dup.dup.dup.dup.dup.dup.dup.dup.dup.dup.dup.dup.dup.dup.json' -> '/home/mystic/Documentos/Sonora Digital Corp Nuevo/01_Core_Platform/03_Agentic_Infrastructure/Databases/Aztrotech_Citas/leads/prospecto_20260807.done.done.done.done.done.done.dup.dup.dup.dup.dup.dup.dup.dup.dup.dup.dup.dup.dup.dup.dup.dup.dup.dup.dup.dup.dup.dup.dup.dup.dup.dup.dup.dup.dup.dup.dup.dup.dup.dup.dup.dup.dup.dup.dup.dup.dup.dup.dup.dup.dup.dup.dup.dup.dup.dup.dup.json'
[INGEST] 0 leads nuevos, 0 duplicados saltados.
[DUP LEAD] prospecto_20260807.done.done.done.done.done.done.dup.dup.dup.dup.dup.dup.dup.dup.dup.dup.dup.dup.dup.dup.dup.dup.dup.dup.dup.dup.dup.dup.dup.dup.dup.dup.dup.dup.dup.dup.dup.dup.dup.dup.dup.dup.dup.dup.dup.dup.dup.dup.dup.dup.dup.dup.dup.dup.dup.dup.json: ya existe cita #4. skip
[LEAD FAIL] prospecto_20260807.done.done.done.done.done.done.dup.dup.dup.dup.dup.dup.dup.dup.dup.dup.dup.dup.dup.dup.dup.dup.dup.dup.dup.dup.dup.dup.dup.dup.dup.dup.dup.dup.dup.dup.dup.dup.dup.dup.dup.dup.dup.dup.dup.dup.dup.dup.dup.dup.dup.dup.dup.dup.dup.dup.json: [Errno 36] File name too long: '/home/mystic/Documentos/Sonora Digital Corp Nuevo/01_Core_Platform/03_Agentic_Infrastructure/Databases/Aztrotech_Citas/leads/prospecto_20260807.done.done.done.done.done.done.dup.dup.dup.dup.dup.dup.dup.dup.dup.dup.dup.dup.dup.dup.dup.dup.dup.dup.dup.dup.dup.dup.dup.dup.dup.dup.dup.dup.dup.dup.dup.dup.dup.dup.dup.dup.dup.dup.dup.dup.dup.dup.dup.dup.dup.dup.dup.dup.dup.dup.json' -> '/home/mystic/Documentos/Sonora Digital Corp Nuevo/01_Core_Platform/03_Agentic_Infrastructure/Databases/Aztrotech_Citas/leads/prospecto_20260807.done.done.done.done.done.done.dup.dup.dup.dup.dup.dup.dup.dup.dup.dup.dup.dup.dup.dup.dup.dup.dup.dup.dup.dup.dup.dup.dup.dup.dup.dup.dup.dup.dup.dup.dup.dup.dup.dup.dup.dup.dup.dup.dup.dup.dup.dup.dup.dup.dup.dup.dup.dup.dup.dup.dup.json'
[INGEST] 0 leads nuevos, 0 duplicados saltados.
[DUP LEAD] prospecto_20260807.done.done.done.done.done.done.dup.dup.dup.dup.dup.dup.dup.dup.dup.dup.dup.dup.dup.dup.dup.dup.dup.dup.dup.dup.dup.dup.dup.dup.dup.dup.dup.dup.dup.dup.dup.dup.dup.dup.dup.dup.dup.dup.dup.dup.dup.dup.dup.dup.dup.dup.dup.dup.dup.dup.json: ya existe cita #4. skip
[LEAD FAIL] prospecto_20260807.done.done.done.done.done.done.dup.dup.dup.dup.dup.dup.dup.dup.dup.dup.dup.dup.dup.dup.dup.dup.dup.dup.dup.dup.dup.dup.dup.dup.dup.dup.dup.dup.dup.dup.dup.dup.dup.dup.dup.dup.dup.dup.dup.dup.dup.dup.dup.dup.dup.dup.dup.dup.dup.dup.json: [Errno 36] File name too long: '/home/mystic/Documentos/Sonora Digital Corp Nuevo/01_Core_Platform/03_Agentic_Infrastructure/Databases/Aztrotech_Citas/leads/prospecto_20260807.done.done.done.done.done.done.dup.dup.dup.dup.dup.dup.dup.dup.dup.dup.dup.dup.dup.dup.dup.dup.dup.dup.dup.dup.dup.dup.dup.dup.dup.dup.dup.dup.dup.dup.dup.dup.dup.dup.dup.dup.dup.dup.dup.dup.dup.dup.dup.dup.dup.dup.dup.dup.dup.dup.json' -> '/home/mystic/Documentos/Sonora Digital Corp Nuevo/01_Core_Platform/03_Agentic_Infrastructure/Databases/Aztrotech_Citas/leads/prospecto_20260807.done.done.done.done.done.done.dup.dup.dup.dup.dup.dup.dup.dup.dup.dup.dup.dup.dup.dup.dup.dup.dup.dup.dup.dup.dup.dup.dup.dup.dup.dup.dup.dup.dup.dup.dup.dup.dup.dup.dup.dup.dup.dup.dup.dup.dup.dup.dup.dup.dup.dup.dup.dup.dup.dup.dup.json'
[INGEST] 0 leads nuevos, 0 duplicados saltados.
[DUP LEAD] prospecto_20260807.done.done.done.done.done.done.dup.dup.dup.dup.dup.dup.dup.dup.dup.dup.dup.dup.dup.dup.dup.dup.dup.dup.dup.dup.dup.dup.dup.dup.dup.dup.dup.dup.dup.dup.dup.dup.dup.dup.dup.dup.dup.dup.dup.dup.dup.dup.dup.dup.dup.dup.dup.dup.dup.dup.json: ya existe cita #4. skip
[LEAD FAIL] prospecto_20260807.done.done.done.done.done.done.dup.dup.dup.dup.dup.dup.dup.dup.dup.dup.dup.dup.dup.dup.dup.dup.dup.dup.dup.dup.dup.dup.dup.dup.dup.dup.dup.dup.dup.dup.dup.dup.dup.dup.dup.dup.dup.dup.dup.dup.dup.dup.dup.dup.dup.dup.dup.dup.dup.dup.json: [Errno 36] File name too long: '/home/mystic/Documentos/Sonora Digital Corp Nuevo/01_Core_Platform/03_Agentic_Infrastructure/Databases/Aztrotech_Citas/leads/prospecto_20260807.done.done.done.done.done.done.dup.dup.dup.dup.dup.dup.dup.dup.dup.dup.dup.dup.dup.dup.dup.dup.dup.dup.dup.dup.dup.dup.dup.dup.dup.dup.dup.dup.dup.dup.dup.dup.dup.dup.dup.dup.dup.dup.dup.dup.dup.dup.dup.dup.dup.dup.dup.dup.dup.dup.json' -> '/home/mystic/Documentos/Sonora Digital Corp Nuevo/01_Core_Platform/03_Agentic_Infrastructure/Databases/Aztrotech_Citas/leads/prospecto_20260807.done.done.done.done.done.done.dup.dup.dup.dup.dup.dup.dup.dup.dup.dup.dup.dup.dup.dup.dup.dup.dup.dup.dup.dup.dup.dup.dup.dup.dup.dup.dup.dup.dup.dup.dup.dup.dup.dup.dup.dup.dup.dup.dup.dup.dup.dup.dup.dup.dup.dup.dup.dup.dup.dup.dup.json'
[INGEST] 0 leads nuevos, 0 duplicados saltados.
[DUP LEAD] prospecto_20260807.done.done.done.done.done.done.dup.dup.dup.dup.dup.dup.dup.dup.dup.dup.dup.dup.dup.dup.dup.dup.dup.dup.dup.dup.dup.dup.dup.dup.dup.dup.dup.dup.dup.dup.dup.dup.dup.dup.dup.dup.dup.dup.dup.dup.dup.dup.dup.dup.dup.dup.dup.dup.dup.dup.json: ya existe cita #4. skip
[LEAD FAIL] prospecto_20260807.done.done.done.done.done.done.dup.dup.dup.dup.dup.dup.dup.dup.dup.dup.dup.dup.dup.dup.dup.dup.dup.dup.dup.dup.dup.dup.dup.dup.dup.dup.dup.dup.dup.dup.dup.dup.dup.dup.dup.dup.dup.dup.dup.dup.dup.dup.dup.dup.dup.dup.dup.dup.dup.dup.json: [Errno 36] File name too long: '/home/mystic/Documentos/Sonora Digital Corp Nuevo/01_Core_Platform/03_Agentic_Infrastructure/Databases/Aztrotech_Citas/leads/prospecto_20260807.done.done.done.done.done.done.dup.dup.dup.dup.dup.dup.dup.dup.dup.dup.dup.dup.dup.dup.dup.dup.dup.dup.dup.dup.dup.dup.dup.dup.dup.dup.dup.dup.dup.dup.dup.dup.dup.dup.dup.dup.dup.dup.dup.dup.dup.dup.dup.dup.dup.dup.dup.dup.dup.dup.json' -> '/home/mystic/Documentos/Sonora Digital Corp Nuevo/01_Core_Platform/03_Agentic_Infrastructure/Databases/Aztrotech_Citas/leads/prospecto_20260807.done.done.done.done.done.done.dup.dup.dup.dup.dup.dup.dup.dup.dup.dup.dup.dup.dup.dup.dup.dup.dup.dup.dup.dup.dup.dup.dup.dup.dup.dup.dup.dup.dup.dup.dup.dup.dup.dup.dup.dup.dup.dup.dup.dup.dup.dup.dup.dup.dup.dup.dup.dup.dup.dup.dup.json'
[INGEST] 0 leads nuevos, 0 duplicados saltados.
[DUP LEAD] prospecto_20260807.done.done.done.done.done.done.dup.dup.dup.dup.dup.dup.dup.dup.dup.dup.dup.dup.dup.dup.dup.dup.dup.dup.dup.dup.dup.dup.dup.dup.dup.dup.dup.dup.dup.dup.dup.dup.dup.dup.dup.dup.dup.dup.dup.dup.dup.dup.dup.dup.dup.dup.dup.dup.dup.dup.json: ya existe cita #4. skip
[LEAD FAIL] prospecto_20260807.done.done.done.done.done.done.dup.dup.dup.dup.dup.dup.dup.dup.dup.dup.dup.dup.dup.dup.dup.dup.dup.dup.dup.dup.dup.dup.dup.dup.dup.dup.dup.dup.dup.dup.dup.dup.dup.dup.dup.dup.dup.dup.dup.dup.dup.dup.dup.dup.dup.dup.dup.dup.dup.dup.json: [Errno 36] File name too long: '/home/mystic/Documentos/Sonora Digital Corp Nuevo/01_Core_Platform/03_Agentic_Infrastructure/Databases/Aztrotech_Citas/leads/prospecto_20260807.done.done.done.done.done.done.dup.dup.dup.dup.dup.dup.dup.dup.dup.dup.dup.dup.dup.dup.dup.dup.dup.dup.dup.dup.dup.dup.dup.dup.dup.dup.dup.dup.dup.dup.dup.dup.dup.dup.dup.dup.dup.dup.dup.dup.dup.dup.dup.dup.dup.dup.dup.dup.dup.dup.json' -> '/home/mystic/Documentos/Sonora Digital Corp Nuevo/01_Core_Platform/03_Agentic_Infrastructure/Databases/Aztrotech_Citas/leads/prospecto_20260807.done.done.done.done.done.done.dup.dup.dup.dup.dup.dup.dup.dup.dup.dup.dup.dup.dup.dup.dup.dup.dup.dup.dup.dup.dup.dup.dup.dup.dup.dup.dup.dup.dup.dup.dup.dup.dup.dup.dup.dup.dup.dup.dup.dup.dup.dup.dup.dup.dup.dup.dup.dup.dup.dup.dup.json'
[INGEST] 0 leads nuevos, 0 duplicados saltados.
[DUP LEAD] prospecto_20260807.done.done.done.done.done.done.dup.dup.dup.dup.dup.dup.dup.dup.dup.dup.dup.dup.dup.dup.dup.dup.dup.dup.dup.dup.dup.dup.dup.dup.dup.dup.dup.dup.dup.dup.dup.dup.dup.dup.dup.dup.dup.dup.dup.dup.dup.dup.dup.dup.dup.dup.dup.dup.dup.dup.json: ya existe cita #4. skip
[LEAD FAIL] prospecto_20260807.done.done.done.done.done.done.dup.dup.dup.dup.dup.dup.dup.dup.dup.dup.dup.dup.dup.dup.dup.dup.dup.dup.dup.dup.dup.dup.dup.dup.dup.dup.dup.dup.dup.dup.dup.dup.dup.dup.dup.dup.dup.dup.dup.dup.dup.dup.dup.dup.dup.dup.dup.dup.dup.dup.json: [Errno 36] File name too long: '/home/mystic/Documentos/Sonora Digital Corp Nuevo/01_Core_Platform/03_Agentic_Infrastructure/Databases/Aztrotech_Citas/leads/prospecto_20260807.done.done.done.done.done.done.dup.dup.dup.dup.dup.dup.dup.dup.dup.dup.dup.dup.dup.dup.dup.dup.dup.dup.dup.dup.dup.dup.dup.dup.dup.dup.dup.dup.dup.dup.dup.dup.dup.dup.dup.dup.dup.dup.dup.dup.dup.dup.dup.dup.dup.dup.dup.dup.dup.dup.json' -> '/home/mystic/Documentos/Sonora Digital Corp Nuevo/01_Core_Platform/03_Agentic_Infrastructure/Databases/Aztrotech_Citas/leads/prospecto_20260807.done.done.done.done.done.done.dup.dup.dup.dup.dup.dup.dup.dup.dup.dup.dup.dup.dup.dup.dup.dup.dup.dup.dup.dup.dup.dup.dup.dup.dup.dup.dup.dup.dup.dup.dup.dup.dup.dup.dup.dup.dup.dup.dup.dup.dup.dup.dup.dup.dup.dup.dup.dup.dup.dup.dup.json'
[INGEST] 0 leads nuevos, 0 duplicados saltados.
[DUP LEAD] prospecto_20260807.done.done.done.done.done.done.dup.dup.dup.dup.dup.dup.dup.dup.dup.dup.dup.dup.dup.dup.dup.dup.dup.dup.dup.dup.dup.dup.dup.dup.dup.dup.dup.dup.dup.dup.dup.dup.dup.dup.dup.dup.dup.dup.dup.dup.dup.dup.dup.dup.dup.dup.dup.dup.dup.dup.json: ya existe cita #4. skip
[LEAD FAIL] prospecto_20260807.done.done.done.done.done.done.dup.dup.dup.dup.dup.dup.dup.dup.dup.dup.dup.dup.dup.dup.dup.dup.dup.dup.dup.dup.dup.dup.dup.dup.dup.dup.dup.dup.dup.dup.dup.dup.dup.dup.dup.dup.dup.dup.dup.dup.dup.dup.dup.dup.dup.dup.dup.dup.dup.dup.json: [Errno 36] File name too long: '/home/mystic/Documentos/Sonora Digital Corp Nuevo/01_Core_Platform/03_Agentic_Infrastructure/Databases/Aztrotech_Citas/leads/prospecto_20260807.done.done.done.done.done.done.dup.dup.dup.dup.dup.dup.dup.dup.dup.dup.dup.dup.dup.dup.dup.dup.dup.dup.dup.dup.dup.dup.dup.dup.dup.dup.dup.dup.dup.dup.dup.dup.dup.dup.dup.dup.dup.dup.dup.dup.dup.dup.dup.dup.dup.dup.dup.dup.dup.dup.json' -> '/home/mystic/Documentos/Sonora Digital Corp Nuevo/01_Core_Platform/03_Agentic_Infrastructure/Databases/Aztrotech_Citas/leads/prospecto_20260807.done.done.done.done.done.done.dup.dup.dup.dup.dup.dup.dup.dup.dup.dup.dup.dup.dup.dup.dup.dup.dup.dup.dup.dup.dup.dup.dup.dup.dup.dup.dup.dup.dup.dup.dup.dup.dup.dup.dup.dup.dup.dup.dup.dup.dup.dup.dup.dup.dup.dup.dup.dup.dup.dup.dup.json'
[INGEST] 0 leads nuevos, 0 duplicados saltados.
[DUP LEAD] prospecto_20260807.done.done.done.done.done.done.dup.dup.dup.dup.dup.dup.dup.dup.dup.dup.dup.dup.dup.dup.dup.dup.dup.dup.dup.dup.dup.dup.dup.dup.dup.dup.dup.dup.dup.dup.dup.dup.dup.dup.dup.dup.dup.dup.dup.dup.dup.dup.dup.dup.dup.dup.dup.dup.dup.dup.json: ya existe cita #4. skip
[LEAD FAIL] prospecto_20260807.done.done.done.done.done.done.dup.dup.dup.dup.dup.dup.dup.dup.dup.dup.dup.dup.dup.dup.dup.dup.dup.dup.dup.dup.dup.dup.dup.dup.dup.dup.dup.dup.dup.dup.dup.dup.dup.dup.dup.dup.dup.dup.dup.dup.dup.dup.dup.dup.dup.dup.dup.dup.dup.dup.json: [Errno 36] File name too long: '/home/mystic/Documentos/Sonora Digital Corp Nuevo/01_Core_Platform/03_Agentic_Infrastructure/Databases/Aztrotech_Citas/leads/prospecto_20260807.done.done.done.done.done.done.dup.dup.dup.dup.dup.dup.dup.dup.dup.dup.dup.dup.dup.dup.dup.dup.dup.dup.dup.dup.dup.dup.dup.dup.dup.dup.dup.dup.dup.dup.dup.dup.dup.dup.dup.dup.dup.dup.dup.dup.dup.dup.dup.dup.dup.dup.dup.dup.dup.dup.json' -> '/home/mystic/Documentos/Sonora Digital Corp Nuevo/01_Core_Platform/03_Agentic_Infrastructure/Databases/Aztrotech_Citas/leads/prospecto_20260807.done.done.done.done.done.done.dup.dup.dup.dup.dup.dup.dup.dup.dup.dup.dup.dup.dup.dup.dup.dup.dup.dup.dup.dup.dup.dup.dup.dup.dup.dup.dup.dup.dup.dup.dup.dup.dup.dup.dup.dup.dup.dup.dup.dup.dup.dup.dup.dup.dup.dup.dup.dup.dup.dup.dup.json'
[INGEST] 0 leads nuevos, 0 duplicados saltados.
[DUP LEAD] prospecto_20260807.done.done.done.done.done.done.dup.dup.dup.dup.dup.dup.dup.dup.dup.dup.dup.dup.dup.dup.dup.dup.dup.dup.dup.dup.dup.dup.dup.dup.dup.dup.dup.dup.dup.dup.dup.dup.dup.dup.dup.dup.dup.dup.dup.dup.dup.dup.dup.dup.dup.dup.dup.dup.dup.dup.json: ya existe cita #4. skip
[LEAD FAIL] prospecto_20260807.done.done.done.done.done.done.dup.dup.dup.dup.dup.dup.dup.dup.dup.dup.dup.dup.dup.dup.dup.dup.dup.dup.dup.dup.dup.dup.dup.dup.dup.dup.dup.dup.dup.dup.dup.dup.dup.dup.dup.dup.dup.dup.dup.dup.dup.dup.dup.dup.dup.dup.dup.dup.dup.dup.json: [Errno 36] File name too long: '/home/mystic/Documentos/Sonora Digital Corp Nuevo/01_Core_Platform/03_Agentic_Infrastructure/Databases/Aztrotech_Citas/leads/prospecto_20260807.done.done.done.done.done.done.dup.dup.dup.dup.dup.dup.dup.dup.dup.dup.dup.dup.dup.dup.dup.dup.dup.dup.dup.dup.dup.dup.dup.dup.dup.dup.dup.dup.dup.dup.dup.dup.dup.dup.dup.dup.dup.dup.dup.dup.dup.dup.dup.dup.dup.dup.dup.dup.dup.dup.json' -> '/home/mystic/Documentos/Sonora Digital Corp Nuevo/01_Core_Platform/03_Agentic_Infrastructure/Databases/Aztrotech_Citas/leads/prospecto_20260807.done.done.done.done.done.done.dup.dup.dup.dup.dup.dup.dup.dup.dup.dup.dup.dup.dup.dup.dup.dup.dup.dup.dup.dup.dup.dup.dup.dup.dup.dup.dup.dup.dup.dup.dup.dup.dup.dup.dup.dup.dup.dup.dup.dup.dup.dup.dup.dup.dup.dup.dup.dup.dup.dup.dup.json'
[INGEST] 0 leads nuevos, 0 duplicados saltados.
[DUP LEAD] prospecto_20260807.done.done.done.done.done.done.dup.dup.dup.dup.dup.dup.dup.dup.dup.dup.dup.dup.dup.dup.dup.dup.dup.dup.dup.dup.dup.dup.dup.dup.dup.dup.dup.dup.dup.dup.dup.dup.dup.dup.dup.dup.dup.dup.dup.dup.dup.dup.dup.dup.dup.dup.dup.dup.dup.dup.json: ya existe cita #4. skip
[LEAD FAIL] prospecto_20260807.done.done.done.done.done.done.dup.dup.dup.dup.dup.dup.dup.dup.dup.dup.dup.dup.dup.dup.dup.dup.dup.dup.dup.dup.dup.dup.dup.dup.dup.dup.dup.dup.dup.dup.dup.dup.dup.dup.dup.dup.dup.dup.dup.dup.dup.dup.dup.dup.dup.dup.dup.dup.dup.dup.json: [Errno 36] File name too long: '/home/mystic/Documentos/Sonora Digital Corp Nuevo/01_Core_Platform/03_Agentic_Infrastructure/Databases/Aztrotech_Citas/leads/prospecto_20260807.done.done.done.done.done.done.dup.dup.dup.dup.dup.dup.dup.dup.dup.dup.dup.dup.dup.dup.dup.dup.dup.dup.dup.dup.dup.dup.dup.dup.dup.dup.dup.dup.dup.dup.dup.dup.dup.dup.dup.dup.dup.dup.dup.dup.dup.dup.dup.dup.dup.dup.dup.dup.dup.dup.json' -> '/home/mystic/Documentos/Sonora Digital Corp Nuevo/01_Core_Platform/03_Agentic_Infrastructure/Databases/Aztrotech_Citas/leads/prospecto_20260807.done.done.done.done.done.done.dup.dup.dup.dup.dup.dup.dup.dup.dup.dup.dup.dup.dup.dup.dup.dup.dup.dup.dup.dup.dup.dup.dup.dup.dup.dup.dup.dup.dup.dup.dup.dup.dup.dup.dup.dup.dup.dup.dup.dup.dup.dup.dup.dup.dup.dup.dup.dup.dup.dup.dup.json'
[INGEST] 0 leads nuevos, 0 duplicados saltados.
[DUP LEAD] prospecto_20260807.done.done.done.done.done.done.dup.dup.dup.dup.dup.dup.dup.dup.dup.dup.dup.dup.dup.dup.dup.dup.dup.dup.dup.dup.dup.dup.dup.dup.dup.dup.dup.dup.dup.dup.dup.dup.dup.dup.dup.dup.dup.dup.dup.dup.dup.dup.dup.dup.dup.dup.dup.dup.dup.dup.json: ya existe cita #4. skip
[LEAD FAIL] prospecto_20260807.done.done.done.done.done.done.dup.dup.dup.dup.dup.dup.dup.dup.dup.dup.dup.dup.dup.dup.dup.dup.dup.dup.dup.dup.dup.dup.dup.dup.dup.dup.dup.dup.dup.dup.dup.dup.dup.dup.dup.dup.dup.dup.dup.dup.dup.dup.dup.dup.dup.dup.dup.dup.dup.dup.json: [Errno 36] File name too long: '/home/mystic/Documentos/Sonora Digital Corp Nuevo/01_Core_Platform/03_Agentic_Infrastructure/Databases/Aztrotech_Citas/leads/prospecto_20260807.done.done.done.done.done.done.dup.dup.dup.dup.dup.dup.dup.dup.dup.dup.dup.dup.dup.dup.dup.dup.dup.dup.dup.dup.dup.dup.dup.dup.dup.dup.dup.dup.dup.dup.dup.dup.dup.dup.dup.dup.dup.dup.dup.dup.dup.dup.dup.dup.dup.dup.dup.dup.dup.dup.json' -> '/home/mystic/Documentos/Sonora Digital Corp Nuevo/01_Core_Platform/03_Agentic_Infrastructure/Databases/Aztrotech_Citas/leads/prospecto_20260807.done.done.done.done.done.done.dup.dup.dup.dup.dup.dup.dup.dup.dup.dup.dup.dup.dup.dup.dup.dup.dup.dup.dup.dup.dup.dup.dup.dup.dup.dup.dup.dup.dup.dup.dup.dup.dup.dup.dup.dup.dup.dup.dup.dup.dup.dup.dup.dup.dup.dup.dup.dup.dup.dup.dup.json'
[INGEST] 0 leads nuevos, 0 duplicados saltados.
[DUP LEAD] prospecto_20260807.done.done.done.done.done.done.dup.dup.dup.dup.dup.dup.dup.dup.dup.dup.dup.dup.dup.dup.dup.dup.dup.dup.dup.dup.dup.dup.dup.dup.dup.dup.dup.dup.dup.dup.dup.dup.dup.dup.dup.dup.dup.dup.dup.dup.dup.dup.dup.dup.dup.dup.dup.dup.dup.dup.json: ya existe cita #4. skip
[LEAD FAIL] prospecto_20260807.done.done.done.done.done.done.dup.dup.dup.dup.dup.dup.dup.dup.dup.dup.dup.dup.dup.dup.dup.dup.dup.dup.dup.dup.dup.dup.dup.dup.dup.dup.dup.dup.dup.dup.dup.dup.dup.dup.dup.dup.dup.dup.dup.dup.dup.dup.dup.dup.dup.dup.dup.dup.dup.dup.json: [Errno 36] File name too long: '/home/mystic/Documentos/Sonora Digital Corp Nuevo/01_Core_Platform/03_Agentic_Infrastructure/Databases/Aztrotech_Citas/leads/prospecto_20260807.done.done.done.done.done.done.dup.dup.dup.dup.dup.dup.dup.dup.dup.dup.dup.dup.dup.dup.dup.dup.dup.dup.dup.dup.dup.dup.dup.dup.dup.dup.dup.dup.dup.dup.dup.dup.dup.dup.dup.dup.dup.dup.dup.dup.dup.dup.dup.dup.dup.dup.dup.dup.dup.dup.json' -> '/home/mystic/Documentos/Sonora Digital Corp Nuevo/01_Core_Platform/03_Agentic_Infrastructure/Databases/Aztrotech_Citas/leads/prospecto_20260807.done.done.done.done.done.done.dup.dup.dup.dup.dup.dup.dup.dup.dup.dup.dup.dup.dup.dup.dup.dup.dup.dup.dup.dup.dup.dup.dup.dup.dup.dup.dup.dup.dup.dup.dup.dup.dup.dup.dup.dup.dup.dup.dup.dup.dup.dup.dup.dup.dup.dup.dup.dup.dup.dup.dup.json'
[INGEST] 0 leads nuevos, 0 duplicados saltados.
[DUP LEAD] prospecto_20260807.done.done.done.done.done.done.dup.dup.dup.dup.dup.dup.dup.dup.dup.dup.dup.dup.dup.dup.dup.dup.dup.dup.dup.dup.dup.dup.dup.dup.dup.dup.dup.dup.dup.dup.dup.dup.dup.dup.dup.dup.dup.dup.dup.dup.dup.dup.dup.dup.dup.dup.dup.dup.dup.dup.json: ya existe cita #4. skip
[LEAD FAIL] prospecto_20260807.done.done.done.done.done.done.dup.dup.dup.dup.dup.dup.dup.dup.dup.dup.dup.dup.dup.dup.dup.dup.dup.dup.dup.dup.dup.dup.dup.dup.dup.dup.dup.dup.dup.dup.dup.dup.dup.dup.dup.dup.dup.dup.dup.dup.dup.dup.dup.dup.dup.dup.dup.dup.dup.dup.json: [Errno 36] File name too long: '/home/mystic/Documentos/Sonora Digital Corp Nuevo/01_Core_Platform/03_Agentic_Infrastructure/Databases/Aztrotech_Citas/leads/prospecto_20260807.done.done.done.done.done.done.dup.dup.dup.dup.dup.dup.dup.dup.dup.dup.dup.dup.dup.dup.dup.dup.dup.dup.dup.dup.dup.dup.dup.dup.dup.dup.dup.dup.dup.dup.dup.dup.dup.dup.dup.dup.dup.dup.dup.dup.dup.dup.dup.dup.dup.dup.dup.dup.dup.dup.json' -> '/home/mystic/Documentos/Sonora Digital Corp Nuevo/01_Core_Platform/03_Agentic_Infrastructure/Databases/Aztrotech_Citas/leads/prospecto_20260807.done.done.done.done.done.done.dup.dup.dup.dup.dup.dup.dup.dup.dup.dup.dup.dup.dup.dup.dup.dup.dup.dup.dup.dup.dup.dup.dup.dup.dup.dup.dup.dup.dup.dup.dup.dup.dup.dup.dup.dup.dup.dup.dup.dup.dup.dup.dup.dup.dup.dup.dup.dup.dup.dup.dup.json'
[INGEST] 0 leads nuevos, 0 duplicados saltados.
[DUP LEAD] prospecto_20260807.done.done.done.done.done.done.dup.dup.dup.dup.dup.dup.dup.dup.dup.dup.dup.dup.dup.dup.dup.dup.dup.dup.dup.dup.dup.dup.dup.dup.dup.dup.dup.dup.dup.dup.dup.dup.dup.dup.dup.dup.dup.dup.dup.dup.dup.dup.dup.dup.dup.dup.dup.dup.dup.dup.json: ya existe cita #4. skip
[LEAD FAIL] prospecto_20260807.done.done.done.done.done.done.dup.dup.dup.dup.dup.dup.dup.dup.dup.dup.dup.dup.dup.dup.dup.dup.dup.dup.dup.dup.dup.dup.dup.dup.dup.dup.dup.dup.dup.dup.dup.dup.dup.dup.dup.dup.dup.dup.dup.dup.dup.dup.dup.dup.dup.dup.dup.dup.dup.dup.json: [Errno 36] File name too long: '/home/mystic/Documentos/Sonora Digital Corp Nuevo/01_Core_Platform/03_Agentic_Infrastructure/Databases/Aztrotech_Citas/leads/prospecto_20260807.done.done.done.done.done.done.dup.dup.dup.dup.dup.dup.dup.dup.dup.dup.dup.dup.dup.dup.dup.dup.dup.dup.dup.dup.dup.dup.dup.dup.dup.dup.dup.dup.dup.dup.dup.dup.dup.dup.dup.dup.dup.dup.dup.dup.dup.dup.dup.dup.dup.dup.dup.dup.dup.dup.json' -> '/home/mystic/Documentos/Sonora Digital Corp Nuevo/01_Core_Platform/03_Agentic_Infrastructure/Databases/Aztrotech_Citas/leads/prospecto_20260807.done.done.done.done.done.done.dup.dup.dup.dup.dup.dup.dup.dup.dup.dup.dup.dup.dup.dup.dup.dup.dup.dup.dup.dup.dup.dup.dup.dup.dup.dup.dup.dup.dup.dup.dup.dup.dup.dup.dup.dup.dup.dup.dup.dup.dup.dup.dup.dup.dup.dup.dup.dup.dup.dup.dup.json'
[INGEST] 0 leads nuevos, 0 duplicados saltados.
[DUP LEAD] prospecto_20260807.done.done.done.done.done.done.dup.dup.dup.dup.dup.dup.dup.dup.dup.dup.dup.dup.dup.dup.dup.dup.dup.dup.dup.dup.dup.dup.dup.dup.dup.dup.dup.dup.dup.dup.dup.dup.dup.dup.dup.dup.dup.dup.dup.dup.dup.dup.dup.dup.dup.dup.dup.dup.dup.dup.json: ya existe cita #4. skip
[LEAD FAIL] prospecto_20260807.done.done.done.done.done.done.dup.dup.dup.dup.dup.dup.dup.dup.dup.dup.dup.dup.dup.dup.dup.dup.dup.dup.dup.dup.dup.dup.dup.dup.dup.dup.dup.dup.dup.dup.dup.dup.dup.dup.dup.dup.dup.dup.dup.dup.dup.dup.dup.dup.dup.dup.dup.dup.dup.dup.json: [Errno 36] File name too long: '/home/mystic/Documentos/Sonora Digital Corp Nuevo/01_Core_Platform/03_Agentic_Infrastructure/Databases/Aztrotech_Citas/leads/prospecto_20260807.done.done.done.done.done.done.dup.dup.dup.dup.dup.dup.dup.dup.dup.dup.dup.dup.dup.dup.dup.dup.dup.dup.dup.dup.dup.dup.dup.dup.dup.dup.dup.dup.dup.dup.dup.dup.dup.dup.dup.dup.dup.dup.dup.dup.dup.dup.dup.dup.dup.dup.dup.dup.dup.dup.json' -> '/home/mystic/Documentos/Sonora Digital Corp Nuevo/01_Core_Platform/03_Agentic_Infrastructure/Databases/Aztrotech_Citas/leads/prospecto_20260807.done.done.done.done.done.done.dup.dup.dup.dup.dup.dup.dup.dup.dup.dup.dup.dup.dup.dup.dup.dup.dup.dup.dup.dup.dup.dup.dup.dup.dup.dup.dup.dup.dup.dup.dup.dup.dup.dup.dup.dup.dup.dup.dup.dup.dup.dup.dup.dup.dup.dup.dup.dup.dup.dup.dup.json'
[INGEST] 0 leads nuevos, 0 duplicados saltados.
[DUP LEAD] prospecto_20260807.done.done.done.done.done.done.dup.dup.dup.dup.dup.dup.dup.dup.dup.dup.dup.dup.dup.dup.dup.dup.dup.dup.dup.dup.dup.dup.dup.dup.dup.dup.dup.dup.dup.dup.dup.dup.dup.dup.dup.dup.dup.dup.dup.dup.dup.dup.dup.dup.dup.dup.dup.dup.dup.dup.json: ya existe cita #4. skip
[LEAD FAIL] prospecto_20260807.done.done.done.done.done.done.dup.dup.dup.dup.dup.dup.dup.dup.dup.dup.dup.dup.dup.dup.dup.dup.dup.dup.dup.dup.dup.dup.dup.dup.dup.dup.dup.dup.dup.dup.dup.dup.dup.dup.dup.dup.dup.dup.dup.dup.dup.dup.dup.dup.dup.dup.dup.dup.dup.dup.json: [Errno 36] File name too long: '/home/mystic/Documentos/Sonora Digital Corp Nuevo/01_Core_Platform/03_Agentic_Infrastructure/Databases/Aztrotech_Citas/leads/prospecto_20260807.done.done.done.done.done.done.dup.dup.dup.dup.dup.dup.dup.dup.dup.dup.dup.dup.dup.dup.dup.dup.dup.dup.dup.dup.dup.dup.dup.dup.dup.dup.dup.dup.dup.dup.dup.dup.dup.dup.dup.dup.dup.dup.dup.dup.dup.dup.dup.dup.dup.dup.dup.dup.dup.dup.json' -> '/home/mystic/Documentos/Sonora Digital Corp Nuevo/01_Core_Platform/03_Agentic_Infrastructure/Databases/Aztrotech_Citas/leads/prospecto_20260807.done.done.done.done.done.done.dup.dup.dup.dup.dup.dup.dup.dup.dup.dup.dup.dup.dup.dup.dup.dup.dup.dup.dup.dup.dup.dup.dup.dup.dup.dup.dup.dup.dup.dup.dup.dup.dup.dup.dup.dup.dup.dup.dup.dup.dup.dup.dup.dup.dup.dup.dup.dup.dup.dup.dup.json'
[INGEST] 0 leads nuevos, 0 duplicados saltados.
[DUP LEAD] prospecto_20260807.done.done.done.done.done.done.dup.dup.dup.dup.dup.dup.dup.dup.dup.dup.dup.dup.dup.dup.dup.dup.dup.dup.dup.dup.dup.dup.dup.dup.dup.dup.dup.dup.dup.dup.dup.dup.dup.dup.dup.dup.dup.dup.dup.dup.dup.dup.dup.dup.dup.dup.dup.dup.dup.dup.json: ya existe cita #4. skip
[LEAD FAIL] prospecto_20260807.done.done.done.done.done.done.dup.dup.dup.dup.dup.dup.dup.dup.dup.dup.dup.dup.dup.dup.dup.dup.dup.dup.dup.dup.dup.dup.dup.dup.dup.dup.dup.dup.dup.dup.dup.dup.dup.dup.dup.dup.dup.dup.dup.dup.dup.dup.dup.dup.dup.dup.dup.dup.dup.dup.json: [Errno 36] File name too long: '/home/mystic/Documentos/Sonora Digital Corp Nuevo/01_Core_Platform/03_Agentic_Infrastructure/Databases/Aztrotech_Citas/leads/prospecto_20260807.done.done.done.done.done.done.dup.dup.dup.dup.dup.dup.dup.dup.dup.dup.dup.dup.dup.dup.dup.dup.dup.dup.dup.dup.dup.dup.dup.dup.dup.dup.dup.dup.dup.dup.dup.dup.dup.dup.dup.dup.dup.dup.dup.dup.dup.dup.dup.dup.dup.dup.dup.dup.dup.dup.json' -> '/home/mystic/Documentos/Sonora Digital Corp Nuevo/01_Core_Platform/03_Agentic_Infrastructure/Databases/Aztrotech_Citas/leads/prospecto_20260807.done.done.done.done.done.done.dup.dup.dup.dup.dup.dup.dup.dup.dup.dup.dup.dup.dup.dup.dup.dup.dup.dup.dup.dup.dup.dup.dup.dup.dup.dup.dup.dup.dup.dup.dup.dup.dup.dup.dup.dup.dup.dup.dup.dup.dup.dup.dup.dup.dup.dup.dup.dup.dup.dup.dup.json'
[INGEST] 0 leads nuevos, 0 duplicados saltados.
[DUP LEAD] prospecto_20260807.done.done.done.done.done.done.dup.dup.dup.dup.dup.dup.dup.dup.dup.dup.dup.dup.dup.dup.dup.dup.dup.dup.dup.dup.dup.dup.dup.dup.dup.dup.dup.dup.dup.dup.dup.dup.dup.dup.dup.dup.dup.dup.dup.dup.dup.dup.dup.dup.dup.dup.dup.dup.dup.dup.json: ya existe cita #4. skip
[LEAD FAIL] prospecto_20260807.done.done.done.done.done.done.dup.dup.dup.dup.dup.dup.dup.dup.dup.dup.dup.dup.dup.dup.dup.dup.dup.dup.dup.dup.dup.dup.dup.dup.dup.dup.dup.dup.dup.dup.dup.dup.dup.dup.dup.dup.dup.dup.dup.dup.dup.dup.dup.dup.dup.dup.dup.dup.dup.dup.json: [Errno 36] File name too long: '/home/mystic/Documentos/Sonora Digital Corp Nuevo/01_Core_Platform/03_Agentic_Infrastructure/Databases/Aztrotech_Citas/leads/prospecto_20260807.done.done.done.done.done.done.dup.dup.dup.dup.dup.dup.dup.dup.dup.dup.dup.dup.dup.dup.dup.dup.dup.dup.dup.dup.dup.dup.dup.dup.dup.dup.dup.dup.dup.dup.dup.dup.dup.dup.dup.dup.dup.dup.dup.dup.dup.dup.dup.dup.dup.dup.dup.dup.dup.dup.json' -> '/home/mystic/Documentos/Sonora Digital Corp Nuevo/01_Core_Platform/03_Agentic_Infrastructure/Databases/Aztrotech_Citas/leads/prospecto_20260807.done.done.done.done.done.done.dup.dup.dup.dup.dup.dup.dup.dup.dup.dup.dup.dup.dup.dup.dup.dup.dup.dup.dup.dup.dup.dup.dup.dup.dup.dup.dup.dup.dup.dup.dup.dup.dup.dup.dup.dup.dup.dup.dup.dup.dup.dup.dup.dup.dup.dup.dup.dup.dup.dup.dup.json'
[INGEST] 0 leads nuevos, 0 duplicados saltados.
[DUP LEAD] prospecto_20260807.done.done.done.done.done.done.dup.dup.dup.dup.dup.dup.dup.dup.dup.dup.dup.dup.dup.dup.dup.dup.dup.dup.dup.dup.dup.dup.dup.dup.dup.dup.dup.dup.dup.dup.dup.dup.dup.dup.dup.dup.dup.dup.dup.dup.dup.dup.dup.dup.dup.dup.dup.dup.dup.dup.json: ya existe cita #4. skip
[LEAD FAIL] prospecto_20260807.done.done.done.done.done.done.dup.dup.dup.dup.dup.dup.dup.dup.dup.dup.dup.dup.dup.dup.dup.dup.dup.dup.dup.dup.dup.dup.dup.dup.dup.dup.dup.dup.dup.dup.dup.dup.dup.dup.dup.dup.dup.dup.dup.dup.dup.dup.dup.dup.dup.dup.dup.dup.dup.dup.json: [Errno 36] File name too long: '/home/mystic/Documentos/Sonora Digital Corp Nuevo/01_Core_Platform/03_Agentic_Infrastructure/Databases/Aztrotech_Citas/leads/prospecto_20260807.done.done.done.done.done.done.dup.dup.dup.dup.dup.dup.dup.dup.dup.dup.dup.dup.dup.dup.dup.dup.dup.dup.dup.dup.dup.dup.dup.dup.dup.dup.dup.dup.dup.dup.dup.dup.dup.dup.dup.dup.dup.dup.dup.dup.dup.dup.dup.dup.dup.dup.dup.dup.dup.dup.json' -> '/home/mystic/Documentos/Sonora Digital Corp Nuevo/01_Core_Platform/03_Agentic_Infrastructure/Databases/Aztrotech_Citas/leads/prospecto_20260807.done.done.done.done.done.done.dup.dup.dup.dup.dup.dup.dup.dup.dup.dup.dup.dup.dup.dup.dup.dup.dup.dup.dup.dup.dup.dup.dup.dup.dup.dup.dup.dup.dup.dup.dup.dup.dup.dup.dup.dup.dup.dup.dup.dup.dup.dup.dup.dup.dup.dup.dup.dup.dup.dup.dup.json'
[INGEST] 0 leads nuevos, 0 duplicados saltados.
[DUP LEAD] prospecto_20260807.done.done.done.done.done.done.dup.dup.dup.dup.dup.dup.dup.dup.dup.dup.dup.dup.dup.dup.dup.dup.dup.dup.dup.dup.dup.dup.dup.dup.dup.dup.dup.dup.dup.dup.dup.dup.dup.dup.dup.dup.dup.dup.dup.dup.dup.dup.dup.dup.dup.dup.dup.dup.dup.dup.json: ya existe cita #4. skip
[LEAD FAIL] prospecto_20260807.done.done.done.done.done.done.dup.dup.dup.dup.dup.dup.dup.dup.dup.dup.dup.dup.dup.dup.dup.dup.dup.dup.dup.dup.dup.dup.dup.dup.dup.dup.dup.dup.dup.dup.dup.dup.dup.dup.dup.dup.dup.dup.dup.dup.dup.dup.dup.dup.dup.dup.dup.dup.dup.dup.json: [Errno 36] File name too long: '/home/mystic/Documentos/Sonora Digital Corp Nuevo/01_Core_Platform/03_Agentic_Infrastructure/Databases/Aztrotech_Citas/leads/prospecto_20260807.done.done.done.done.done.done.dup.dup.dup.dup.dup.dup.dup.dup.dup.dup.dup.dup.dup.dup.dup.dup.dup.dup.dup.dup.dup.dup.dup.dup.dup.dup.dup.dup.dup.dup.dup.dup.dup.dup.dup.dup.dup.dup.dup.dup.dup.dup.dup.dup.dup.dup.dup.dup.dup.dup.json' -> '/home/mystic/Documentos/Sonora Digital Corp Nuevo/01_Core_Platform/03_Agentic_Infrastructure/Databases/Aztrotech_Citas/leads/prospecto_20260807.done.done.done.done.done.done.dup.dup.dup.dup.dup.dup.dup.dup.dup.dup.dup.dup.dup.dup.dup.dup.dup.dup.dup.dup.dup.dup.dup.dup.dup.dup.dup.dup.dup.dup.dup.dup.dup.dup.dup.dup.dup.dup.dup.dup.dup.dup.dup.dup.dup.dup.dup.dup.dup.dup.dup.json'
[INGEST] 0 leads nuevos, 0 duplicados saltados.
[DUP LEAD] prospecto_20260807.done.done.done.done.done.done.dup.dup.dup.dup.dup.dup.dup.dup.dup.dup.dup.dup.dup.dup.dup.dup.dup.dup.dup.dup.dup.dup.dup.dup.dup.dup.dup.dup.dup.dup.dup.dup.dup.dup.dup.dup.dup.dup.dup.dup.dup.dup.dup.dup.dup.dup.dup.dup.dup.dup.json: ya existe cita #4. skip
[LEAD FAIL] prospecto_20260807.done.done.done.done.done.done.dup.dup.dup.dup.dup.dup.dup.dup.dup.dup.dup.dup.dup.dup.dup.dup.dup.dup.dup.dup.dup.dup.dup.dup.dup.dup.dup.dup.dup.dup.dup.dup.dup.dup.dup.dup.dup.dup.dup.dup.dup.dup.dup.dup.dup.dup.dup.dup.dup.dup.json: [Errno 36] File name too long: '/home/mystic/Documentos/Sonora Digital Corp Nuevo/01_Core_Platform/03_Agentic_Infrastructure/Databases/Aztrotech_Citas/leads/prospecto_20260807.done.done.done.done.done.done.dup.dup.dup.dup.dup.dup.dup.dup.dup.dup.dup.dup.dup.dup.dup.dup.dup.dup.dup.dup.dup.dup.dup.dup.dup.dup.dup.dup.dup.dup.dup.dup.dup.dup.dup.dup.dup.dup.dup.dup.dup.dup.dup.dup.dup.dup.dup.dup.dup.dup.json' -> '/home/mystic/Documentos/Sonora Digital Corp Nuevo/01_Core_Platform/03_Agentic_Infrastructure/Databases/Aztrotech_Citas/leads/prospecto_20260807.done.done.done.done.done.done.dup.dup.dup.dup.dup.dup.dup.dup.dup.dup.dup.dup.dup.dup.dup.dup.dup.dup.dup.dup.dup.dup.dup.dup.dup.dup.dup.dup.dup.dup.dup.dup.dup.dup.dup.dup.dup.dup.dup.dup.dup.dup.dup.dup.dup.dup.dup.dup.dup.dup.dup.json'
[INGEST] 0 leads nuevos, 0 duplicados saltados.
[DUP LEAD] prospecto_20260807.done.done.done.done.done.done.dup.dup.dup.dup.dup.dup.dup.dup.dup.dup.dup.dup.dup.dup.dup.dup.dup.dup.dup.dup.dup.dup.dup.dup.dup.dup.dup.dup.dup.dup.dup.dup.dup.dup.dup.dup.dup.dup.dup.dup.dup.dup.dup.dup.dup.dup.dup.dup.dup.dup.json: ya existe cita #4. skip
[LEAD FAIL] prospecto_20260807.done.done.done.done.done.done.dup.dup.dup.dup.dup.dup.dup.dup.dup.dup.dup.dup.dup.dup.dup.dup.dup.dup.dup.dup.dup.dup.dup.dup.dup.dup.dup.dup.dup.dup.dup.dup.dup.dup.dup.dup.dup.dup.dup.dup.dup.dup.dup.dup.dup.dup.dup.dup.dup.dup.json: [Errno 36] File name too long: '/home/mystic/Documentos/Sonora Digital Corp Nuevo/01_Core_Platform/03_Agentic_Infrastructure/Databases/Aztrotech_Citas/leads/prospecto_20260807.done.done.done.done.done.done.dup.dup.dup.dup.dup.dup.dup.dup.dup.dup.dup.dup.dup.dup.dup.dup.dup.dup.dup.dup.dup.dup.dup.dup.dup.dup.dup.dup.dup.dup.dup.dup.dup.dup.dup.dup.dup.dup.dup.dup.dup.dup.dup.dup.dup.dup.dup.dup.dup.dup.json' -> '/home/mystic/Documentos/Sonora Digital Corp Nuevo/01_Core_Platform/03_Agentic_Infrastructure/Databases/Aztrotech_Citas/leads/prospecto_20260807.done.done.done.done.done.done.dup.dup.dup.dup.dup.dup.dup.dup.dup.dup.dup.dup.dup.dup.dup.dup.dup.dup.dup.dup.dup.dup.dup.dup.dup.dup.dup.dup.dup.dup.dup.dup.dup.dup.dup.dup.dup.dup.dup.dup.dup.dup.dup.dup.dup.dup.dup.dup.dup.dup.dup.json'
[INGEST] 0 leads nuevos, 0 duplicados saltados.
[DUP LEAD] prospecto_20260807.done.done.done.done.done.done.dup.dup.dup.dup.dup.dup.dup.dup.dup.dup.dup.dup.dup.dup.dup.dup.dup.dup.dup.dup.dup.dup.dup.dup.dup.dup.dup.dup.dup.dup.dup.dup.dup.dup.dup.dup.dup.dup.dup.dup.dup.dup.dup.dup.dup.dup.dup.dup.dup.dup.json: ya existe cita #4. skip
[LEAD FAIL] prospecto_20260807.done.done.done.done.done.done.dup.dup.dup.dup.dup.dup.dup.dup.dup.dup.dup.dup.dup.dup.dup.dup.dup.dup.dup.dup.dup.dup.dup.dup.dup.dup.dup.dup.dup.dup.dup.dup.dup.dup.dup.dup.dup.dup.dup.dup.dup.dup.dup.dup.dup.dup.dup.dup.dup.dup.json: [Errno 36] File name too long: '/home/mystic/Documentos/Sonora Digital Corp Nuevo/01_Core_Platform/03_Agentic_Infrastructure/Databases/Aztrotech_Citas/leads/prospecto_20260807.done.done.done.done.done.done.dup.dup.dup.dup.dup.dup.dup.dup.dup.dup.dup.dup.dup.dup.dup.dup.dup.dup.dup.dup.dup.dup.dup.dup.dup.dup.dup.dup.dup.dup.dup.dup.dup.dup.dup.dup.dup.dup.dup.dup.dup.dup.dup.dup.dup.dup.dup.dup.dup.dup.json' -> '/home/mystic/Documentos/Sonora Digital Corp Nuevo/01_Core_Platform/03_Agentic_Infrastructure/Databases/Aztrotech_Citas/leads/prospecto_20260807.done.done.done.done.done.done.dup.dup.dup.dup.dup.dup.dup.dup.dup.dup.dup.dup.dup.dup.dup.dup.dup.dup.dup.dup.dup.dup.dup.dup.dup.dup.dup.dup.dup.dup.dup.dup.dup.dup.dup.dup.dup.dup.dup.dup.dup.dup.dup.dup.dup.dup.dup.dup.dup.dup.dup.json'
[INGEST] 0 leads nuevos, 0 duplicados saltados.
[DUP LEAD] prospecto_20260807.done.done.done.done.done.done.dup.dup.dup.dup.dup.dup.dup.dup.dup.dup.dup.dup.dup.dup.dup.dup.dup.dup.dup.dup.dup.dup.dup.dup.dup.dup.dup.dup.dup.dup.dup.dup.dup.dup.dup.dup.dup.dup.dup.dup.dup.dup.dup.dup.dup.dup.dup.dup.dup.dup.json: ya existe cita #4. skip
[LEAD FAIL] prospecto_20260807.done.done.done.done.done.done.dup.dup.dup.dup.dup.dup.dup.dup.dup.dup.dup.dup.dup.dup.dup.dup.dup.dup.dup.dup.dup.dup.dup.dup.dup.dup.dup.dup.dup.dup.dup.dup.dup.dup.dup.dup.dup.dup.dup.dup.dup.dup.dup.dup.dup.dup.dup.dup.dup.dup.json: [Errno 36] File name too long: '/home/mystic/Documentos/Sonora Digital Corp Nuevo/01_Core_Platform/03_Agentic_Infrastructure/Databases/Aztrotech_Citas/leads/prospecto_20260807.done.done.done.done.done.done.dup.dup.dup.dup.dup.dup.dup.dup.dup.dup.dup.dup.dup.dup.dup.dup.dup.dup.dup.dup.dup.dup.dup.dup.dup.dup.dup.dup.dup.dup.dup.dup.dup.dup.dup.dup.dup.dup.dup.dup.dup.dup.dup.dup.dup.dup.dup.dup.dup.dup.json' -> '/home/mystic/Documentos/Sonora Digital Corp Nuevo/01_Core_Platform/03_Agentic_Infrastructure/Databases/Aztrotech_Citas/leads/prospecto_20260807.done.done.done.done.done.done.dup.dup.dup.dup.dup.dup.dup.dup.dup.dup.dup.dup.dup.dup.dup.dup.dup.dup.dup.dup.dup.dup.dup.dup.dup.dup.dup.dup.dup.dup.dup.dup.dup.dup.dup.dup.dup.dup.dup.dup.dup.dup.dup.dup.dup.dup.dup.dup.dup.dup.dup.json'
[INGEST] 0 leads nuevos, 0 duplicados saltados.
[DUP LEAD] prospecto_20260807.done.done.done.done.done.done.dup.dup.dup.dup.dup.dup.dup.dup.dup.dup.dup.dup.dup.dup.dup.dup.dup.dup.dup.dup.dup.dup.dup.dup.dup.dup.dup.dup.dup.dup.dup.dup.dup.dup.dup.dup.dup.dup.dup.dup.dup.dup.dup.dup.dup.dup.dup.dup.dup.dup.json: ya existe cita #4. skip
[LEAD FAIL] prospecto_20260807.done.done.done.done.done.done.dup.dup.dup.dup.dup.dup.dup.dup.dup.dup.dup.dup.dup.dup.dup.dup.dup.dup.dup.dup.dup.dup.dup.dup.dup.dup.dup.dup.dup.dup.dup.dup.dup.dup.dup.dup.dup.dup.dup.dup.dup.dup.dup.dup.dup.dup.dup.dup.dup.dup.json: [Errno 36] File name too long: '/home/mystic/Documentos/Sonora Digital Corp Nuevo/01_Core_Platform/03_Agentic_Infrastructure/Databases/Aztrotech_Citas/leads/prospecto_20260807.done.done.done.done.done.done.dup.dup.dup.dup.dup.dup.dup.dup.dup.dup.dup.dup.dup.dup.dup.dup.dup.dup.dup.dup.dup.dup.dup.dup.dup.dup.dup.dup.dup.dup.dup.dup.dup.dup.dup.dup.dup.dup.dup.dup.dup.dup.dup.dup.dup.dup.dup.dup.dup.dup.json' -> '/home/mystic/Documentos/Sonora Digital Corp Nuevo/01_Core_Platform/03_Agentic_Infrastructure/Databases/Aztrotech_Citas/leads/prospecto_20260807.done.done.done.done.done.done.dup.dup.dup.dup.dup.dup.dup.dup.dup.dup.dup.dup.dup.dup.dup.dup.dup.dup.dup.dup.dup.dup.dup.dup.dup.dup.dup.dup.dup.dup.dup.dup.dup.dup.dup.dup.dup.dup.dup.dup.dup.dup.dup.dup.dup.dup.dup.dup.dup.dup.dup.json'
[INGEST] 0 leads nuevos, 0 duplicados saltados.
[DUP LEAD] prospecto_20260807.done.done.done.done.done.done.dup.dup.dup.dup.dup.dup.dup.dup.dup.dup.dup.dup.dup.dup.dup.dup.dup.dup.dup.dup.dup.dup.dup.dup.dup.dup.dup.dup.dup.dup.dup.dup.dup.dup.dup.dup.dup.dup.dup.dup.dup.dup.dup.dup.dup.dup.dup.dup.dup.dup.json: ya existe cita #4. skip
[LEAD FAIL] prospecto_20260807.done.done.done.done.done.done.dup.dup.dup.dup.dup.dup.dup.dup.dup.dup.dup.dup.dup.dup.dup.dup.dup.dup.dup.dup.dup.dup.dup.dup.dup.dup.dup.dup.dup.dup.dup.dup.dup.dup.dup.dup.dup.dup.dup.dup.dup.dup.dup.dup.dup.dup.dup.dup.dup.dup.json: [Errno 36] File name too long: '/home/mystic/Documentos/Sonora Digital Corp Nuevo/01_Core_Platform/03_Agentic_Infrastructure/Databases/Aztrotech_Citas/leads/prospecto_20260807.done.done.done.done.done.done.dup.dup.dup.dup.dup.dup.dup.dup.dup.dup.dup.dup.dup.dup.dup.dup.dup.dup.dup.dup.dup.dup.dup.dup.dup.dup.dup.dup.dup.dup.dup.dup.dup.dup.dup.dup.dup.dup.dup.dup.dup.dup.dup.dup.dup.dup.dup.dup.dup.dup.json' -> '/home/mystic/Documentos/Sonora Digital Corp Nuevo/01_Core_Platform/03_Agentic_Infrastructure/Databases/Aztrotech_Citas/leads/prospecto_20260807.done.done.done.done.done.done.dup.dup.dup.dup.dup.dup.dup.dup.dup.dup.dup.dup.dup.dup.dup.dup.dup.dup.dup.dup.dup.dup.dup.dup.dup.dup.dup.dup.dup.dup.dup.dup.dup.dup.dup.dup.dup.dup.dup.dup.dup.dup.dup.dup.dup.dup.dup.dup.dup.dup.dup.json'
[INGEST] 0 leads nuevos, 0 duplicados saltados.
[DUP LEAD] prospecto_20260807.done.done.done.done.done.done.dup.dup.dup.dup.dup.dup.dup.dup.dup.dup.dup.dup.dup.dup.dup.dup.dup.dup.dup.dup.dup.dup.dup.dup.dup.dup.dup.dup.dup.dup.dup.dup.dup.dup.dup.dup.dup.dup.dup.dup.dup.dup.dup.dup.dup.dup.dup.dup.dup.dup.json: ya existe cita #4. skip
[LEAD FAIL] prospecto_20260807.done.done.done.done.done.done.dup.dup.dup.dup.dup.dup.dup.dup.dup.dup.dup.dup.dup.dup.dup.dup.dup.dup.dup.dup.dup.dup.dup.dup.dup.dup.dup.dup.dup.dup.dup.dup.dup.dup.dup.dup.dup.dup.dup.dup.dup.dup.dup.dup.dup.dup.dup.dup.dup.dup.json: [Errno 36] File name too long: '/home/mystic/Documentos/Sonora Digital Corp Nuevo/01_Core_Platform/03_Agentic_Infrastructure/Databases/Aztrotech_Citas/leads/prospecto_20260807.done.done.done.done.done.done.dup.dup.dup.dup.dup.dup.dup.dup.dup.dup.dup.dup.dup.dup.dup.dup.dup.dup.dup.dup.dup.dup.dup.dup.dup.dup.dup.dup.dup.dup.dup.dup.dup.dup.dup.dup.dup.dup.dup.dup.dup.dup.dup.dup.dup.dup.dup.dup.dup.dup.json' -> '/home/mystic/Documentos/Sonora Digital Corp Nuevo/01_Core_Platform/03_Agentic_Infrastructure/Databases/Aztrotech_Citas/leads/prospecto_20260807.done.done.done.done.done.done.dup.dup.dup.dup.dup.dup.dup.dup.dup.dup.dup.dup.dup.dup.dup.dup.dup.dup.dup.dup.dup.dup.dup.dup.dup.dup.dup.dup.dup.dup.dup.dup.dup.dup.dup.dup.dup.dup.dup.dup.dup.dup.dup.dup.dup.dup.dup.dup.dup.dup.dup.json'
[INGEST] 0 leads nuevos, 0 duplicados saltados.
[DUP LEAD] prospecto_20260807.done.done.done.done.done.done.dup.dup.dup.dup.dup.dup.dup.dup.dup.dup.dup.dup.dup.dup.dup.dup.dup.dup.dup.dup.dup.dup.dup.dup.dup.dup.dup.dup.dup.dup.dup.dup.dup.dup.dup.dup.dup.dup.dup.dup.dup.dup.dup.dup.dup.dup.dup.dup.dup.dup.json: ya existe cita #4. skip
[LEAD FAIL] prospecto_20260807.done.done.done.done.done.done.dup.dup.dup.dup.dup.dup.dup.dup.dup.dup.dup.dup.dup.dup.dup.dup.dup.dup.dup.dup.dup.dup.dup.dup.dup.dup.dup.dup.dup.dup.dup.dup.dup.dup.dup.dup.dup.dup.dup.dup.dup.dup.dup.dup.dup.dup.dup.dup.dup.dup.json: [Errno 36] File name too long: '/home/mystic/Documentos/Sonora Digital Corp Nuevo/01_Core_Platform/03_Agentic_Infrastructure/Databases/Aztrotech_Citas/leads/prospecto_20260807.done.done.done.done.done.done.dup.dup.dup.dup.dup.dup.dup.dup.dup.dup.dup.dup.dup.dup.dup.dup.dup.dup.dup.dup.dup.dup.dup.dup.dup.dup.dup.dup.dup.dup.dup.dup.dup.dup.dup.dup.dup.dup.dup.dup.dup.dup.dup.dup.dup.dup.dup.dup.dup.dup.json' -> '/home/mystic/Documentos/Sonora Digital Corp Nuevo/01_Core_Platform/03_Agentic_Infrastructure/Databases/Aztrotech_Citas/leads/prospecto_20260807.done.done.done.done.done.done.dup.dup.dup.dup.dup.dup.dup.dup.dup.dup.dup.dup.dup.dup.dup.dup.dup.dup.dup.dup.dup.dup.dup.dup.dup.dup.dup.dup.dup.dup.dup.dup.dup.dup.dup.dup.dup.dup.dup.dup.dup.dup.dup.dup.dup.dup.dup.dup.dup.dup.dup.json'
[INGEST] 0 leads nuevos, 0 duplicados saltados.
[DUP LEAD] prospecto_20260807.done.done.done.done.done.done.dup.dup.dup.dup.dup.dup.dup.dup.dup.dup.dup.dup.dup.dup.dup.dup.dup.dup.dup.dup.dup.dup.dup.dup.dup.dup.dup.dup.dup.dup.dup.dup.dup.dup.dup.dup.dup.dup.dup.dup.dup.dup.dup.dup.dup.dup.dup.dup.dup.dup.json: ya existe cita #4. skip
[LEAD FAIL] prospecto_20260807.done.done.done.done.done.done.dup.dup.dup.dup.dup.dup.dup.dup.dup.dup.dup.dup.dup.dup.dup.dup.dup.dup.dup.dup.dup.dup.dup.dup.dup.dup.dup.dup.dup.dup.dup.dup.dup.dup.dup.dup.dup.dup.dup.dup.dup.dup.dup.dup.dup.dup.dup.dup.dup.dup.json: [Errno 36] File name too long: '/home/mystic/Documentos/Sonora Digital Corp Nuevo/01_Core_Platform/03_Agentic_Infrastructure/Databases/Aztrotech_Citas/leads/prospecto_20260807.done.done.done.done.done.done.dup.dup.dup.dup.dup.dup.dup.dup.dup.dup.dup.dup.dup.dup.dup.dup.dup.dup.dup.dup.dup.dup.dup.dup.dup.dup.dup.dup.dup.dup.dup.dup.dup.dup.dup.dup.dup.dup.dup.dup.dup.dup.dup.dup.dup.dup.dup.dup.dup.dup.json' -> '/home/mystic/Documentos/Sonora Digital Corp Nuevo/01_Core_Platform/03_Agentic_Infrastructure/Databases/Aztrotech_Citas/leads/prospecto_20260807.done.done.done.done.done.done.dup.dup.dup.dup.dup.dup.dup.dup.dup.dup.dup.dup.dup.dup.dup.dup.dup.dup.dup.dup.dup.dup.dup.dup.dup.dup.dup.dup.dup.dup.dup.dup.dup.dup.dup.dup.dup.dup.dup.dup.dup.dup.dup.dup.dup.dup.dup.dup.dup.dup.dup.json'
[INGEST] 0 leads nuevos, 0 duplicados saltados.
[DUP LEAD] prospecto_20260807.done.done.done.done.done.done.dup.dup.dup.dup.dup.dup.dup.dup.dup.dup.dup.dup.dup.dup.dup.dup.dup.dup.dup.dup.dup.dup.dup.dup.dup.dup.dup.dup.dup.dup.dup.dup.dup.dup.dup.dup.dup.dup.dup.dup.dup.dup.dup.dup.dup.dup.dup.dup.dup.dup.json: ya existe cita #4. skip
[LEAD FAIL] prospecto_20260807.done.done.done.done.done.done.dup.dup.dup.dup.dup.dup.dup.dup.dup.dup.dup.dup.dup.dup.dup.dup.dup.dup.dup.dup.dup.dup.dup.dup.dup.dup.dup.dup.dup.dup.dup.dup.dup.dup.dup.dup.dup.dup.dup.dup.dup.dup.dup.dup.dup.dup.dup.dup.dup.dup.json: [Errno 36] File name too long: '/home/mystic/Documentos/Sonora Digital Corp Nuevo/01_Core_Platform/03_Agentic_Infrastructure/Databases/Aztrotech_Citas/leads/prospecto_20260807.done.done.done.done.done.done.dup.dup.dup.dup.dup.dup.dup.dup.dup.dup.dup.dup.dup.dup.dup.dup.dup.dup.dup.dup.dup.dup.dup.dup.dup.dup.dup.dup.dup.dup.dup.dup.dup.dup.dup.dup.dup.dup.dup.dup.dup.dup.dup.dup.dup.dup.dup.dup.dup.dup.json' -> '/home/mystic/Documentos/Sonora Digital Corp Nuevo/01_Core_Platform/03_Agentic_Infrastructure/Databases/Aztrotech_Citas/leads/prospecto_20260807.done.done.done.done.done.done.dup.dup.dup.dup.dup.dup.dup.dup.dup.dup.dup.dup.dup.dup.dup.dup.dup.dup.dup.dup.dup.dup.dup.dup.dup.dup.dup.dup.dup.dup.dup.dup.dup.dup.dup.dup.dup.dup.dup.dup.dup.dup.dup.dup.dup.dup.dup.dup.dup.dup.dup.json'
[INGEST] 0 leads nuevos, 0 duplicados saltados.
[DUP LEAD] prospecto_20260807.done.done.done.done.done.done.dup.dup.dup.dup.dup.dup.dup.dup.dup.dup.dup.dup.dup.dup.dup.dup.dup.dup.dup.dup.dup.dup.dup.dup.dup.dup.dup.dup.dup.dup.dup.dup.dup.dup.dup.dup.dup.dup.dup.dup.dup.dup.dup.dup.dup.dup.dup.dup.dup.dup.json: ya existe cita #4. skip
[LEAD FAIL] prospecto_20260807.done.done.done.done.done.done.dup.dup.dup.dup.dup.dup.dup.dup.dup.dup.dup.dup.dup.dup.dup.dup.dup.dup.dup.dup.dup.dup.dup.dup.dup.dup.dup.dup.dup.dup.dup.dup.dup.dup.dup.dup.dup.dup.dup.dup.dup.dup.dup.dup.dup.dup.dup.dup.dup.dup.json: [Errno 36] File name too long: '/home/mystic/Documentos/Sonora Digital Corp Nuevo/01_Core_Platform/03_Agentic_Infrastructure/Databases/Aztrotech_Citas/leads/prospecto_20260807.done.done.done.done.done.done.dup.dup.dup.dup.dup.dup.dup.dup.dup.dup.dup.dup.dup.dup.dup.dup.dup.dup.dup.dup.dup.dup.dup.dup.dup.dup.dup.dup.dup.dup.dup.dup.dup.dup.dup.dup.dup.dup.dup.dup.dup.dup.dup.dup.dup.dup.dup.dup.dup.dup.json' -> '/home/mystic/Documentos/Sonora Digital Corp Nuevo/01_Core_Platform/03_Agentic_Infrastructure/Databases/Aztrotech_Citas/leads/prospecto_20260807.done.done.done.done.done.done.dup.dup.dup.dup.dup.dup.dup.dup.dup.dup.dup.dup.dup.dup.dup.dup.dup.dup.dup.dup.dup.dup.dup.dup.dup.dup.dup.dup.dup.dup.dup.dup.dup.dup.dup.dup.dup.dup.dup.dup.dup.dup.dup.dup.dup.dup.dup.dup.dup.dup.dup.json'
[INGEST] 0 leads nuevos, 0 duplicados saltados.
[DUP LEAD] prospecto_20260807.done.done.done.done.done.done.dup.dup.dup.dup.dup.dup.dup.dup.dup.dup.dup.dup.dup.dup.dup.dup.dup.dup.dup.dup.dup.dup.dup.dup.dup.dup.dup.dup.dup.dup.dup.dup.dup.dup.dup.dup.dup.dup.dup.dup.dup.dup.dup.dup.dup.dup.dup.dup.dup.dup.json: ya existe cita #4. skip
[LEAD FAIL] prospecto_20260807.done.done.done.done.done.done.dup.dup.dup.dup.dup.dup.dup.dup.dup.dup.dup.dup.dup.dup.dup.dup.dup.dup.dup.dup.dup.dup.dup.dup.dup.dup.dup.dup.dup.dup.dup.dup.dup.dup.dup.dup.dup.dup.dup.dup.dup.dup.dup.dup.dup.dup.dup.dup.dup.dup.json: [Errno 36] File name too long: '/home/mystic/Documentos/Sonora Digital Corp Nuevo/01_Core_Platform/03_Agentic_Infrastructure/Databases/Aztrotech_Citas/leads/prospecto_20260807.done.done.done.done.done.done.dup.dup.dup.dup.dup.dup.dup.dup.dup.dup.dup.dup.dup.dup.dup.dup.dup.dup.dup.dup.dup.dup.dup.dup.dup.dup.dup.dup.dup.dup.dup.dup.dup.dup.dup.dup.dup.dup.dup.dup.dup.dup.dup.dup.dup.dup.dup.dup.dup.dup.json' -> '/home/mystic/Documentos/Sonora Digital Corp Nuevo/01_Core_Platform/03_Agentic_Infrastructure/Databases/Aztrotech_Citas/leads/prospecto_20260807.done.done.done.done.done.done.dup.dup.dup.dup.dup.dup.dup.dup.dup.dup.dup.dup.dup.dup.dup.dup.dup.dup.dup.dup.dup.dup.dup.dup.dup.dup.dup.dup.dup.dup.dup.dup.dup.dup.dup.dup.dup.dup.dup.dup.dup.dup.dup.dup.dup.dup.dup.dup.dup.dup.dup.json'
[INGEST] 0 leads nuevos, 0 duplicados saltados.
[DUP LEAD] prospecto_20260807.done.done.done.done.done.done.dup.dup.dup.dup.dup.dup.dup.dup.dup.dup.dup.dup.dup.dup.dup.dup.dup.dup.dup.dup.dup.dup.dup.dup.dup.dup.dup.dup.dup.dup.dup.dup.dup.dup.dup.dup.dup.dup.dup.dup.dup.dup.dup.dup.dup.dup.dup.dup.dup.dup.json: ya existe cita #4. skip
[LEAD FAIL] prospecto_20260807.done.done.done.done.done.done.dup.dup.dup.dup.dup.dup.dup.dup.dup.dup.dup.dup.dup.dup.dup.dup.dup.dup.dup.dup.dup.dup.dup.dup.dup.dup.dup.dup.dup.dup.dup.dup.dup.dup.dup.dup.dup.dup.dup.dup.dup.dup.dup.dup.dup.dup.dup.dup.dup.dup.json: [Errno 36] File name too long: '/home/mystic/Documentos/Sonora Digital Corp Nuevo/01_Core_Platform/03_Agentic_Infrastructure/Databases/Aztrotech_Citas/leads/prospecto_20260807.done.done.done.done.done.done.dup.dup.dup.dup.dup.dup.dup.dup.dup.dup.dup.dup.dup.dup.dup.dup.dup.dup.dup.dup.dup.dup.dup.dup.dup.dup.dup.dup.dup.dup.dup.dup.dup.dup.dup.dup.dup.dup.dup.dup.dup.dup.dup.dup.dup.dup.dup.dup.dup.dup.json' -> '/home/mystic/Documentos/Sonora Digital Corp Nuevo/01_Core_Platform/03_Agentic_Infrastructure/Databases/Aztrotech_Citas/leads/prospecto_20260807.done.done.done.done.done.done.dup.dup.dup.dup.dup.dup.dup.dup.dup.dup.dup.dup.dup.dup.dup.dup.dup.dup.dup.dup.dup.dup.dup.dup.dup.dup.dup.dup.dup.dup.dup.dup.dup.dup.dup.dup.dup.dup.dup.dup.dup.dup.dup.dup.dup.dup.dup.dup.dup.dup.dup.json'
[INGEST] 0 leads nuevos, 0 duplicados saltados.
[DUP LEAD] prospecto_20260807.done.done.done.done.done.done.dup.dup.dup.dup.dup.dup.dup.dup.dup.dup.dup.dup.dup.dup.dup.dup.dup.dup.dup.dup.dup.dup.dup.dup.dup.dup.dup.dup.dup.dup.dup.dup.dup.dup.dup.dup.dup.dup.dup.dup.dup.dup.dup.dup.dup.dup.dup.dup.dup.dup.json: ya existe cita #4. skip
[LEAD FAIL] prospecto_20260807.done.done.done.done.done.done.dup.dup.dup.dup.dup.dup.dup.dup.dup.dup.dup.dup.dup.dup.dup.dup.dup.dup.dup.dup.dup.dup.dup.dup.dup.dup.dup.dup.dup.dup.dup.dup.dup.dup.dup.dup.dup.dup.dup.dup.dup.dup.dup.dup.dup.dup.dup.dup.dup.dup.json: [Errno 36] File name too long: '/home/mystic/Documentos/Sonora Digital Corp Nuevo/01_Core_Platform/03_Agentic_Infrastructure/Databases/Aztrotech_Citas/leads/prospecto_20260807.done.done.done.done.done.done.dup.dup.dup.dup.dup.dup.dup.dup.dup.dup.dup.dup.dup.dup.dup.dup.dup.dup.dup.dup.dup.dup.dup.dup.dup.dup.dup.dup.dup.dup.dup.dup.dup.dup.dup.dup.dup.dup.dup.dup.dup.dup.dup.dup.dup.dup.dup.dup.dup.dup.json' -> '/home/mystic/Documentos/Sonora Digital Corp Nuevo/01_Core_Platform/03_Agentic_Infrastructure/Databases/Aztrotech_Citas/leads/prospecto_20260807.done.done.done.done.done.done.dup.dup.dup.dup.dup.dup.dup.dup.dup.dup.dup.dup.dup.dup.dup.dup.dup.dup.dup.dup.dup.dup.dup.dup.dup.dup.dup.dup.dup.dup.dup.dup.dup.dup.dup.dup.dup.dup.dup.dup.dup.dup.dup.dup.dup.dup.dup.dup.dup.dup.dup.json'
[INGEST] 0 leads nuevos, 0 duplicados saltados.
[DUP LEAD] prospecto_20260807.done.done.done.done.done.done.dup.dup.dup.dup.dup.dup.dup.dup.dup.dup.dup.dup.dup.dup.dup.dup.dup.dup.dup.dup.dup.dup.dup.dup.dup.dup.dup.dup.dup.dup.dup.dup.dup.dup.dup.dup.dup.dup.dup.dup.dup.dup.dup.dup.dup.dup.dup.dup.dup.dup.json: ya existe cita #4. skip
[LEAD FAIL] prospecto_20260807.done.done.done.done.done.done.dup.dup.dup.dup.dup.dup.dup.dup.dup.dup.dup.dup.dup.dup.dup.dup.dup.dup.dup.dup.dup.dup.dup.dup.dup.dup.dup.dup.dup.dup.dup.dup.dup.dup.dup.dup.dup.dup.dup.dup.dup.dup.dup.dup.dup.dup.dup.dup.dup.dup.json: [Errno 36] File name too long: '/home/mystic/Documentos/Sonora Digital Corp Nuevo/01_Core_Platform/03_Agentic_Infrastructure/Databases/Aztrotech_Citas/leads/prospecto_20260807.done.done.done.done.done.done.dup.dup.dup.dup.dup.dup.dup.dup.dup.dup.dup.dup.dup.dup.dup.dup.dup.dup.dup.dup.dup.dup.dup.dup.dup.dup.dup.dup.dup.dup.dup.dup.dup.dup.dup.dup.dup.dup.dup.dup.dup.dup.dup.dup.dup.dup.dup.dup.dup.dup.json' -> '/home/mystic/Documentos/Sonora Digital Corp Nuevo/01_Core_Platform/03_Agentic_Infrastructure/Databases/Aztrotech_Citas/leads/prospecto_20260807.done.done.done.done.done.done.dup.dup.dup.dup.dup.dup.dup.dup.dup.dup.dup.dup.dup.dup.dup.dup.dup.dup.dup.dup.dup.dup.dup.dup.dup.dup.dup.dup.dup.dup.dup.dup.dup.dup.dup.dup.dup.dup.dup.dup.dup.dup.dup.dup.dup.dup.dup.dup.dup.dup.dup.json'
[INGEST] 0 leads nuevos, 0 duplicados saltados.
[DUP LEAD] prospecto_20260807.done.done.done.done.done.done.dup.dup.dup.dup.dup.dup.dup.dup.dup.dup.dup.dup.dup.dup.dup.dup.dup.dup.dup.dup.dup.dup.dup.dup.dup.dup.dup.dup.dup.dup.dup.dup.dup.dup.dup.dup.dup.dup.dup.dup.dup.dup.dup.dup.dup.dup.dup.dup.dup.dup.json: ya existe cita #4. skip
[LEAD FAIL] prospecto_20260807.done.done.done.done.done.done.dup.dup.dup.dup.dup.dup.dup.dup.dup.dup.dup.dup.dup.dup.dup.dup.dup.dup.dup.dup.dup.dup.dup.dup.dup.dup.dup.dup.dup.dup.dup.dup.dup.dup.dup.dup.dup.dup.dup.dup.dup.dup.dup.dup.dup.dup.dup.dup.dup.dup.json: [Errno 36] File name too long: '/home/mystic/Documentos/Sonora Digital Corp Nuevo/01_Core_Platform/03_Agentic_Infrastructure/Databases/Aztrotech_Citas/leads/prospecto_20260807.done.done.done.done.done.done.dup.dup.dup.dup.dup.dup.dup.dup.dup.dup.dup.dup.dup.dup.dup.dup.dup.dup.dup.dup.dup.dup.dup.dup.dup.dup.dup.dup.dup.dup.dup.dup.dup.dup.dup.dup.dup.dup.dup.dup.dup.dup.dup.dup.dup.dup.dup.dup.dup.dup.json' -> '/home/mystic/Documentos/Sonora Digital Corp Nuevo/01_Core_Platform/03_Agentic_Infrastructure/Databases/Aztrotech_Citas/leads/prospecto_20260807.done.done.done.done.done.done.dup.dup.dup.dup.dup.dup.dup.dup.dup.dup.dup.dup.dup.dup.dup.dup.dup.dup.dup.dup.dup.dup.dup.dup.dup.dup.dup.dup.dup.dup.dup.dup.dup.dup.dup.dup.dup.dup.dup.dup.dup.dup.dup.dup.dup.dup.dup.dup.dup.dup.dup.json'
[INGEST] 0 leads nuevos, 0 duplicados saltados.
[DUP LEAD] prospecto_20260807.done.done.done.done.done.done.dup.dup.dup.dup.dup.dup.dup.dup.dup.dup.dup.dup.dup.dup.dup.dup.dup.dup.dup.dup.dup.dup.dup.dup.dup.dup.dup.dup.dup.dup.dup.dup.dup.dup.dup.dup.dup.dup.dup.dup.dup.dup.dup.dup.dup.dup.dup.dup.dup.dup.json: ya existe cita #4. skip
[LEAD FAIL] prospecto_20260807.done.done.done.done.done.done.dup.dup.dup.dup.dup.dup.dup.dup.dup.dup.dup.dup.dup.dup.dup.dup.dup.dup.dup.dup.dup.dup.dup.dup.dup.dup.dup.dup.dup.dup.dup.dup.dup.dup.dup.dup.dup.dup.dup.dup.dup.dup.dup.dup.dup.dup.dup.dup.dup.dup.json: [Errno 36] File name too long: '/home/mystic/Documentos/Sonora Digital Corp Nuevo/01_Core_Platform/03_Agentic_Infrastructure/Databases/Aztrotech_Citas/leads/prospecto_20260807.done.done.done.done.done.done.dup.dup.dup.dup.dup.dup.dup.dup.dup.dup.dup.dup.dup.dup.dup.dup.dup.dup.dup.dup.dup.dup.dup.dup.dup.dup.dup.dup.dup.dup.dup.dup.dup.dup.dup.dup.dup.dup.dup.dup.dup.dup.dup.dup.dup.dup.dup.dup.dup.dup.json' -> '/home/mystic/Documentos/Sonora Digital Corp Nuevo/01_Core_Platform/03_Agentic_Infrastructure/Databases/Aztrotech_Citas/leads/prospecto_20260807.done.done.done.done.done.done.dup.dup.dup.dup.dup.dup.dup.dup.dup.dup.dup.dup.dup.dup.dup.dup.dup.dup.dup.dup.dup.dup.dup.dup.dup.dup.dup.dup.dup.dup.dup.dup.dup.dup.dup.dup.dup.dup.dup.dup.dup.dup.dup.dup.dup.dup.dup.dup.dup.dup.dup.json'
[INGEST] 0 leads nuevos, 0 duplicados saltados.
[DUP LEAD] prospecto_20260807.done.done.done.done.done.done.dup.dup.dup.dup.dup.dup.dup.dup.dup.dup.dup.dup.dup.dup.dup.dup.dup.dup.dup.dup.dup.dup.dup.dup.dup.dup.dup.dup.dup.dup.dup.dup.dup.dup.dup.dup.dup.dup.dup.dup.dup.dup.dup.dup.dup.dup.dup.dup.dup.dup.json: ya existe cita #4. skip
[LEAD FAIL] prospecto_20260807.done.done.done.done.done.done.dup.dup.dup.dup.dup.dup.dup.dup.dup.dup.dup.dup.dup.dup.dup.dup.dup.dup.dup.dup.dup.dup.dup.dup.dup.dup.dup.dup.dup.dup.dup.dup.dup.dup.dup.dup.dup.dup.dup.dup.dup.dup.dup.dup.dup.dup.dup.dup.dup.dup.json: [Errno 36] File name too long: '/home/mystic/Documentos/Sonora Digital Corp Nuevo/01_Core_Platform/03_Agentic_Infrastructure/Databases/Aztrotech_Citas/leads/prospecto_20260807.done.done.done.done.done.done.dup.dup.dup.dup.dup.dup.dup.dup.dup.dup.dup.dup.dup.dup.dup.dup.dup.dup.dup.dup.dup.dup.dup.dup.dup.dup.dup.dup.dup.dup.dup.dup.dup.dup.dup.dup.dup.dup.dup.dup.dup.dup.dup.dup.dup.dup.dup.dup.dup.dup.json' -> '/home/mystic/Documentos/Sonora Digital Corp Nuevo/01_Core_Platform/03_Agentic_Infrastructure/Databases/Aztrotech_Citas/leads/prospecto_20260807.done.done.done.done.done.done.dup.dup.dup.dup.dup.dup.dup.dup.dup.dup.dup.dup.dup.dup.dup.dup.dup.dup.dup.dup.dup.dup.dup.dup.dup.dup.dup.dup.dup.dup.dup.dup.dup.dup.dup.dup.dup.dup.dup.dup.dup.dup.dup.dup.dup.dup.dup.dup.dup.dup.dup.json'
[INGEST] 0 leads nuevos, 0 duplicados saltados.
[DUP LEAD] prospecto_20260807.done.done.done.done.done.done.dup.dup.dup.dup.dup.dup.dup.dup.dup.dup.dup.dup.dup.dup.dup.dup.dup.dup.dup.dup.dup.dup.dup.dup.dup.dup.dup.dup.dup.dup.dup.dup.dup.dup.dup.dup.dup.dup.dup.dup.dup.dup.dup.dup.dup.dup.dup.dup.dup.dup.json: ya existe cita #4. skip
[LEAD FAIL] prospecto_20260807.done.done.done.done.done.done.dup.dup.dup.dup.dup.dup.dup.dup.dup.dup.dup.dup.dup.dup.dup.dup.dup.dup.dup.dup.dup.dup.dup.dup.dup.dup.dup.dup.dup.dup.dup.dup.dup.dup.dup.dup.dup.dup.dup.dup.dup.dup.dup.dup.dup.dup.dup.dup.dup.dup.json: [Errno 36] File name too long: '/home/mystic/Documentos/Sonora Digital Corp Nuevo/01_Core_Platform/03_Agentic_Infrastructure/Databases/Aztrotech_Citas/leads/prospecto_20260807.done.done.done.done.done.done.dup.dup.dup.dup.dup.dup.dup.dup.dup.dup.dup.dup.dup.dup.dup.dup.dup.dup.dup.dup.dup.dup.dup.dup.dup.dup.dup.dup.dup.dup.dup.dup.dup.dup.dup.dup.dup.dup.dup.dup.dup.dup.dup.dup.dup.dup.dup.dup.dup.dup.json' -> '/home/mystic/Documentos/Sonora Digital Corp Nuevo/01_Core_Platform/03_Agentic_Infrastructure/Databases/Aztrotech_Citas/leads/prospecto_20260807.done.done.done.done.done.done.dup.dup.dup.dup.dup.dup.dup.dup.dup.dup.dup.dup.dup.dup.dup.dup.dup.dup.dup.dup.dup.dup.dup.dup.dup.dup.dup.dup.dup.dup.dup.dup.dup.dup.dup.dup.dup.dup.dup.dup.dup.dup.dup.dup.dup.dup.dup.dup.dup.dup.dup.json'
[INGEST] 0 leads nuevos, 0 duplicados saltados.
[DUP LEAD] prospecto_20260807.done.done.done.done.done.done.dup.dup.dup.dup.dup.dup.dup.dup.dup.dup.dup.dup.dup.dup.dup.dup.dup.dup.dup.dup.dup.dup.dup.dup.dup.dup.dup.dup.dup.dup.dup.dup.dup.dup.dup.dup.dup.dup.dup.dup.dup.dup.dup.dup.dup.dup.dup.dup.dup.dup.json: ya existe cita #4. skip
[LEAD FAIL] prospecto_20260807.done.done.done.done.done.done.dup.dup.dup.dup.dup.dup.dup.dup.dup.dup.dup.dup.dup.dup.dup.dup.dup.dup.dup.dup.dup.dup.dup.dup.dup.dup.dup.dup.dup.dup.dup.dup.dup.dup.dup.dup.dup.dup.dup.dup.dup.dup.dup.dup.dup.dup.dup.dup.dup.dup.json: [Errno 36] File name too long: '/home/mystic/Documentos/Sonora Digital Corp Nuevo/01_Core_Platform/03_Agentic_Infrastructure/Databases/Aztrotech_Citas/leads/prospecto_20260807.done.done.done.done.done.done.dup.dup.dup.dup.dup.dup.dup.dup.dup.dup.dup.dup.dup.dup.dup.dup.dup.dup.dup.dup.dup.dup.dup.dup.dup.dup.dup.dup.dup.dup.dup.dup.dup.dup.dup.dup.dup.dup.dup.dup.dup.dup.dup.dup.dup.dup.dup.dup.dup.dup.json' -> '/home/mystic/Documentos/Sonora Digital Corp Nuevo/01_Core_Platform/03_Agentic_Infrastructure/Databases/Aztrotech_Citas/leads/prospecto_20260807.done.done.done.done.done.done.dup.dup.dup.dup.dup.dup.dup.dup.dup.dup.dup.dup.dup.dup.dup.dup.dup.dup.dup.dup.dup.dup.dup.dup.dup.dup.dup.dup.dup.dup.dup.dup.dup.dup.dup.dup.dup.dup.dup.dup.dup.dup.dup.dup.dup.dup.dup.dup.dup.dup.dup.json'
[INGEST] 0 leads nuevos, 0 duplicados saltados.
[DUP LEAD] prospecto_20260807.done.done.done.done.done.done.dup.dup.dup.dup.dup.dup.dup.dup.dup.dup.dup.dup.dup.dup.dup.dup.dup.dup.dup.dup.dup.dup.dup.dup.dup.dup.dup.dup.dup.dup.dup.dup.dup.dup.dup.dup.dup.dup.dup.dup.dup.dup.dup.dup.dup.dup.dup.dup.dup.dup.json: ya existe cita #4. skip
[LEAD FAIL] prospecto_20260807.done.done.done.done.done.done.dup.dup.dup.dup.dup.dup.dup.dup.dup.dup.dup.dup.dup.dup.dup.dup.dup.dup.dup.dup.dup.dup.dup.dup.dup.dup.dup.dup.dup.dup.dup.dup.dup.dup.dup.dup.dup.dup.dup.dup.dup.dup.dup.dup.dup.dup.dup.dup.dup.dup.json: [Errno 36] File name too long: '/home/mystic/Documentos/Sonora Digital Corp Nuevo/01_Core_Platform/03_Agentic_Infrastructure/Databases/Aztrotech_Citas/leads/prospecto_20260807.done.done.done.done.done.done.dup.dup.dup.dup.dup.dup.dup.dup.dup.dup.dup.dup.dup.dup.dup.dup.dup.dup.dup.dup.dup.dup.dup.dup.dup.dup.dup.dup.dup.dup.dup.dup.dup.dup.dup.dup.dup.dup.dup.dup.dup.dup.dup.dup.dup.dup.dup.dup.dup.dup.json' -> '/home/mystic/Documentos/Sonora Digital Corp Nuevo/01_Core_Platform/03_Agentic_Infrastructure/Databases/Aztrotech_Citas/leads/prospecto_20260807.done.done.done.done.done.done.dup.dup.dup.dup.dup.dup.dup.dup.dup.dup.dup.dup.dup.dup.dup.dup.dup.dup.dup.dup.dup.dup.dup.dup.dup.dup.dup.dup.dup.dup.dup.dup.dup.dup.dup.dup.dup.dup.dup.dup.dup.dup.dup.dup.dup.dup.dup.dup.dup.dup.dup.json'
[INGEST] 0 leads nuevos, 0 duplicados saltados.
[DUP LEAD] prospecto_20260807.done.done.done.done.done.done.dup.dup.dup.dup.dup.dup.dup.dup.dup.dup.dup.dup.dup.dup.dup.dup.dup.dup.dup.dup.dup.dup.dup.dup.dup.dup.dup.dup.dup.dup.dup.dup.dup.dup.dup.dup.dup.dup.dup.dup.dup.dup.dup.dup.dup.dup.dup.dup.dup.dup.json: ya existe cita #4. skip
[LEAD FAIL] prospecto_20260807.done.done.done.done.done.done.dup.dup.dup.dup.dup.dup.dup.dup.dup.dup.dup.dup.dup.dup.dup.dup.dup.dup.dup.dup.dup.dup.dup.dup.dup.dup.dup.dup.dup.dup.dup.dup.dup.dup.dup.dup.dup.dup.dup.dup.dup.dup.dup.dup.dup.dup.dup.dup.dup.dup.json: [Errno 36] File name too long: '/home/mystic/Documentos/Sonora Digital Corp Nuevo/01_Core_Platform/03_Agentic_Infrastructure/Databases/Aztrotech_Citas/leads/prospecto_20260807.done.done.done.done.done.done.dup.dup.dup.dup.dup.dup.dup.dup.dup.dup.dup.dup.dup.dup.dup.dup.dup.dup.dup.dup.dup.dup.dup.dup.dup.dup.dup.dup.dup.dup.dup.dup.dup.dup.dup.dup.dup.dup.dup.dup.dup.dup.dup.dup.dup.dup.dup.dup.dup.dup.json' -> '/home/mystic/Documentos/Sonora Digital Corp Nuevo/01_Core_Platform/03_Agentic_Infrastructure/Databases/Aztrotech_Citas/leads/prospecto_20260807.done.done.done.done.done.done.dup.dup.dup.dup.dup.dup.dup.dup.dup.dup.dup.dup.dup.dup.dup.dup.dup.dup.dup.dup.dup.dup.dup.dup.dup.dup.dup.dup.dup.dup.dup.dup.dup.dup.dup.dup.dup.dup.dup.dup.dup.dup.dup.dup.dup.dup.dup.dup.dup.dup.dup.json'
[INGEST] 0 leads nuevos, 0 duplicados saltados.
[DUP LEAD] prospecto_20260807.done.done.done.done.done.done.dup.dup.dup.dup.dup.dup.dup.dup.dup.dup.dup.dup.dup.dup.dup.dup.dup.dup.dup.dup.dup.dup.dup.dup.dup.dup.dup.dup.dup.dup.dup.dup.dup.dup.dup.dup.dup.dup.dup.dup.dup.dup.dup.dup.dup.dup.dup.dup.dup.dup.json: ya existe cita #4. skip
[LEAD FAIL] prospecto_20260807.done.done.done.done.done.done.dup.dup.dup.dup.dup.dup.dup.dup.dup.dup.dup.dup.dup.dup.dup.dup.dup.dup.dup.dup.dup.dup.dup.dup.dup.dup.dup.dup.dup.dup.dup.dup.dup.dup.dup.dup.dup.dup.dup.dup.dup.dup.dup.dup.dup.dup.dup.dup.dup.dup.json: [Errno 36] File name too long: '/home/mystic/Documentos/Sonora Digital Corp Nuevo/01_Core_Platform/03_Agentic_Infrastructure/Databases/Aztrotech_Citas/leads/prospecto_20260807.done.done.done.done.done.done.dup.dup.dup.dup.dup.dup.dup.dup.dup.dup.dup.dup.dup.dup.dup.dup.dup.dup.dup.dup.dup.dup.dup.dup.dup.dup.dup.dup.dup.dup.dup.dup.dup.dup.dup.dup.dup.dup.dup.dup.dup.dup.dup.dup.dup.dup.dup.dup.dup.dup.json' -> '/home/mystic/Documentos/Sonora Digital Corp Nuevo/01_Core_Platform/03_Agentic_Infrastructure/Databases/Aztrotech_Citas/leads/prospecto_20260807.done.done.done.done.done.done.dup.dup.dup.dup.dup.dup.dup.dup.dup.dup.dup.dup.dup.dup.dup.dup.dup.dup.dup.dup.dup.dup.dup.dup.dup.dup.dup.dup.dup.dup.dup.dup.dup.dup.dup.dup.dup.dup.dup.dup.dup.dup.dup.dup.dup.dup.dup.dup.dup.dup.dup.json'
[INGEST] 0 leads nuevos, 0 duplicados saltados.
[DUP LEAD] prospecto_20260807.done.done.done.done.done.done.dup.dup.dup.dup.dup.dup.dup.dup.dup.dup.dup.dup.dup.dup.dup.dup.dup.dup.dup.dup.dup.dup.dup.dup.dup.dup.dup.dup.dup.dup.dup.dup.dup.dup.dup.dup.dup.dup.dup.dup.dup.dup.dup.dup.dup.dup.dup.dup.dup.dup.json: ya existe cita #4. skip
[LEAD FAIL] prospecto_20260807.done.done.done.done.done.done.dup.dup.dup.dup.dup.dup.dup.dup.dup.dup.dup.dup.dup.dup.dup.dup.dup.dup.dup.dup.dup.dup.dup.dup.dup.dup.dup.dup.dup.dup.dup.dup.dup.dup.dup.dup.dup.dup.dup.dup.dup.dup.dup.dup.dup.dup.dup.dup.dup.dup.json: [Errno 36] File name too long: '/home/mystic/Documentos/Sonora Digital Corp Nuevo/01_Core_Platform/03_Agentic_Infrastructure/Databases/Aztrotech_Citas/leads/prospecto_20260807.done.done.done.done.done.done.dup.dup.dup.dup.dup.dup.dup.dup.dup.dup.dup.dup.dup.dup.dup.dup.dup.dup.dup.dup.dup.dup.dup.dup.dup.dup.dup.dup.dup.dup.dup.dup.dup.dup.dup.dup.dup.dup.dup.dup.dup.dup.dup.dup.dup.dup.dup.dup.dup.dup.json' -> '/home/mystic/Documentos/Sonora Digital Corp Nuevo/01_Core_Platform/03_Agentic_Infrastructure/Databases/Aztrotech_Citas/leads/prospecto_20260807.done.done.done.done.done.done.dup.dup.dup.dup.dup.dup.dup.dup.dup.dup.dup.dup.dup.dup.dup.dup.dup.dup.dup.dup.dup.dup.dup.dup.dup.dup.dup.dup.dup.dup.dup.dup.dup.dup.dup.dup.dup.dup.dup.dup.dup.dup.dup.dup.dup.dup.dup.dup.dup.dup.dup.json'
[INGEST] 0 leads nuevos, 0 duplicados saltados.
[DUP LEAD] prospecto_20260807.done.done.done.done.done.done.dup.dup.dup.dup.dup.dup.dup.dup.dup.dup.dup.dup.dup.dup.dup.dup.dup.dup.dup.dup.dup.dup.dup.dup.dup.dup.dup.dup.dup.dup.dup.dup.dup.dup.dup.dup.dup.dup.dup.dup.dup.dup.dup.dup.dup.dup.dup.dup.dup.dup.json: ya existe cita #4. skip
[LEAD FAIL] prospecto_20260807.done.done.done.done.done.done.dup.dup.dup.dup.dup.dup.dup.dup.dup.dup.dup.dup.dup.dup.dup.dup.dup.dup.dup.dup.dup.dup.dup.dup.dup.dup.dup.dup.dup.dup.dup.dup.dup.dup.dup.dup.dup.dup.dup.dup.dup.dup.dup.dup.dup.dup.dup.dup.dup.dup.json: [Errno 36] File name too long: '/home/mystic/Documentos/Sonora Digital Corp Nuevo/01_Core_Platform/03_Agentic_Infrastructure/Databases/Aztrotech_Citas/leads/prospecto_20260807.done.done.done.done.done.done.dup.dup.dup.dup.dup.dup.dup.dup.dup.dup.dup.dup.dup.dup.dup.dup.dup.dup.dup.dup.dup.dup.dup.dup.dup.dup.dup.dup.dup.dup.dup.dup.dup.dup.dup.dup.dup.dup.dup.dup.dup.dup.dup.dup.dup.dup.dup.dup.dup.dup.json' -> '/home/mystic/Documentos/Sonora Digital Corp Nuevo/01_Core_Platform/03_Agentic_Infrastructure/Databases/Aztrotech_Citas/leads/prospecto_20260807.done.done.done.done.done.done.dup.dup.dup.dup.dup.dup.dup.dup.dup.dup.dup.dup.dup.dup.dup.dup.dup.dup.dup.dup.dup.dup.dup.dup.dup.dup.dup.dup.dup.dup.dup.dup.dup.dup.dup.dup.dup.dup.dup.dup.dup.dup.dup.dup.dup.dup.dup.dup.dup.dup.dup.json'
[INGEST] 0 leads nuevos, 0 duplicados saltados.
[DUP LEAD] prospecto_20260807.done.done.done.done.done.done.dup.dup.dup.dup.dup.dup.dup.dup.dup.dup.dup.dup.dup.dup.dup.dup.dup.dup.dup.dup.dup.dup.dup.dup.dup.dup.dup.dup.dup.dup.dup.dup.dup.dup.dup.dup.dup.dup.dup.dup.dup.dup.dup.dup.dup.dup.dup.dup.dup.dup.json: ya existe cita #4. skip
[LEAD FAIL] prospecto_20260807.done.done.done.done.done.done.dup.dup.dup.dup.dup.dup.dup.dup.dup.dup.dup.dup.dup.dup.dup.dup.dup.dup.dup.dup.dup.dup.dup.dup.dup.dup.dup.dup.dup.dup.dup.dup.dup.dup.dup.dup.dup.dup.dup.dup.dup.dup.dup.dup.dup.dup.dup.dup.dup.dup.json: [Errno 36] File name too long: '/home/mystic/Documentos/Sonora Digital Corp Nuevo/01_Core_Platform/03_Agentic_Infrastructure/Databases/Aztrotech_Citas/leads/prospecto_20260807.done.done.done.done.done.done.dup.dup.dup.dup.dup.dup.dup.dup.dup.dup.dup.dup.dup.dup.dup.dup.dup.dup.dup.dup.dup.dup.dup.dup.dup.dup.dup.dup.dup.dup.dup.dup.dup.dup.dup.dup.dup.dup.dup.dup.dup.dup.dup.dup.dup.dup.dup.dup.dup.dup.json' -> '/home/mystic/Documentos/Sonora Digital Corp Nuevo/01_Core_Platform/03_Agentic_Infrastructure/Databases/Aztrotech_Citas/leads/prospecto_20260807.done.done.done.done.done.done.dup.dup.dup.dup.dup.dup.dup.dup.dup.dup.dup.dup.dup.dup.dup.dup.dup.dup.dup.dup.dup.dup.dup.dup.dup.dup.dup.dup.dup.dup.dup.dup.dup.dup.dup.dup.dup.dup.dup.dup.dup.dup.dup.dup.dup.dup.dup.dup.dup.dup.dup.json'
[INGEST] 0 leads nuevos, 0 duplicados saltados.
[DUP LEAD] prospecto_20260807.done.done.done.done.done.done.dup.dup.dup.dup.dup.dup.dup.dup.dup.dup.dup.dup.dup.dup.dup.dup.dup.dup.dup.dup.dup.dup.dup.dup.dup.dup.dup.dup.dup.dup.dup.dup.dup.dup.dup.dup.dup.dup.dup.dup.dup.dup.dup.dup.dup.dup.dup.dup.dup.dup.json: ya existe cita #4. skip
[LEAD FAIL] prospecto_20260807.done.done.done.done.done.done.dup.dup.dup.dup.dup.dup.dup.dup.dup.dup.dup.dup.dup.dup.dup.dup.dup.dup.dup.dup.dup.dup.dup.dup.dup.dup.dup.dup.dup.dup.dup.dup.dup.dup.dup.dup.dup.dup.dup.dup.dup.dup.dup.dup.dup.dup.dup.dup.dup.dup.json: [Errno 36] File name too long: '/home/mystic/Documentos/Sonora Digital Corp Nuevo/01_Core_Platform/03_Agentic_Infrastructure/Databases/Aztrotech_Citas/leads/prospecto_20260807.done.done.done.done.done.done.dup.dup.dup.dup.dup.dup.dup.dup.dup.dup.dup.dup.dup.dup.dup.dup.dup.dup.dup.dup.dup.dup.dup.dup.dup.dup.dup.dup.dup.dup.dup.dup.dup.dup.dup.dup.dup.dup.dup.dup.dup.dup.dup.dup.dup.dup.dup.dup.dup.dup.json' -> '/home/mystic/Documentos/Sonora Digital Corp Nuevo/01_Core_Platform/03_Agentic_Infrastructure/Databases/Aztrotech_Citas/leads/prospecto_20260807.done.done.done.done.done.done.dup.dup.dup.dup.dup.dup.dup.dup.dup.dup.dup.dup.dup.dup.dup.dup.dup.dup.dup.dup.dup.dup.dup.dup.dup.dup.dup.dup.dup.dup.dup.dup.dup.dup.dup.dup.dup.dup.dup.dup.dup.dup.dup.dup.dup.dup.dup.dup.dup.dup.dup.json'
[INGEST] 0 leads nuevos, 0 duplicados saltados.
[DUP LEAD] prospecto_20260807.done.done.done.done.done.done.dup.dup.dup.dup.dup.dup.dup.dup.dup.dup.dup.dup.dup.dup.dup.dup.dup.dup.dup.dup.dup.dup.dup.dup.dup.dup.dup.dup.dup.dup.dup.dup.dup.dup.dup.dup.dup.dup.dup.dup.dup.dup.dup.dup.dup.dup.dup.dup.dup.dup.json: ya existe cita #4. skip
[LEAD FAIL] prospecto_20260807.done.done.done.done.done.done.dup.dup.dup.dup.dup.dup.dup.dup.dup.dup.dup.dup.dup.dup.dup.dup.dup.dup.dup.dup.dup.dup.dup.dup.dup.dup.dup.dup.dup.dup.dup.dup.dup.dup.dup.dup.dup.dup.dup.dup.dup.dup.dup.dup.dup.dup.dup.dup.dup.dup.json: [Errno 36] File name too long: '/home/mystic/Documentos/Sonora Digital Corp Nuevo/01_Core_Platform/03_Agentic_Infrastructure/Databases/Aztrotech_Citas/leads/prospecto_20260807.done.done.done.done.done.done.dup.dup.dup.dup.dup.dup.dup.dup.dup.dup.dup.dup.dup.dup.dup.dup.dup.dup.dup.dup.dup.dup.dup.dup.dup.dup.dup.dup.dup.dup.dup.dup.dup.dup.dup.dup.dup.dup.dup.dup.dup.dup.dup.dup.dup.dup.dup.dup.dup.dup.json' -> '/home/mystic/Documentos/Sonora Digital Corp Nuevo/01_Core_Platform/03_Agentic_Infrastructure/Databases/Aztrotech_Citas/leads/prospecto_20260807.done.done.done.done.done.done.dup.dup.dup.dup.dup.dup.dup.dup.dup.dup.dup.dup.dup.dup.dup.dup.dup.dup.dup.dup.dup.dup.dup.dup.dup.dup.dup.dup.dup.dup.dup.dup.dup.dup.dup.dup.dup.dup.dup.dup.dup.dup.dup.dup.dup.dup.dup.dup.dup.dup.dup.json'
[INGEST] 0 leads nuevos, 0 duplicados saltados.
[DUP LEAD] prospecto_20260807.done.done.done.done.done.done.dup.dup.dup.dup.dup.dup.dup.dup.dup.dup.dup.dup.dup.dup.dup.dup.dup.dup.dup.dup.dup.dup.dup.dup.dup.dup.dup.dup.dup.dup.dup.dup.dup.dup.dup.dup.dup.dup.dup.dup.dup.dup.dup.dup.dup.dup.dup.dup.dup.dup.json: ya existe cita #4. skip
[LEAD FAIL] prospecto_20260807.done.done.done.done.done.done.dup.dup.dup.dup.dup.dup.dup.dup.dup.dup.dup.dup.dup.dup.dup.dup.dup.dup.dup.dup.dup.dup.dup.dup.dup.dup.dup.dup.dup.dup.dup.dup.dup.dup.dup.dup.dup.dup.dup.dup.dup.dup.dup.dup.dup.dup.dup.dup.dup.dup.json: [Errno 36] File name too long: '/home/mystic/Documentos/Sonora Digital Corp Nuevo/01_Core_Platform/03_Agentic_Infrastructure/Databases/Aztrotech_Citas/leads/prospecto_20260807.done.done.done.done.done.done.dup.dup.dup.dup.dup.dup.dup.dup.dup.dup.dup.dup.dup.dup.dup.dup.dup.dup.dup.dup.dup.dup.dup.dup.dup.dup.dup.dup.dup.dup.dup.dup.dup.dup.dup.dup.dup.dup.dup.dup.dup.dup.dup.dup.dup.dup.dup.dup.dup.dup.json' -> '/home/mystic/Documentos/Sonora Digital Corp Nuevo/01_Core_Platform/03_Agentic_Infrastructure/Databases/Aztrotech_Citas/leads/prospecto_20260807.done.done.done.done.done.done.dup.dup.dup.dup.dup.dup.dup.dup.dup.dup.dup.dup.dup.dup.dup.dup.dup.dup.dup.dup.dup.dup.dup.dup.dup.dup.dup.dup.dup.dup.dup.dup.dup.dup.dup.dup.dup.dup.dup.dup.dup.dup.dup.dup.dup.dup.dup.dup.dup.dup.dup.json'
[INGEST] 0 leads nuevos, 0 duplicados saltados.
[DUP LEAD] prospecto_20260807.done.done.done.done.done.done.dup.dup.dup.dup.dup.dup.dup.dup.dup.dup.dup.dup.dup.dup.dup.dup.dup.dup.dup.dup.dup.dup.dup.dup.dup.dup.dup.dup.dup.dup.dup.dup.dup.dup.dup.dup.dup.dup.dup.dup.dup.dup.dup.dup.dup.dup.dup.dup.dup.dup.json: ya existe cita #4. skip
[LEAD FAIL] prospecto_20260807.done.done.done.done.done.done.dup.dup.dup.dup.dup.dup.dup.dup.dup.dup.dup.dup.dup.dup.dup.dup.dup.dup.dup.dup.dup.dup.dup.dup.dup.dup.dup.dup.dup.dup.dup.dup.dup.dup.dup.dup.dup.dup.dup.dup.dup.dup.dup.dup.dup.dup.dup.dup.dup.dup.json: [Errno 36] File name too long: '/home/mystic/Documentos/Sonora Digital Corp Nuevo/01_Core_Platform/03_Agentic_Infrastructure/Databases/Aztrotech_Citas/leads/prospecto_20260807.done.done.done.done.done.done.dup.dup.dup.dup.dup.dup.dup.dup.dup.dup.dup.dup.dup.dup.dup.dup.dup.dup.dup.dup.dup.dup.dup.dup.dup.dup.dup.dup.dup.dup.dup.dup.dup.dup.dup.dup.dup.dup.dup.dup.dup.dup.dup.dup.dup.dup.dup.dup.dup.dup.json' -> '/home/mystic/Documentos/Sonora Digital Corp Nuevo/01_Core_Platform/03_Agentic_Infrastructure/Databases/Aztrotech_Citas/leads/prospecto_20260807.done.done.done.done.done.done.dup.dup.dup.dup.dup.dup.dup.dup.dup.dup.dup.dup.dup.dup.dup.dup.dup.dup.dup.dup.dup.dup.dup.dup.dup.dup.dup.dup.dup.dup.dup.dup.dup.dup.dup.dup.dup.dup.dup.dup.dup.dup.dup.dup.dup.dup.dup.dup.dup.dup.dup.json'
[INGEST] 0 leads nuevos, 0 duplicados saltados.
[DUP LEAD] prospecto_20260807.done.done.done.done.done.done.dup.dup.dup.dup.dup.dup.dup.dup.dup.dup.dup.dup.dup.dup.dup.dup.dup.dup.dup.dup.dup.dup.dup.dup.dup.dup.dup.dup.dup.dup.dup.dup.dup.dup.dup.dup.dup.dup.dup.dup.dup.dup.dup.dup.dup.dup.dup.dup.dup.dup.json: ya existe cita #4. skip
[LEAD FAIL] prospecto_20260807.done.done.done.done.done.done.dup.dup.dup.dup.dup.dup.dup.dup.dup.dup.dup.dup.dup.dup.dup.dup.dup.dup.dup.dup.dup.dup.dup.dup.dup.dup.dup.dup.dup.dup.dup.dup.dup.dup.dup.dup.dup.dup.dup.dup.dup.dup.dup.dup.dup.dup.dup.dup.dup.dup.json: [Errno 36] File name too long: '/home/mystic/Documentos/Sonora Digital Corp Nuevo/01_Core_Platform/03_Agentic_Infrastructure/Databases/Aztrotech_Citas/leads/prospecto_20260807.done.done.done.done.done.done.dup.dup.dup.dup.dup.dup.dup.dup.dup.dup.dup.dup.dup.dup.dup.dup.dup.dup.dup.dup.dup.dup.dup.dup.dup.dup.dup.dup.dup.dup.dup.dup.dup.dup.dup.dup.dup.dup.dup.dup.dup.dup.dup.dup.dup.dup.dup.dup.dup.dup.json' -> '/home/mystic/Documentos/Sonora Digital Corp Nuevo/01_Core_Platform/03_Agentic_Infrastructure/Databases/Aztrotech_Citas/leads/prospecto_20260807.done.done.done.done.done.done.dup.dup.dup.dup.dup.dup.dup.dup.dup.dup.dup.dup.dup.dup.dup.dup.dup.dup.dup.dup.dup.dup.dup.dup.dup.dup.dup.dup.dup.dup.dup.dup.dup.dup.dup.dup.dup.dup.dup.dup.dup.dup.dup.dup.dup.dup.dup.dup.dup.dup.dup.json'
[INGEST] 0 leads nuevos, 0 duplicados saltados.
[DUP LEAD] prospecto_20260807.done.done.done.done.done.done.dup.dup.dup.dup.dup.dup.dup.dup.dup.dup.dup.dup.dup.dup.dup.dup.dup.dup.dup.dup.dup.dup.dup.dup.dup.dup.dup.dup.dup.dup.dup.dup.dup.dup.dup.dup.dup.dup.dup.dup.dup.dup.dup.dup.dup.dup.dup.dup.dup.dup.json: ya existe cita #4. skip
[LEAD FAIL] prospecto_20260807.done.done.done.done.done.done.dup.dup.dup.dup.dup.dup.dup.dup.dup.dup.dup.dup.dup.dup.dup.dup.dup.dup.dup.dup.dup.dup.dup.dup.dup.dup.dup.dup.dup.dup.dup.dup.dup.dup.dup.dup.dup.dup.dup.dup.dup.dup.dup.dup.dup.dup.dup.dup.dup.dup.json: [Errno 36] File name too long: '/home/mystic/Documentos/Sonora Digital Corp Nuevo/01_Core_Platform/03_Agentic_Infrastructure/Databases/Aztrotech_Citas/leads/prospecto_20260807.done.done.done.done.done.done.dup.dup.dup.dup.dup.dup.dup.dup.dup.dup.dup.dup.dup.dup.dup.dup.dup.dup.dup.dup.dup.dup.dup.dup.dup.dup.dup.dup.dup.dup.dup.dup.dup.dup.dup.dup.dup.dup.dup.dup.dup.dup.dup.dup.dup.dup.dup.dup.dup.dup.json' -> '/home/mystic/Documentos/Sonora Digital Corp Nuevo/01_Core_Platform/03_Agentic_Infrastructure/Databases/Aztrotech_Citas/leads/prospecto_20260807.done.done.done.done.done.done.dup.dup.dup.dup.dup.dup.dup.dup.dup.dup.dup.dup.dup.dup.dup.dup.dup.dup.dup.dup.dup.dup.dup.dup.dup.dup.dup.dup.dup.dup.dup.dup.dup.dup.dup.dup.dup.dup.dup.dup.dup.dup.dup.dup.dup.dup.dup.dup.dup.dup.dup.json'
[INGEST] 0 leads nuevos, 0 duplicados saltados.
[DUP LEAD] prospecto_20260807.done.done.done.done.done.done.dup.dup.dup.dup.dup.dup.dup.dup.dup.dup.dup.dup.dup.dup.dup.dup.dup.dup.dup.dup.dup.dup.dup.dup.dup.dup.dup.dup.dup.dup.dup.dup.dup.dup.dup.dup.dup.dup.dup.dup.dup.dup.dup.dup.dup.dup.dup.dup.dup.dup.json: ya existe cita #4. skip
[LEAD FAIL] prospecto_20260807.done.done.done.done.done.done.dup.dup.dup.dup.dup.dup.dup.dup.dup.dup.dup.dup.dup.dup.dup.dup.dup.dup.dup.dup.dup.dup.dup.dup.dup.dup.dup.dup.dup.dup.dup.dup.dup.dup.dup.dup.dup.dup.dup.dup.dup.dup.dup.dup.dup.dup.dup.dup.dup.dup.json: [Errno 36] File name too long: '/home/mystic/Documentos/Sonora Digital Corp Nuevo/01_Core_Platform/03_Agentic_Infrastructure/Databases/Aztrotech_Citas/leads/prospecto_20260807.done.done.done.done.done.done.dup.dup.dup.dup.dup.dup.dup.dup.dup.dup.dup.dup.dup.dup.dup.dup.dup.dup.dup.dup.dup.dup.dup.dup.dup.dup.dup.dup.dup.dup.dup.dup.dup.dup.dup.dup.dup.dup.dup.dup.dup.dup.dup.dup.dup.dup.dup.dup.dup.dup.json' -> '/home/mystic/Documentos/Sonora Digital Corp Nuevo/01_Core_Platform/03_Agentic_Infrastructure/Databases/Aztrotech_Citas/leads/prospecto_20260807.done.done.done.done.done.done.dup.dup.dup.dup.dup.dup.dup.dup.dup.dup.dup.dup.dup.dup.dup.dup.dup.dup.dup.dup.dup.dup.dup.dup.dup.dup.dup.dup.dup.dup.dup.dup.dup.dup.dup.dup.dup.dup.dup.dup.dup.dup.dup.dup.dup.dup.dup.dup.dup.dup.dup.json'
[INGEST] 0 leads nuevos, 0 duplicados saltados.
[DUP LEAD] prospecto_20260807.done.done.done.done.done.done.dup.dup.dup.dup.dup.dup.dup.dup.dup.dup.dup.dup.dup.dup.dup.dup.dup.dup.dup.dup.dup.dup.dup.dup.dup.dup.dup.dup.dup.dup.dup.dup.dup.dup.dup.dup.dup.dup.dup.dup.dup.dup.dup.dup.dup.dup.dup.dup.dup.dup.json: ya existe cita #4. skip
[LEAD FAIL] prospecto_20260807.done.done.done.done.done.done.dup.dup.dup.dup.dup.dup.dup.dup.dup.dup.dup.dup.dup.dup.dup.dup.dup.dup.dup.dup.dup.dup.dup.dup.dup.dup.dup.dup.dup.dup.dup.dup.dup.dup.dup.dup.dup.dup.dup.dup.dup.dup.dup.dup.dup.dup.dup.dup.dup.dup.json: [Errno 36] File name too long: '/home/mystic/Documentos/Sonora Digital Corp Nuevo/01_Core_Platform/03_Agentic_Infrastructure/Databases/Aztrotech_Citas/leads/prospecto_20260807.done.done.done.done.done.done.dup.dup.dup.dup.dup.dup.dup.dup.dup.dup.dup.dup.dup.dup.dup.dup.dup.dup.dup.dup.dup.dup.dup.dup.dup.dup.dup.dup.dup.dup.dup.dup.dup.dup.dup.dup.dup.dup.dup.dup.dup.dup.dup.dup.dup.dup.dup.dup.dup.dup.json' -> '/home/mystic/Documentos/Sonora Digital Corp Nuevo/01_Core_Platform/03_Agentic_Infrastructure/Databases/Aztrotech_Citas/leads/prospecto_20260807.done.done.done.done.done.done.dup.dup.dup.dup.dup.dup.dup.dup.dup.dup.dup.dup.dup.dup.dup.dup.dup.dup.dup.dup.dup.dup.dup.dup.dup.dup.dup.dup.dup.dup.dup.dup.dup.dup.dup.dup.dup.dup.dup.dup.dup.dup.dup.dup.dup.dup.dup.dup.dup.dup.dup.json'
[INGEST] 0 leads nuevos, 0 duplicados saltados.
[DUP LEAD] prospecto_20260807.done.done.done.done.done.done.dup.dup.dup.dup.dup.dup.dup.dup.dup.dup.dup.dup.dup.dup.dup.dup.dup.dup.dup.dup.dup.dup.dup.dup.dup.dup.dup.dup.dup.dup.dup.dup.dup.dup.dup.dup.dup.dup.dup.dup.dup.dup.dup.dup.dup.dup.dup.dup.dup.dup.json: ya existe cita #4. skip
[LEAD FAIL] prospecto_20260807.done.done.done.done.done.done.dup.dup.dup.dup.dup.dup.dup.dup.dup.dup.dup.dup.dup.dup.dup.dup.dup.dup.dup.dup.dup.dup.dup.dup.dup.dup.dup.dup.dup.dup.dup.dup.dup.dup.dup.dup.dup.dup.dup.dup.dup.dup.dup.dup.dup.dup.dup.dup.dup.dup.json: [Errno 36] File name too long: '/home/mystic/Documentos/Sonora Digital Corp Nuevo/01_Core_Platform/03_Agentic_Infrastructure/Databases/Aztrotech_Citas/leads/prospecto_20260807.done.done.done.done.done.done.dup.dup.dup.dup.dup.dup.dup.dup.dup.dup.dup.dup.dup.dup.dup.dup.dup.dup.dup.dup.dup.dup.dup.dup.dup.dup.dup.dup.dup.dup.dup.dup.dup.dup.dup.dup.dup.dup.dup.dup.dup.dup.dup.dup.dup.dup.dup.dup.dup.dup.json' -> '/home/mystic/Documentos/Sonora Digital Corp Nuevo/01_Core_Platform/03_Agentic_Infrastructure/Databases/Aztrotech_Citas/leads/prospecto_20260807.done.done.done.done.done.done.dup.dup.dup.dup.dup.dup.dup.dup.dup.dup.dup.dup.dup.dup.dup.dup.dup.dup.dup.dup.dup.dup.dup.dup.dup.dup.dup.dup.dup.dup.dup.dup.dup.dup.dup.dup.dup.dup.dup.dup.dup.dup.dup.dup.dup.dup.dup.dup.dup.dup.dup.json'
[INGEST] 0 leads nuevos, 0 duplicados saltados.
[DUP LEAD] prospecto_20260807.done.done.done.done.done.done.dup.dup.dup.dup.dup.dup.dup.dup.dup.dup.dup.dup.dup.dup.dup.dup.dup.dup.dup.dup.dup.dup.dup.dup.dup.dup.dup.dup.dup.dup.dup.dup.dup.dup.dup.dup.dup.dup.dup.dup.dup.dup.dup.dup.dup.dup.dup.dup.dup.dup.json: ya existe cita #4. skip
[LEAD FAIL] prospecto_20260807.done.done.done.done.done.done.dup.dup.dup.dup.dup.dup.dup.dup.dup.dup.dup.dup.dup.dup.dup.dup.dup.dup.dup.dup.dup.dup.dup.dup.dup.dup.dup.dup.dup.dup.dup.dup.dup.dup.dup.dup.dup.dup.dup.dup.dup.dup.dup.dup.dup.dup.dup.dup.dup.dup.json: [Errno 36] File name too long: '/home/mystic/Documentos/Sonora Digital Corp Nuevo/01_Core_Platform/03_Agentic_Infrastructure/Databases/Aztrotech_Citas/leads/prospecto_20260807.done.done.done.done.done.done.dup.dup.dup.dup.dup.dup.dup.dup.dup.dup.dup.dup.dup.dup.dup.dup.dup.dup.dup.dup.dup.dup.dup.dup.dup.dup.dup.dup.dup.dup.dup.dup.dup.dup.dup.dup.dup.dup.dup.dup.dup.dup.dup.dup.dup.dup.dup.dup.dup.dup.json' -> '/home/mystic/Documentos/Sonora Digital Corp Nuevo/01_Core_Platform/03_Agentic_Infrastructure/Databases/Aztrotech_Citas/leads/prospecto_20260807.done.done.done.done.done.done.dup.dup.dup.dup.dup.dup.dup.dup.dup.dup.dup.dup.dup.dup.dup.dup.dup.dup.dup.dup.dup.dup.dup.dup.dup.dup.dup.dup.dup.dup.dup.dup.dup.dup.dup.dup.dup.dup.dup.dup.dup.dup.dup.dup.dup.dup.dup.dup.dup.dup.dup.json'
[INGEST] 0 leads nuevos, 0 duplicados saltados.
[DUP LEAD] prospecto_20260807.done.done.done.done.done.done.dup.dup.dup.dup.dup.dup.dup.dup.dup.dup.dup.dup.dup.dup.dup.dup.dup.dup.dup.dup.dup.dup.dup.dup.dup.dup.dup.dup.dup.dup.dup.dup.dup.dup.dup.dup.dup.dup.dup.dup.dup.dup.dup.dup.dup.dup.dup.dup.dup.dup.json: ya existe cita #4. skip
[LEAD FAIL] prospecto_20260807.done.done.done.done.done.done.dup.dup.dup.dup.dup.dup.dup.dup.dup.dup.dup.dup.dup.dup.dup.dup.dup.dup.dup.dup.dup.dup.dup.dup.dup.dup.dup.dup.dup.dup.dup.dup.dup.dup.dup.dup.dup.dup.dup.dup.dup.dup.dup.dup.dup.dup.dup.dup.dup.dup.json: [Errno 36] File name too long: '/home/mystic/Documentos/Sonora Digital Corp Nuevo/01_Core_Platform/03_Agentic_Infrastructure/Databases/Aztrotech_Citas/leads/prospecto_20260807.done.done.done.done.done.done.dup.dup.dup.dup.dup.dup.dup.dup.dup.dup.dup.dup.dup.dup.dup.dup.dup.dup.dup.dup.dup.dup.dup.dup.dup.dup.dup.dup.dup.dup.dup.dup.dup.dup.dup.dup.dup.dup.dup.dup.dup.dup.dup.dup.dup.dup.dup.dup.dup.dup.json' -> '/home/mystic/Documentos/Sonora Digital Corp Nuevo/01_Core_Platform/03_Agentic_Infrastructure/Databases/Aztrotech_Citas/leads/prospecto_20260807.done.done.done.done.done.done.dup.dup.dup.dup.dup.dup.dup.dup.dup.dup.dup.dup.dup.dup.dup.dup.dup.dup.dup.dup.dup.dup.dup.dup.dup.dup.dup.dup.dup.dup.dup.dup.dup.dup.dup.dup.dup.dup.dup.dup.dup.dup.dup.dup.dup.dup.dup.dup.dup.dup.dup.json'
[INGEST] 0 leads nuevos, 0 duplicados saltados.
[DUP LEAD] prospecto_20260807.done.done.done.done.done.done.dup.dup.dup.dup.dup.dup.dup.dup.dup.dup.dup.dup.dup.dup.dup.dup.dup.dup.dup.dup.dup.dup.dup.dup.dup.dup.dup.dup.dup.dup.dup.dup.dup.dup.dup.dup.dup.dup.dup.dup.dup.dup.dup.dup.dup.dup.dup.dup.dup.dup.json: ya existe cita #4. skip
[LEAD FAIL] prospecto_20260807.done.done.done.done.done.done.dup.dup.dup.dup.dup.dup.dup.dup.dup.dup.dup.dup.dup.dup.dup.dup.dup.dup.dup.dup.dup.dup.dup.dup.dup.dup.dup.dup.dup.dup.dup.dup.dup.dup.dup.dup.dup.dup.dup.dup.dup.dup.dup.dup.dup.dup.dup.dup.dup.dup.json: [Errno 36] File name too long: '/home/mystic/Documentos/Sonora Digital Corp Nuevo/01_Core_Platform/03_Agentic_Infrastructure/Databases/Aztrotech_Citas/leads/prospecto_20260807.done.done.done.done.done.done.dup.dup.dup.dup.dup.dup.dup.dup.dup.dup.dup.dup.dup.dup.dup.dup.dup.dup.dup.dup.dup.dup.dup.dup.dup.dup.dup.dup.dup.dup.dup.dup.dup.dup.dup.dup.dup.dup.dup.dup.dup.dup.dup.dup.dup.dup.dup.dup.dup.dup.json' -> '/home/mystic/Documentos/Sonora Digital Corp Nuevo/01_Core_Platform/03_Agentic_Infrastructure/Databases/Aztrotech_Citas/leads/prospecto_20260807.done.done.done.done.done.done.dup.dup.dup.dup.dup.dup.dup.dup.dup.dup.dup.dup.dup.dup.dup.dup.dup.dup.dup.dup.dup.dup.dup.dup.dup.dup.dup.dup.dup.dup.dup.dup.dup.dup.dup.dup.dup.dup.dup.dup.dup.dup.dup.dup.dup.dup.dup.dup.dup.dup.dup.json'
[INGEST] 0 leads nuevos, 0 duplicados saltados.
[DUP LEAD] prospecto_20260807.done.done.done.done.done.done.dup.dup.dup.dup.dup.dup.dup.dup.dup.dup.dup.dup.dup.dup.dup.dup.dup.dup.dup.dup.dup.dup.dup.dup.dup.dup.dup.dup.dup.dup.dup.dup.dup.dup.dup.dup.dup.dup.dup.dup.dup.dup.dup.dup.dup.dup.dup.dup.dup.dup.json: ya existe cita #4. skip
[LEAD FAIL] prospecto_20260807.done.done.done.done.done.done.dup.dup.dup.dup.dup.dup.dup.dup.dup.dup.dup.dup.dup.dup.dup.dup.dup.dup.dup.dup.dup.dup.dup.dup.dup.dup.dup.dup.dup.dup.dup.dup.dup.dup.dup.dup.dup.dup.dup.dup.dup.dup.dup.dup.dup.dup.dup.dup.dup.dup.json: [Errno 36] File name too long: '/home/mystic/Documentos/Sonora Digital Corp Nuevo/01_Core_Platform/03_Agentic_Infrastructure/Databases/Aztrotech_Citas/leads/prospecto_20260807.done.done.done.done.done.done.dup.dup.dup.dup.dup.dup.dup.dup.dup.dup.dup.dup.dup.dup.dup.dup.dup.dup.dup.dup.dup.dup.dup.dup.dup.dup.dup.dup.dup.dup.dup.dup.dup.dup.dup.dup.dup.dup.dup.dup.dup.dup.dup.dup.dup.dup.dup.dup.dup.dup.json' -> '/home/mystic/Documentos/Sonora Digital Corp Nuevo/01_Core_Platform/03_Agentic_Infrastructure/Databases/Aztrotech_Citas/leads/prospecto_20260807.done.done.done.done.done.done.dup.dup.dup.dup.dup.dup.dup.dup.dup.dup.dup.dup.dup.dup.dup.dup.dup.dup.dup.dup.dup.dup.dup.dup.dup.dup.dup.dup.dup.dup.dup.dup.dup.dup.dup.dup.dup.dup.dup.dup.dup.dup.dup.dup.dup.dup.dup.dup.dup.dup.dup.json'
[INGEST] 0 leads nuevos, 0 duplicados saltados.
[DUP LEAD] prospecto_20260807.done.done.done.done.done.done.dup.dup.dup.dup.dup.dup.dup.dup.dup.dup.dup.dup.dup.dup.dup.dup.dup.dup.dup.dup.dup.dup.dup.dup.dup.dup.dup.dup.dup.dup.dup.dup.dup.dup.dup.dup.dup.dup.dup.dup.dup.dup.dup.dup.dup.dup.dup.dup.dup.dup.json: ya existe cita #4. skip
[LEAD FAIL] prospecto_20260807.done.done.done.done.done.done.dup.dup.dup.dup.dup.dup.dup.dup.dup.dup.dup.dup.dup.dup.dup.dup.dup.dup.dup.dup.dup.dup.dup.dup.dup.dup.dup.dup.dup.dup.dup.dup.dup.dup.dup.dup.dup.dup.dup.dup.dup.dup.dup.dup.dup.dup.dup.dup.dup.dup.json: [Errno 36] File name too long: '/home/mystic/Documentos/Sonora Digital Corp Nuevo/01_Core_Platform/03_Agentic_Infrastructure/Databases/Aztrotech_Citas/leads/prospecto_20260807.done.done.done.done.done.done.dup.dup.dup.dup.dup.dup.dup.dup.dup.dup.dup.dup.dup.dup.dup.dup.dup.dup.dup.dup.dup.dup.dup.dup.dup.dup.dup.dup.dup.dup.dup.dup.dup.dup.dup.dup.dup.dup.dup.dup.dup.dup.dup.dup.dup.dup.dup.dup.dup.dup.json' -> '/home/mystic/Documentos/Sonora Digital Corp Nuevo/01_Core_Platform/03_Agentic_Infrastructure/Databases/Aztrotech_Citas/leads/prospecto_20260807.done.done.done.done.done.done.dup.dup.dup.dup.dup.dup.dup.dup.dup.dup.dup.dup.dup.dup.dup.dup.dup.dup.dup.dup.dup.dup.dup.dup.dup.dup.dup.dup.dup.dup.dup.dup.dup.dup.dup.dup.dup.dup.dup.dup.dup.dup.dup.dup.dup.dup.dup.dup.dup.dup.dup.json'
[INGEST] 0 leads nuevos, 0 duplicados saltados.
[DUP LEAD] prospecto_20260807.done.done.done.done.done.done.dup.dup.dup.dup.dup.dup.dup.dup.dup.dup.dup.dup.dup.dup.dup.dup.dup.dup.dup.dup.dup.dup.dup.dup.dup.dup.dup.dup.dup.dup.dup.dup.dup.dup.dup.dup.dup.dup.dup.dup.dup.dup.dup.dup.dup.dup.dup.dup.dup.dup.json: ya existe cita #4. skip
[LEAD FAIL] prospecto_20260807.done.done.done.done.done.done.dup.dup.dup.dup.dup.dup.dup.dup.dup.dup.dup.dup.dup.dup.dup.dup.dup.dup.dup.dup.dup.dup.dup.dup.dup.dup.dup.dup.dup.dup.dup.dup.dup.dup.dup.dup.dup.dup.dup.dup.dup.dup.dup.dup.dup.dup.dup.dup.dup.dup.json: [Errno 36] File name too long: '/home/mystic/Documentos/Sonora Digital Corp Nuevo/01_Core_Platform/03_Agentic_Infrastructure/Databases/Aztrotech_Citas/leads/prospecto_20260807.done.done.done.done.done.done.dup.dup.dup.dup.dup.dup.dup.dup.dup.dup.dup.dup.dup.dup.dup.dup.dup.dup.dup.dup.dup.dup.dup.dup.dup.dup.dup.dup.dup.dup.dup.dup.dup.dup.dup.dup.dup.dup.dup.dup.dup.dup.dup.dup.dup.dup.dup.dup.dup.dup.json' -> '/home/mystic/Documentos/Sonora Digital Corp Nuevo/01_Core_Platform/03_Agentic_Infrastructure/Databases/Aztrotech_Citas/leads/prospecto_20260807.done.done.done.done.done.done.dup.dup.dup.dup.dup.dup.dup.dup.dup.dup.dup.dup.dup.dup.dup.dup.dup.dup.dup.dup.dup.dup.dup.dup.dup.dup.dup.dup.dup.dup.dup.dup.dup.dup.dup.dup.dup.dup.dup.dup.dup.dup.dup.dup.dup.dup.dup.dup.dup.dup.dup.json'
[INGEST] 0 leads nuevos, 0 duplicados saltados.
[DUP LEAD] prospecto_20260807.done.done.done.done.done.done.dup.dup.dup.dup.dup.dup.dup.dup.dup.dup.dup.dup.dup.dup.dup.dup.dup.dup.dup.dup.dup.dup.dup.dup.dup.dup.dup.dup.dup.dup.dup.dup.dup.dup.dup.dup.dup.dup.dup.dup.dup.dup.dup.dup.dup.dup.dup.dup.dup.dup.json: ya existe cita #4. skip
[LEAD FAIL] prospecto_20260807.done.done.done.done.done.done.dup.dup.dup.dup.dup.dup.dup.dup.dup.dup.dup.dup.dup.dup.dup.dup.dup.dup.dup.dup.dup.dup.dup.dup.dup.dup.dup.dup.dup.dup.dup.dup.dup.dup.dup.dup.dup.dup.dup.dup.dup.dup.dup.dup.dup.dup.dup.dup.dup.dup.json: [Errno 36] File name too long: '/home/mystic/Documentos/Sonora Digital Corp Nuevo/01_Core_Platform/03_Agentic_Infrastructure/Databases/Aztrotech_Citas/leads/prospecto_20260807.done.done.done.done.done.done.dup.dup.dup.dup.dup.dup.dup.dup.dup.dup.dup.dup.dup.dup.dup.dup.dup.dup.dup.dup.dup.dup.dup.dup.dup.dup.dup.dup.dup.dup.dup.dup.dup.dup.dup.dup.dup.dup.dup.dup.dup.dup.dup.dup.dup.dup.dup.dup.dup.dup.json' -> '/home/mystic/Documentos/Sonora Digital Corp Nuevo/01_Core_Platform/03_Agentic_Infrastructure/Databases/Aztrotech_Citas/leads/prospecto_20260807.done.done.done.done.done.done.dup.dup.dup.dup.dup.dup.dup.dup.dup.dup.dup.dup.dup.dup.dup.dup.dup.dup.dup.dup.dup.dup.dup.dup.dup.dup.dup.dup.dup.dup.dup.dup.dup.dup.dup.dup.dup.dup.dup.dup.dup.dup.dup.dup.dup.dup.dup.dup.dup.dup.dup.json'
[INGEST] 0 leads nuevos, 0 duplicados saltados.
[DUP LEAD] prospecto_20260807.done.done.done.done.done.done.dup.dup.dup.dup.dup.dup.dup.dup.dup.dup.dup.dup.dup.dup.dup.dup.dup.dup.dup.dup.dup.dup.dup.dup.dup.dup.dup.dup.dup.dup.dup.dup.dup.dup.dup.dup.dup.dup.dup.dup.dup.dup.dup.dup.dup.dup.dup.dup.dup.dup.json: ya existe cita #4. skip
[LEAD FAIL] prospecto_20260807.done.done.done.done.done.done.dup.dup.dup.dup.dup.dup.dup.dup.dup.dup.dup.dup.dup.dup.dup.dup.dup.dup.dup.dup.dup.dup.dup.dup.dup.dup.dup.dup.dup.dup.dup.dup.dup.dup.dup.dup.dup.dup.dup.dup.dup.dup.dup.dup.dup.dup.dup.dup.dup.dup.json: [Errno 36] File name too long: '/home/mystic/Documentos/Sonora Digital Corp Nuevo/01_Core_Platform/03_Agentic_Infrastructure/Databases/Aztrotech_Citas/leads/prospecto_20260807.done.done.done.done.done.done.dup.dup.dup.dup.dup.dup.dup.dup.dup.dup.dup.dup.dup.dup.dup.dup.dup.dup.dup.dup.dup.dup.dup.dup.dup.dup.dup.dup.dup.dup.dup.dup.dup.dup.dup.dup.dup.dup.dup.dup.dup.dup.dup.dup.dup.dup.dup.dup.dup.dup.json' -> '/home/mystic/Documentos/Sonora Digital Corp Nuevo/01_Core_Platform/03_Agentic_Infrastructure/Databases/Aztrotech_Citas/leads/prospecto_20260807.done.done.done.done.done.done.dup.dup.dup.dup.dup.dup.dup.dup.dup.dup.dup.dup.dup.dup.dup.dup.dup.dup.dup.dup.dup.dup.dup.dup.dup.dup.dup.dup.dup.dup.dup.dup.dup.dup.dup.dup.dup.dup.dup.dup.dup.dup.dup.dup.dup.dup.dup.dup.dup.dup.dup.json'
[INGEST] 0 leads nuevos, 0 duplicados saltados.
[DUP LEAD] prospecto_20260807.done.done.done.done.done.done.dup.dup.dup.dup.dup.dup.dup.dup.dup.dup.dup.dup.dup.dup.dup.dup.dup.dup.dup.dup.dup.dup.dup.dup.dup.dup.dup.dup.dup.dup.dup.dup.dup.dup.dup.dup.dup.dup.dup.dup.dup.dup.dup.dup.dup.dup.dup.dup.dup.dup.json: ya existe cita #4. skip
[LEAD FAIL] prospecto_20260807.done.done.done.done.done.done.dup.dup.dup.dup.dup.dup.dup.dup.dup.dup.dup.dup.dup.dup.dup.dup.dup.dup.dup.dup.dup.dup.dup.dup.dup.dup.dup.dup.dup.dup.dup.dup.dup.dup.dup.dup.dup.dup.dup.dup.dup.dup.dup.dup.dup.dup.dup.dup.dup.dup.json: [Errno 36] File name too long: '/home/mystic/Documentos/Sonora Digital Corp Nuevo/01_Core_Platform/03_Agentic_Infrastructure/Databases/Aztrotech_Citas/leads/prospecto_20260807.done.done.done.done.done.done.dup.dup.dup.dup.dup.dup.dup.dup.dup.dup.dup.dup.dup.dup.dup.dup.dup.dup.dup.dup.dup.dup.dup.dup.dup.dup.dup.dup.dup.dup.dup.dup.dup.dup.dup.dup.dup.dup.dup.dup.dup.dup.dup.dup.dup.dup.dup.dup.dup.dup.json' -> '/home/mystic/Documentos/Sonora Digital Corp Nuevo/01_Core_Platform/03_Agentic_Infrastructure/Databases/Aztrotech_Citas/leads/prospecto_20260807.done.done.done.done.done.done.dup.dup.dup.dup.dup.dup.dup.dup.dup.dup.dup.dup.dup.dup.dup.dup.dup.dup.dup.dup.dup.dup.dup.dup.dup.dup.dup.dup.dup.dup.dup.dup.dup.dup.dup.dup.dup.dup.dup.dup.dup.dup.dup.dup.dup.dup.dup.dup.dup.dup.dup.json'
[INGEST] 0 leads nuevos, 0 duplicados saltados.
[DUP LEAD] prospecto_20260807.done.done.done.done.done.done.dup.dup.dup.dup.dup.dup.dup.dup.dup.dup.dup.dup.dup.dup.dup.dup.dup.dup.dup.dup.dup.dup.dup.dup.dup.dup.dup.dup.dup.dup.dup.dup.dup.dup.dup.dup.dup.dup.dup.dup.dup.dup.dup.dup.dup.dup.dup.dup.dup.dup.json: ya existe cita #4. skip
[LEAD FAIL] prospecto_20260807.done.done.done.done.done.done.dup.dup.dup.dup.dup.dup.dup.dup.dup.dup.dup.dup.dup.dup.dup.dup.dup.dup.dup.dup.dup.dup.dup.dup.dup.dup.dup.dup.dup.dup.dup.dup.dup.dup.dup.dup.dup.dup.dup.dup.dup.dup.dup.dup.dup.dup.dup.dup.dup.dup.json: [Errno 36] File name too long: '/home/mystic/Documentos/Sonora Digital Corp Nuevo/01_Core_Platform/03_Agentic_Infrastructure/Databases/Aztrotech_Citas/leads/prospecto_20260807.done.done.done.done.done.done.dup.dup.dup.dup.dup.dup.dup.dup.dup.dup.dup.dup.dup.dup.dup.dup.dup.dup.dup.dup.dup.dup.dup.dup.dup.dup.dup.dup.dup.dup.dup.dup.dup.dup.dup.dup.dup.dup.dup.dup.dup.dup.dup.dup.dup.dup.dup.dup.dup.dup.json' -> '/home/mystic/Documentos/Sonora Digital Corp Nuevo/01_Core_Platform/03_Agentic_Infrastructure/Databases/Aztrotech_Citas/leads/prospecto_20260807.done.done.done.done.done.done.dup.dup.dup.dup.dup.dup.dup.dup.dup.dup.dup.dup.dup.dup.dup.dup.dup.dup.dup.dup.dup.dup.dup.dup.dup.dup.dup.dup.dup.dup.dup.dup.dup.dup.dup.dup.dup.dup.dup.dup.dup.dup.dup.dup.dup.dup.dup.dup.dup.dup.dup.json'
[INGEST] 0 leads nuevos, 0 duplicados saltados.
[DUP LEAD] prospecto_20260807.done.done.done.done.done.done.dup.dup.dup.dup.dup.dup.dup.dup.dup.dup.dup.dup.dup.dup.dup.dup.dup.dup.dup.dup.dup.dup.dup.dup.dup.dup.dup.dup.dup.dup.dup.dup.dup.dup.dup.dup.dup.dup.dup.dup.dup.dup.dup.dup.dup.dup.dup.dup.dup.dup.json: ya existe cita #4. skip
[LEAD FAIL] prospecto_20260807.done.done.done.done.done.done.dup.dup.dup.dup.dup.dup.dup.dup.dup.dup.dup.dup.dup.dup.dup.dup.dup.dup.dup.dup.dup.dup.dup.dup.dup.dup.dup.dup.dup.dup.dup.dup.dup.dup.dup.dup.dup.dup.dup.dup.dup.dup.dup.dup.dup.dup.dup.dup.dup.dup.json: [Errno 36] File name too long: '/home/mystic/Documentos/Sonora Digital Corp Nuevo/01_Core_Platform/03_Agentic_Infrastructure/Databases/Aztrotech_Citas/leads/prospecto_20260807.done.done.done.done.done.done.dup.dup.dup.dup.dup.dup.dup.dup.dup.dup.dup.dup.dup.dup.dup.dup.dup.dup.dup.dup.dup.dup.dup.dup.dup.dup.dup.dup.dup.dup.dup.dup.dup.dup.dup.dup.dup.dup.dup.dup.dup.dup.dup.dup.dup.dup.dup.dup.dup.dup.json' -> '/home/mystic/Documentos/Sonora Digital Corp Nuevo/01_Core_Platform/03_Agentic_Infrastructure/Databases/Aztrotech_Citas/leads/prospecto_20260807.done.done.done.done.done.done.dup.dup.dup.dup.dup.dup.dup.dup.dup.dup.dup.dup.dup.dup.dup.dup.dup.dup.dup.dup.dup.dup.dup.dup.dup.dup.dup.dup.dup.dup.dup.dup.dup.dup.dup.dup.dup.dup.dup.dup.dup.dup.dup.dup.dup.dup.dup.dup.dup.dup.dup.json'
[INGEST] 0 leads nuevos, 0 duplicados saltados.
[DUP LEAD] prospecto_20260807.done.done.done.done.done.done.dup.dup.dup.dup.dup.dup.dup.dup.dup.dup.dup.dup.dup.dup.dup.dup.dup.dup.dup.dup.dup.dup.dup.dup.dup.dup.dup.dup.dup.dup.dup.dup.dup.dup.dup.dup.dup.dup.dup.dup.dup.dup.dup.dup.dup.dup.dup.dup.dup.dup.json: ya existe cita #4. skip
[LEAD FAIL] prospecto_20260807.done.done.done.done.done.done.dup.dup.dup.dup.dup.dup.dup.dup.dup.dup.dup.dup.dup.dup.dup.dup.dup.dup.dup.dup.dup.dup.dup.dup.dup.dup.dup.dup.dup.dup.dup.dup.dup.dup.dup.dup.dup.dup.dup.dup.dup.dup.dup.dup.dup.dup.dup.dup.dup.dup.json: [Errno 36] File name too long: '/home/mystic/Documentos/Sonora Digital Corp Nuevo/01_Core_Platform/03_Agentic_Infrastructure/Databases/Aztrotech_Citas/leads/prospecto_20260807.done.done.done.done.done.done.dup.dup.dup.dup.dup.dup.dup.dup.dup.dup.dup.dup.dup.dup.dup.dup.dup.dup.dup.dup.dup.dup.dup.dup.dup.dup.dup.dup.dup.dup.dup.dup.dup.dup.dup.dup.dup.dup.dup.dup.dup.dup.dup.dup.dup.dup.dup.dup.dup.dup.json' -> '/home/mystic/Documentos/Sonora Digital Corp Nuevo/01_Core_Platform/03_Agentic_Infrastructure/Databases/Aztrotech_Citas/leads/prospecto_20260807.done.done.done.done.done.done.dup.dup.dup.dup.dup.dup.dup.dup.dup.dup.dup.dup.dup.dup.dup.dup.dup.dup.dup.dup.dup.dup.dup.dup.dup.dup.dup.dup.dup.dup.dup.dup.dup.dup.dup.dup.dup.dup.dup.dup.dup.dup.dup.dup.dup.dup.dup.dup.dup.dup.dup.json'
[INGEST] 0 leads nuevos, 0 duplicados saltados.
[DUP LEAD] prospecto_20260807.done.done.done.done.done.done.dup.dup.dup.dup.dup.dup.dup.dup.dup.dup.dup.dup.dup.dup.dup.dup.dup.dup.dup.dup.dup.dup.dup.dup.dup.dup.dup.dup.dup.dup.dup.dup.dup.dup.dup.dup.dup.dup.dup.dup.dup.dup.dup.dup.dup.dup.dup.dup.dup.dup.json: ya existe cita #4. skip
[LEAD FAIL] prospecto_20260807.done.done.done.done.done.done.dup.dup.dup.dup.dup.dup.dup.dup.dup.dup.dup.dup.dup.dup.dup.dup.dup.dup.dup.dup.dup.dup.dup.dup.dup.dup.dup.dup.dup.dup.dup.dup.dup.dup.dup.dup.dup.dup.dup.dup.dup.dup.dup.dup.dup.dup.dup.dup.dup.dup.json: [Errno 36] File name too long: '/home/mystic/Documentos/Sonora Digital Corp Nuevo/01_Core_Platform/03_Agentic_Infrastructure/Databases/Aztrotech_Citas/leads/prospecto_20260807.done.done.done.done.done.done.dup.dup.dup.dup.dup.dup.dup.dup.dup.dup.dup.dup.dup.dup.dup.dup.dup.dup.dup.dup.dup.dup.dup.dup.dup.dup.dup.dup.dup.dup.dup.dup.dup.dup.dup.dup.dup.dup.dup.dup.dup.dup.dup.dup.dup.dup.dup.dup.dup.dup.json' -> '/home/mystic/Documentos/Sonora Digital Corp Nuevo/01_Core_Platform/03_Agentic_Infrastructure/Databases/Aztrotech_Citas/leads/prospecto_20260807.done.done.done.done.done.done.dup.dup.dup.dup.dup.dup.dup.dup.dup.dup.dup.dup.dup.dup.dup.dup.dup.dup.dup.dup.dup.dup.dup.dup.dup.dup.dup.dup.dup.dup.dup.dup.dup.dup.dup.dup.dup.dup.dup.dup.dup.dup.dup.dup.dup.dup.dup.dup.dup.dup.dup.json'
[INGEST] 0 leads nuevos, 0 duplicados saltados.
[DUP LEAD] prospecto_20260807.done.done.done.done.done.done.dup.dup.dup.dup.dup.dup.dup.dup.dup.dup.dup.dup.dup.dup.dup.dup.dup.dup.dup.dup.dup.dup.dup.dup.dup.dup.dup.dup.dup.dup.dup.dup.dup.dup.dup.dup.dup.dup.dup.dup.dup.dup.dup.dup.dup.dup.dup.dup.dup.dup.json: ya existe cita #4. skip
[LEAD FAIL] prospecto_20260807.done.done.done.done.done.done.dup.dup.dup.dup.dup.dup.dup.dup.dup.dup.dup.dup.dup.dup.dup.dup.dup.dup.dup.dup.dup.dup.dup.dup.dup.dup.dup.dup.dup.dup.dup.dup.dup.dup.dup.dup.dup.dup.dup.dup.dup.dup.dup.dup.dup.dup.dup.dup.dup.dup.json: [Errno 36] File name too long: '/home/mystic/Documentos/Sonora Digital Corp Nuevo/01_Core_Platform/03_Agentic_Infrastructure/Databases/Aztrotech_Citas/leads/prospecto_20260807.done.done.done.done.done.done.dup.dup.dup.dup.dup.dup.dup.dup.dup.dup.dup.dup.dup.dup.dup.dup.dup.dup.dup.dup.dup.dup.dup.dup.dup.dup.dup.dup.dup.dup.dup.dup.dup.dup.dup.dup.dup.dup.dup.dup.dup.dup.dup.dup.dup.dup.dup.dup.dup.dup.json' -> '/home/mystic/Documentos/Sonora Digital Corp Nuevo/01_Core_Platform/03_Agentic_Infrastructure/Databases/Aztrotech_Citas/leads/prospecto_20260807.done.done.done.done.done.done.dup.dup.dup.dup.dup.dup.dup.dup.dup.dup.dup.dup.dup.dup.dup.dup.dup.dup.dup.dup.dup.dup.dup.dup.dup.dup.dup.dup.dup.dup.dup.dup.dup.dup.dup.dup.dup.dup.dup.dup.dup.dup.dup.dup.dup.dup.dup.dup.dup.dup.dup.json'
[INGEST] 0 leads nuevos, 0 duplicados saltados.
[DUP LEAD] prospecto_20260807.done.done.done.done.done.done.dup.dup.dup.dup.dup.dup.dup.dup.dup.dup.dup.dup.dup.dup.dup.dup.dup.dup.dup.dup.dup.dup.dup.dup.dup.dup.dup.dup.dup.dup.dup.dup.dup.dup.dup.dup.dup.dup.dup.dup.dup.dup.dup.dup.dup.dup.dup.dup.dup.dup.json: ya existe cita #4. skip
[LEAD FAIL] prospecto_20260807.done.done.done.done.done.done.dup.dup.dup.dup.dup.dup.dup.dup.dup.dup.dup.dup.dup.dup.dup.dup.dup.dup.dup.dup.dup.dup.dup.dup.dup.dup.dup.dup.dup.dup.dup.dup.dup.dup.dup.dup.dup.dup.dup.dup.dup.dup.dup.dup.dup.dup.dup.dup.dup.dup.json: [Errno 36] File name too long: '/home/mystic/Documentos/Sonora Digital Corp Nuevo/01_Core_Platform/03_Agentic_Infrastructure/Databases/Aztrotech_Citas/leads/prospecto_20260807.done.done.done.done.done.done.dup.dup.dup.dup.dup.dup.dup.dup.dup.dup.dup.dup.dup.dup.dup.dup.dup.dup.dup.dup.dup.dup.dup.dup.dup.dup.dup.dup.dup.dup.dup.dup.dup.dup.dup.dup.dup.dup.dup.dup.dup.dup.dup.dup.dup.dup.dup.dup.dup.dup.json' -> '/home/mystic/Documentos/Sonora Digital Corp Nuevo/01_Core_Platform/03_Agentic_Infrastructure/Databases/Aztrotech_Citas/leads/prospecto_20260807.done.done.done.done.done.done.dup.dup.dup.dup.dup.dup.dup.dup.dup.dup.dup.dup.dup.dup.dup.dup.dup.dup.dup.dup.dup.dup.dup.dup.dup.dup.dup.dup.dup.dup.dup.dup.dup.dup.dup.dup.dup.dup.dup.dup.dup.dup.dup.dup.dup.dup.dup.dup.dup.dup.dup.json'
[INGEST] 0 leads nuevos, 0 duplicados saltados.
[DUP LEAD] prospecto_20260807.done.done.done.done.done.done.dup.dup.dup.dup.dup.dup.dup.dup.dup.dup.dup.dup.dup.dup.dup.dup.dup.dup.dup.dup.dup.dup.dup.dup.dup.dup.dup.dup.dup.dup.dup.dup.dup.dup.dup.dup.dup.dup.dup.dup.dup.dup.dup.dup.dup.dup.dup.dup.dup.dup.json: ya existe cita #4. skip
[LEAD FAIL] prospecto_20260807.done.done.done.done.done.done.dup.dup.dup.dup.dup.dup.dup.dup.dup.dup.dup.dup.dup.dup.dup.dup.dup.dup.dup.dup.dup.dup.dup.dup.dup.dup.dup.dup.dup.dup.dup.dup.dup.dup.dup.dup.dup.dup.dup.dup.dup.dup.dup.dup.dup.dup.dup.dup.dup.dup.json: [Errno 36] File name too long: '/home/mystic/Documentos/Sonora Digital Corp Nuevo/01_Core_Platform/03_Agentic_Infrastructure/Databases/Aztrotech_Citas/leads/prospecto_20260807.done.done.done.done.done.done.dup.dup.dup.dup.dup.dup.dup.dup.dup.dup.dup.dup.dup.dup.dup.dup.dup.dup.dup.dup.dup.dup.dup.dup.dup.dup.dup.dup.dup.dup.dup.dup.dup.dup.dup.dup.dup.dup.dup.dup.dup.dup.dup.dup.dup.dup.dup.dup.dup.dup.json' -> '/home/mystic/Documentos/Sonora Digital Corp Nuevo/01_Core_Platform/03_Agentic_Infrastructure/Databases/Aztrotech_Citas/leads/prospecto_20260807.done.done.done.done.done.done.dup.dup.dup.dup.dup.dup.dup.dup.dup.dup.dup.dup.dup.dup.dup.dup.dup.dup.dup.dup.dup.dup.dup.dup.dup.dup.dup.dup.dup.dup.dup.dup.dup.dup.dup.dup.dup.dup.dup.dup.dup.dup.dup.dup.dup.dup.dup.dup.dup.dup.dup.json'
[INGEST] 0 leads nuevos, 0 duplicados saltados.
[DUP LEAD] prospecto_20260807.done.done.done.done.done.done.dup.dup.dup.dup.dup.dup.dup.dup.dup.dup.dup.dup.dup.dup.dup.dup.dup.dup.dup.dup.dup.dup.dup.dup.dup.dup.dup.dup.dup.dup.dup.dup.dup.dup.dup.dup.dup.dup.dup.dup.dup.dup.dup.dup.dup.dup.dup.dup.dup.dup.json: ya existe cita #4. skip
[LEAD FAIL] prospecto_20260807.done.done.done.done.done.done.dup.dup.dup.dup.dup.dup.dup.dup.dup.dup.dup.dup.dup.dup.dup.dup.dup.dup.dup.dup.dup.dup.dup.dup.dup.dup.dup.dup.dup.dup.dup.dup.dup.dup.dup.dup.dup.dup.dup.dup.dup.dup.dup.dup.dup.dup.dup.dup.dup.dup.json: [Errno 36] File name too long: '/home/mystic/Documentos/Sonora Digital Corp Nuevo/01_Core_Platform/03_Agentic_Infrastructure/Databases/Aztrotech_Citas/leads/prospecto_20260807.done.done.done.done.done.done.dup.dup.dup.dup.dup.dup.dup.dup.dup.dup.dup.dup.dup.dup.dup.dup.dup.dup.dup.dup.dup.dup.dup.dup.dup.dup.dup.dup.dup.dup.dup.dup.dup.dup.dup.dup.dup.dup.dup.dup.dup.dup.dup.dup.dup.dup.dup.dup.dup.dup.json' -> '/home/mystic/Documentos/Sonora Digital Corp Nuevo/01_Core_Platform/03_Agentic_Infrastructure/Databases/Aztrotech_Citas/leads/prospecto_20260807.done.done.done.done.done.done.dup.dup.dup.dup.dup.dup.dup.dup.dup.dup.dup.dup.dup.dup.dup.dup.dup.dup.dup.dup.dup.dup.dup.dup.dup.dup.dup.dup.dup.dup.dup.dup.dup.dup.dup.dup.dup.dup.dup.dup.dup.dup.dup.dup.dup.dup.dup.dup.dup.dup.dup.json'
[INGEST] 0 leads nuevos, 0 duplicados saltados.
[DUP LEAD] prospecto_20260807.done.done.done.done.done.done.dup.dup.dup.dup.dup.dup.dup.dup.dup.dup.dup.dup.dup.dup.dup.dup.dup.dup.dup.dup.dup.dup.dup.dup.dup.dup.dup.dup.dup.dup.dup.dup.dup.dup.dup.dup.dup.dup.dup.dup.dup.dup.dup.dup.dup.dup.dup.dup.dup.dup.json: ya existe cita #4. skip
[LEAD FAIL] prospecto_20260807.done.done.done.done.done.done.dup.dup.dup.dup.dup.dup.dup.dup.dup.dup.dup.dup.dup.dup.dup.dup.dup.dup.dup.dup.dup.dup.dup.dup.dup.dup.dup.dup.dup.dup.dup.dup.dup.dup.dup.dup.dup.dup.dup.dup.dup.dup.dup.dup.dup.dup.dup.dup.dup.dup.json: [Errno 36] File name too long: '/home/mystic/Documentos/Sonora Digital Corp Nuevo/01_Core_Platform/03_Agentic_Infrastructure/Databases/Aztrotech_Citas/leads/prospecto_20260807.done.done.done.done.done.done.dup.dup.dup.dup.dup.dup.dup.dup.dup.dup.dup.dup.dup.dup.dup.dup.dup.dup.dup.dup.dup.dup.dup.dup.dup.dup.dup.dup.dup.dup.dup.dup.dup.dup.dup.dup.dup.dup.dup.dup.dup.dup.dup.dup.dup.dup.dup.dup.dup.dup.json' -> '/home/mystic/Documentos/Sonora Digital Corp Nuevo/01_Core_Platform/03_Agentic_Infrastructure/Databases/Aztrotech_Citas/leads/prospecto_20260807.done.done.done.done.done.done.dup.dup.dup.dup.dup.dup.dup.dup.dup.dup.dup.dup.dup.dup.dup.dup.dup.dup.dup.dup.dup.dup.dup.dup.dup.dup.dup.dup.dup.dup.dup.dup.dup.dup.dup.dup.dup.dup.dup.dup.dup.dup.dup.dup.dup.dup.dup.dup.dup.dup.dup.json'
[INGEST] 0 leads nuevos, 0 duplicados saltados.
[DUP LEAD] prospecto_20260807.done.done.done.done.done.done.dup.dup.dup.dup.dup.dup.dup.dup.dup.dup.dup.dup.dup.dup.dup.dup.dup.dup.dup.dup.dup.dup.dup.dup.dup.dup.dup.dup.dup.dup.dup.dup.dup.dup.dup.dup.dup.dup.dup.dup.dup.dup.dup.dup.dup.dup.dup.dup.dup.dup.json: ya existe cita #4. skip
[LEAD FAIL] prospecto_20260807.done.done.done.done.done.done.dup.dup.dup.dup.dup.dup.dup.dup.dup.dup.dup.dup.dup.dup.dup.dup.dup.dup.dup.dup.dup.dup.dup.dup.dup.dup.dup.dup.dup.dup.dup.dup.dup.dup.dup.dup.dup.dup.dup.dup.dup.dup.dup.dup.dup.dup.dup.dup.dup.dup.json: [Errno 36] File name too long: '/home/mystic/Documentos/Sonora Digital Corp Nuevo/01_Core_Platform/03_Agentic_Infrastructure/Databases/Aztrotech_Citas/leads/prospecto_20260807.done.done.done.done.done.done.dup.dup.dup.dup.dup.dup.dup.dup.dup.dup.dup.dup.dup.dup.dup.dup.dup.dup.dup.dup.dup.dup.dup.dup.dup.dup.dup.dup.dup.dup.dup.dup.dup.dup.dup.dup.dup.dup.dup.dup.dup.dup.dup.dup.dup.dup.dup.dup.dup.dup.json' -> '/home/mystic/Documentos/Sonora Digital Corp Nuevo/01_Core_Platform/03_Agentic_Infrastructure/Databases/Aztrotech_Citas/leads/prospecto_20260807.done.done.done.done.done.done.dup.dup.dup.dup.dup.dup.dup.dup.dup.dup.dup.dup.dup.dup.dup.dup.dup.dup.dup.dup.dup.dup.dup.dup.dup.dup.dup.dup.dup.dup.dup.dup.dup.dup.dup.dup.dup.dup.dup.dup.dup.dup.dup.dup.dup.dup.dup.dup.dup.dup.dup.json'
[INGEST] 0 leads nuevos, 0 duplicados saltados.
[DUP LEAD] prospecto_20260807.done.done.done.done.done.done.dup.dup.dup.dup.dup.dup.dup.dup.dup.dup.dup.dup.dup.dup.dup.dup.dup.dup.dup.dup.dup.dup.dup.dup.dup.dup.dup.dup.dup.dup.dup.dup.dup.dup.dup.dup.dup.dup.dup.dup.dup.dup.dup.dup.dup.dup.dup.dup.dup.dup.json: ya existe cita #4. skip
[LEAD FAIL] prospecto_20260807.done.done.done.done.done.done.dup.dup.dup.dup.dup.dup.dup.dup.dup.dup.dup.dup.dup.dup.dup.dup.dup.dup.dup.dup.dup.dup.dup.dup.dup.dup.dup.dup.dup.dup.dup.dup.dup.dup.dup.dup.dup.dup.dup.dup.dup.dup.dup.dup.dup.dup.dup.dup.dup.dup.json: [Errno 36] File name too long: '/home/mystic/Documentos/Sonora Digital Corp Nuevo/01_Core_Platform/03_Agentic_Infrastructure/Databases/Aztrotech_Citas/leads/prospecto_20260807.done.done.done.done.done.done.dup.dup.dup.dup.dup.dup.dup.dup.dup.dup.dup.dup.dup.dup.dup.dup.dup.dup.dup.dup.dup.dup.dup.dup.dup.dup.dup.dup.dup.dup.dup.dup.dup.dup.dup.dup.dup.dup.dup.dup.dup.dup.dup.dup.dup.dup.dup.dup.dup.dup.json' -> '/home/mystic/Documentos/Sonora Digital Corp Nuevo/01_Core_Platform/03_Agentic_Infrastructure/Databases/Aztrotech_Citas/leads/prospecto_20260807.done.done.done.done.done.done.dup.dup.dup.dup.dup.dup.dup.dup.dup.dup.dup.dup.dup.dup.dup.dup.dup.dup.dup.dup.dup.dup.dup.dup.dup.dup.dup.dup.dup.dup.dup.dup.dup.dup.dup.dup.dup.dup.dup.dup.dup.dup.dup.dup.dup.dup.dup.dup.dup.dup.dup.json'
[INGEST] 0 leads nuevos, 0 duplicados saltados.
[DUP LEAD] prospecto_20260807.done.done.done.done.done.done.dup.dup.dup.dup.dup.dup.dup.dup.dup.dup.dup.dup.dup.dup.dup.dup.dup.dup.dup.dup.dup.dup.dup.dup.dup.dup.dup.dup.dup.dup.dup.dup.dup.dup.dup.dup.dup.dup.dup.dup.dup.dup.dup.dup.dup.dup.dup.dup.dup.dup.json: ya existe cita #4. skip
[LEAD FAIL] prospecto_20260807.done.done.done.done.done.done.dup.dup.dup.dup.dup.dup.dup.dup.dup.dup.dup.dup.dup.dup.dup.dup.dup.dup.dup.dup.dup.dup.dup.dup.dup.dup.dup.dup.dup.dup.dup.dup.dup.dup.dup.dup.dup.dup.dup.dup.dup.dup.dup.dup.dup.dup.dup.dup.dup.dup.json: [Errno 36] File name too long: '/home/mystic/Documentos/Sonora Digital Corp Nuevo/01_Core_Platform/03_Agentic_Infrastructure/Databases/Aztrotech_Citas/leads/prospecto_20260807.done.done.done.done.done.done.dup.dup.dup.dup.dup.dup.dup.dup.dup.dup.dup.dup.dup.dup.dup.dup.dup.dup.dup.dup.dup.dup.dup.dup.dup.dup.dup.dup.dup.dup.dup.dup.dup.dup.dup.dup.dup.dup.dup.dup.dup.dup.dup.dup.dup.dup.dup.dup.dup.dup.json' -> '/home/mystic/Documentos/Sonora Digital Corp Nuevo/01_Core_Platform/03_Agentic_Infrastructure/Databases/Aztrotech_Citas/leads/prospecto_20260807.done.done.done.done.done.done.dup.dup.dup.dup.dup.dup.dup.dup.dup.dup.dup.dup.dup.dup.dup.dup.dup.dup.dup.dup.dup.dup.dup.dup.dup.dup.dup.dup.dup.dup.dup.dup.dup.dup.dup.dup.dup.dup.dup.dup.dup.dup.dup.dup.dup.dup.dup.dup.dup.dup.dup.json'
[INGEST] 0 leads nuevos, 0 duplicados saltados.
[DUP LEAD] prospecto_20260807.done.done.done.done.done.done.dup.dup.dup.dup.dup.dup.dup.dup.dup.dup.dup.dup.dup.dup.dup.dup.dup.dup.dup.dup.dup.dup.dup.dup.dup.dup.dup.dup.dup.dup.dup.dup.dup.dup.dup.dup.dup.dup.dup.dup.dup.dup.dup.dup.dup.dup.dup.dup.dup.dup.json: ya existe cita #4. skip
[LEAD FAIL] prospecto_20260807.done.done.done.done.done.done.dup.dup.dup.dup.dup.dup.dup.dup.dup.dup.dup.dup.dup.dup.dup.dup.dup.dup.dup.dup.dup.dup.dup.dup.dup.dup.dup.dup.dup.dup.dup.dup.dup.dup.dup.dup.dup.dup.dup.dup.dup.dup.dup.dup.dup.dup.dup.dup.dup.dup.json: [Errno 36] File name too long: '/home/mystic/Documentos/Sonora Digital Corp Nuevo/01_Core_Platform/03_Agentic_Infrastructure/Databases/Aztrotech_Citas/leads/prospecto_20260807.done.done.done.done.done.done.dup.dup.dup.dup.dup.dup.dup.dup.dup.dup.dup.dup.dup.dup.dup.dup.dup.dup.dup.dup.dup.dup.dup.dup.dup.dup.dup.dup.dup.dup.dup.dup.dup.dup.dup.dup.dup.dup.dup.dup.dup.dup.dup.dup.dup.dup.dup.dup.dup.dup.json' -> '/home/mystic/Documentos/Sonora Digital Corp Nuevo/01_Core_Platform/03_Agentic_Infrastructure/Databases/Aztrotech_Citas/leads/prospecto_20260807.done.done.done.done.done.done.dup.dup.dup.dup.dup.dup.dup.dup.dup.dup.dup.dup.dup.dup.dup.dup.dup.dup.dup.dup.dup.dup.dup.dup.dup.dup.dup.dup.dup.dup.dup.dup.dup.dup.dup.dup.dup.dup.dup.dup.dup.dup.dup.dup.dup.dup.dup.dup.dup.dup.dup.json'
[INGEST] 0 leads nuevos, 0 duplicados saltados.
[DUP LEAD] prospecto_20260807.done.done.done.done.done.done.dup.dup.dup.dup.dup.dup.dup.dup.dup.dup.dup.dup.dup.dup.dup.dup.dup.dup.dup.dup.dup.dup.dup.dup.dup.dup.dup.dup.dup.dup.dup.dup.dup.dup.dup.dup.dup.dup.dup.dup.dup.dup.dup.dup.dup.dup.dup.dup.dup.dup.json: ya existe cita #4. skip
[LEAD FAIL] prospecto_20260807.done.done.done.done.done.done.dup.dup.dup.dup.dup.dup.dup.dup.dup.dup.dup.dup.dup.dup.dup.dup.dup.dup.dup.dup.dup.dup.dup.dup.dup.dup.dup.dup.dup.dup.dup.dup.dup.dup.dup.dup.dup.dup.dup.dup.dup.dup.dup.dup.dup.dup.dup.dup.dup.dup.json: [Errno 36] File name too long: '/home/mystic/Documentos/Sonora Digital Corp Nuevo/01_Core_Platform/03_Agentic_Infrastructure/Databases/Aztrotech_Citas/leads/prospecto_20260807.done.done.done.done.done.done.dup.dup.dup.dup.dup.dup.dup.dup.dup.dup.dup.dup.dup.dup.dup.dup.dup.dup.dup.dup.dup.dup.dup.dup.dup.dup.dup.dup.dup.dup.dup.dup.dup.dup.dup.dup.dup.dup.dup.dup.dup.dup.dup.dup.dup.dup.dup.dup.dup.dup.json' -> '/home/mystic/Documentos/Sonora Digital Corp Nuevo/01_Core_Platform/03_Agentic_Infrastructure/Databases/Aztrotech_Citas/leads/prospecto_20260807.done.done.done.done.done.done.dup.dup.dup.dup.dup.dup.dup.dup.dup.dup.dup.dup.dup.dup.dup.dup.dup.dup.dup.dup.dup.dup.dup.dup.dup.dup.dup.dup.dup.dup.dup.dup.dup.dup.dup.dup.dup.dup.dup.dup.dup.dup.dup.dup.dup.dup.dup.dup.dup.dup.dup.json'
[INGEST] 0 leads nuevos, 0 duplicados saltados.
[DUP LEAD] prospecto_20260807.done.done.done.done.done.done.dup.dup.dup.dup.dup.dup.dup.dup.dup.dup.dup.dup.dup.dup.dup.dup.dup.dup.dup.dup.dup.dup.dup.dup.dup.dup.dup.dup.dup.dup.dup.dup.dup.dup.dup.dup.dup.dup.dup.dup.dup.dup.dup.dup.dup.dup.dup.dup.dup.dup.json: ya existe cita #4. skip
[LEAD FAIL] prospecto_20260807.done.done.done.done.done.done.dup.dup.dup.dup.dup.dup.dup.dup.dup.dup.dup.dup.dup.dup.dup.dup.dup.dup.dup.dup.dup.dup.dup.dup.dup.dup.dup.dup.dup.dup.dup.dup.dup.dup.dup.dup.dup.dup.dup.dup.dup.dup.dup.dup.dup.dup.dup.dup.dup.dup.json: [Errno 36] File name too long: '/home/mystic/Documentos/Sonora Digital Corp Nuevo/01_Core_Platform/03_Agentic_Infrastructure/Databases/Aztrotech_Citas/leads/prospecto_20260807.done.done.done.done.done.done.dup.dup.dup.dup.dup.dup.dup.dup.dup.dup.dup.dup.dup.dup.dup.dup.dup.dup.dup.dup.dup.dup.dup.dup.dup.dup.dup.dup.dup.dup.dup.dup.dup.dup.dup.dup.dup.dup.dup.dup.dup.dup.dup.dup.dup.dup.dup.dup.dup.dup.json' -> '/home/mystic/Documentos/Sonora Digital Corp Nuevo/01_Core_Platform/03_Agentic_Infrastructure/Databases/Aztrotech_Citas/leads/prospecto_20260807.done.done.done.done.done.done.dup.dup.dup.dup.dup.dup.dup.dup.dup.dup.dup.dup.dup.dup.dup.dup.dup.dup.dup.dup.dup.dup.dup.dup.dup.dup.dup.dup.dup.dup.dup.dup.dup.dup.dup.dup.dup.dup.dup.dup.dup.dup.dup.dup.dup.dup.dup.dup.dup.dup.dup.json'
[INGEST] 0 leads nuevos, 0 duplicados saltados.
[DUP LEAD] prospecto_20260807.done.done.done.done.done.done.dup.dup.dup.dup.dup.dup.dup.dup.dup.dup.dup.dup.dup.dup.dup.dup.dup.dup.dup.dup.dup.dup.dup.dup.dup.dup.dup.dup.dup.dup.dup.dup.dup.dup.dup.dup.dup.dup.dup.dup.dup.dup.dup.dup.dup.dup.dup.dup.dup.dup.json: ya existe cita #4. skip
[LEAD FAIL] prospecto_20260807.done.done.done.done.done.done.dup.dup.dup.dup.dup.dup.dup.dup.dup.dup.dup.dup.dup.dup.dup.dup.dup.dup.dup.dup.dup.dup.dup.dup.dup.dup.dup.dup.dup.dup.dup.dup.dup.dup.dup.dup.dup.dup.dup.dup.dup.dup.dup.dup.dup.dup.dup.dup.dup.dup.json: [Errno 36] File name too long: '/home/mystic/Documentos/Sonora Digital Corp Nuevo/01_Core_Platform/03_Agentic_Infrastructure/Databases/Aztrotech_Citas/leads/prospecto_20260807.done.done.done.done.done.done.dup.dup.dup.dup.dup.dup.dup.dup.dup.dup.dup.dup.dup.dup.dup.dup.dup.dup.dup.dup.dup.dup.dup.dup.dup.dup.dup.dup.dup.dup.dup.dup.dup.dup.dup.dup.dup.dup.dup.dup.dup.dup.dup.dup.dup.dup.dup.dup.dup.dup.json' -> '/home/mystic/Documentos/Sonora Digital Corp Nuevo/01_Core_Platform/03_Agentic_Infrastructure/Databases/Aztrotech_Citas/leads/prospecto_20260807.done.done.done.done.done.done.dup.dup.dup.dup.dup.dup.dup.dup.dup.dup.dup.dup.dup.dup.dup.dup.dup.dup.dup.dup.dup.dup.dup.dup.dup.dup.dup.dup.dup.dup.dup.dup.dup.dup.dup.dup.dup.dup.dup.dup.dup.dup.dup.dup.dup.dup.dup.dup.dup.dup.dup.json'
[INGEST] 0 leads nuevos, 0 duplicados saltados.
[DUP LEAD] prospecto_20260807.done.done.done.done.done.done.dup.dup.dup.dup.dup.dup.dup.dup.dup.dup.dup.dup.dup.dup.dup.dup.dup.dup.dup.dup.dup.dup.dup.dup.dup.dup.dup.dup.dup.dup.dup.dup.dup.dup.dup.dup.dup.dup.dup.dup.dup.dup.dup.dup.dup.dup.dup.dup.dup.dup.json: ya existe cita #4. skip
[LEAD FAIL] prospecto_20260807.done.done.done.done.done.done.dup.dup.dup.dup.dup.dup.dup.dup.dup.dup.dup.dup.dup.dup.dup.dup.dup.dup.dup.dup.dup.dup.dup.dup.dup.dup.dup.dup.dup.dup.dup.dup.dup.dup.dup.dup.dup.dup.dup.dup.dup.dup.dup.dup.dup.dup.dup.dup.dup.dup.json: [Errno 36] File name too long: '/home/mystic/Documentos/Sonora Digital Corp Nuevo/01_Core_Platform/03_Agentic_Infrastructure/Databases/Aztrotech_Citas/leads/prospecto_20260807.done.done.done.done.done.done.dup.dup.dup.dup.dup.dup.dup.dup.dup.dup.dup.dup.dup.dup.dup.dup.dup.dup.dup.dup.dup.dup.dup.dup.dup.dup.dup.dup.dup.dup.dup.dup.dup.dup.dup.dup.dup.dup.dup.dup.dup.dup.dup.dup.dup.dup.dup.dup.dup.dup.json' -> '/home/mystic/Documentos/Sonora Digital Corp Nuevo/01_Core_Platform/03_Agentic_Infrastructure/Databases/Aztrotech_Citas/leads/prospecto_20260807.done.done.done.done.done.done.dup.dup.dup.dup.dup.dup.dup.dup.dup.dup.dup.dup.dup.dup.dup.dup.dup.dup.dup.dup.dup.dup.dup.dup.dup.dup.dup.dup.dup.dup.dup.dup.dup.dup.dup.dup.dup.dup.dup.dup.dup.dup.dup.dup.dup.dup.dup.dup.dup.dup.dup.json'
[INGEST] 0 leads nuevos, 0 duplicados saltados.
[DUP LEAD] prospecto_20260807.done.done.done.done.done.done.dup.dup.dup.dup.dup.dup.dup.dup.dup.dup.dup.dup.dup.dup.dup.dup.dup.dup.dup.dup.dup.dup.dup.dup.dup.dup.dup.dup.dup.dup.dup.dup.dup.dup.dup.dup.dup.dup.dup.dup.dup.dup.dup.dup.dup.dup.dup.dup.dup.dup.json: ya existe cita #4. skip
[LEAD FAIL] prospecto_20260807.done.done.done.done.done.done.dup.dup.dup.dup.dup.dup.dup.dup.dup.dup.dup.dup.dup.dup.dup.dup.dup.dup.dup.dup.dup.dup.dup.dup.dup.dup.dup.dup.dup.dup.dup.dup.dup.dup.dup.dup.dup.dup.dup.dup.dup.dup.dup.dup.dup.dup.dup.dup.dup.dup.json: [Errno 36] File name too long: '/home/mystic/Documentos/Sonora Digital Corp Nuevo/01_Core_Platform/03_Agentic_Infrastructure/Databases/Aztrotech_Citas/leads/prospecto_20260807.done.done.done.done.done.done.dup.dup.dup.dup.dup.dup.dup.dup.dup.dup.dup.dup.dup.dup.dup.dup.dup.dup.dup.dup.dup.dup.dup.dup.dup.dup.dup.dup.dup.dup.dup.dup.dup.dup.dup.dup.dup.dup.dup.dup.dup.dup.dup.dup.dup.dup.dup.dup.dup.dup.json' -> '/home/mystic/Documentos/Sonora Digital Corp Nuevo/01_Core_Platform/03_Agentic_Infrastructure/Databases/Aztrotech_Citas/leads/prospecto_20260807.done.done.done.done.done.done.dup.dup.dup.dup.dup.dup.dup.dup.dup.dup.dup.dup.dup.dup.dup.dup.dup.dup.dup.dup.dup.dup.dup.dup.dup.dup.dup.dup.dup.dup.dup.dup.dup.dup.dup.dup.dup.dup.dup.dup.dup.dup.dup.dup.dup.dup.dup.dup.dup.dup.dup.json'
[INGEST] 0 leads nuevos, 0 duplicados saltados.
[DUP LEAD] prospecto_20260807.done.done.done.done.done.done.dup.dup.dup.dup.dup.dup.dup.dup.dup.dup.dup.dup.dup.dup.dup.dup.dup.dup.dup.dup.dup.dup.dup.dup.dup.dup.dup.dup.dup.dup.dup.dup.dup.dup.dup.dup.dup.dup.dup.dup.dup.dup.dup.dup.dup.dup.dup.dup.dup.dup.json: ya existe cita #4. skip
[LEAD FAIL] prospecto_20260807.done.done.done.done.done.done.dup.dup.dup.dup.dup.dup.dup.dup.dup.dup.dup.dup.dup.dup.dup.dup.dup.dup.dup.dup.dup.dup.dup.dup.dup.dup.dup.dup.dup.dup.dup.dup.dup.dup.dup.dup.dup.dup.dup.dup.dup.dup.dup.dup.dup.dup.dup.dup.dup.dup.json: [Errno 36] File name too long: '/home/mystic/Documentos/Sonora Digital Corp Nuevo/01_Core_Platform/03_Agentic_Infrastructure/Databases/Aztrotech_Citas/leads/prospecto_20260807.done.done.done.done.done.done.dup.dup.dup.dup.dup.dup.dup.dup.dup.dup.dup.dup.dup.dup.dup.dup.dup.dup.dup.dup.dup.dup.dup.dup.dup.dup.dup.dup.dup.dup.dup.dup.dup.dup.dup.dup.dup.dup.dup.dup.dup.dup.dup.dup.dup.dup.dup.dup.dup.dup.json' -> '/home/mystic/Documentos/Sonora Digital Corp Nuevo/01_Core_Platform/03_Agentic_Infrastructure/Databases/Aztrotech_Citas/leads/prospecto_20260807.done.done.done.done.done.done.dup.dup.dup.dup.dup.dup.dup.dup.dup.dup.dup.dup.dup.dup.dup.dup.dup.dup.dup.dup.dup.dup.dup.dup.dup.dup.dup.dup.dup.dup.dup.dup.dup.dup.dup.dup.dup.dup.dup.dup.dup.dup.dup.dup.dup.dup.dup.dup.dup.dup.dup.json'
[INGEST] 0 leads nuevos, 0 duplicados saltados.
[DUP LEAD] prospecto_20260807.done.done.done.done.done.done.dup.dup.dup.dup.dup.dup.dup.dup.dup.dup.dup.dup.dup.dup.dup.dup.dup.dup.dup.dup.dup.dup.dup.dup.dup.dup.dup.dup.dup.dup.dup.dup.dup.dup.dup.dup.dup.dup.dup.dup.dup.dup.dup.dup.dup.dup.dup.dup.dup.dup.json: ya existe cita #4. skip
[LEAD FAIL] prospecto_20260807.done.done.done.done.done.done.dup.dup.dup.dup.dup.dup.dup.dup.dup.dup.dup.dup.dup.dup.dup.dup.dup.dup.dup.dup.dup.dup.dup.dup.dup.dup.dup.dup.dup.dup.dup.dup.dup.dup.dup.dup.dup.dup.dup.dup.dup.dup.dup.dup.dup.dup.dup.dup.dup.dup.json: [Errno 36] File name too long: '/home/mystic/Documentos/Sonora Digital Corp Nuevo/01_Core_Platform/03_Agentic_Infrastructure/Databases/Aztrotech_Citas/leads/prospecto_20260807.done.done.done.done.done.done.dup.dup.dup.dup.dup.dup.dup.dup.dup.dup.dup.dup.dup.dup.dup.dup.dup.dup.dup.dup.dup.dup.dup.dup.dup.dup.dup.dup.dup.dup.dup.dup.dup.dup.dup.dup.dup.dup.dup.dup.dup.dup.dup.dup.dup.dup.dup.dup.dup.dup.json' -> '/home/mystic/Documentos/Sonora Digital Corp Nuevo/01_Core_Platform/03_Agentic_Infrastructure/Databases/Aztrotech_Citas/leads/prospecto_20260807.done.done.done.done.done.done.dup.dup.dup.dup.dup.dup.dup.dup.dup.dup.dup.dup.dup.dup.dup.dup.dup.dup.dup.dup.dup.dup.dup.dup.dup.dup.dup.dup.dup.dup.dup.dup.dup.dup.dup.dup.dup.dup.dup.dup.dup.dup.dup.dup.dup.dup.dup.dup.dup.dup.dup.json'
[INGEST] 0 leads nuevos, 0 duplicados saltados.
[DUP LEAD] prospecto_20260807.done.done.done.done.done.done.dup.dup.dup.dup.dup.dup.dup.dup.dup.dup.dup.dup.dup.dup.dup.dup.dup.dup.dup.dup.dup.dup.dup.dup.dup.dup.dup.dup.dup.dup.dup.dup.dup.dup.dup.dup.dup.dup.dup.dup.dup.dup.dup.dup.dup.dup.dup.dup.dup.dup.json: ya existe cita #4. skip
[LEAD FAIL] prospecto_20260807.done.done.done.done.done.done.dup.dup.dup.dup.dup.dup.dup.dup.dup.dup.dup.dup.dup.dup.dup.dup.dup.dup.dup.dup.dup.dup.dup.dup.dup.dup.dup.dup.dup.dup.dup.dup.dup.dup.dup.dup.dup.dup.dup.dup.dup.dup.dup.dup.dup.dup.dup.dup.dup.dup.json: [Errno 36] File name too long: '/home/mystic/Documentos/Sonora Digital Corp Nuevo/01_Core_Platform/03_Agentic_Infrastructure/Databases/Aztrotech_Citas/leads/prospecto_20260807.done.done.done.done.done.done.dup.dup.dup.dup.dup.dup.dup.dup.dup.dup.dup.dup.dup.dup.dup.dup.dup.dup.dup.dup.dup.dup.dup.dup.dup.dup.dup.dup.dup.dup.dup.dup.dup.dup.dup.dup.dup.dup.dup.dup.dup.dup.dup.dup.dup.dup.dup.dup.dup.dup.json' -> '/home/mystic/Documentos/Sonora Digital Corp Nuevo/01_Core_Platform/03_Agentic_Infrastructure/Databases/Aztrotech_Citas/leads/prospecto_20260807.done.done.done.done.done.done.dup.dup.dup.dup.dup.dup.dup.dup.dup.dup.dup.dup.dup.dup.dup.dup.dup.dup.dup.dup.dup.dup.dup.dup.dup.dup.dup.dup.dup.dup.dup.dup.dup.dup.dup.dup.dup.dup.dup.dup.dup.dup.dup.dup.dup.dup.dup.dup.dup.dup.dup.json'
[INGEST] 0 leads nuevos, 0 duplicados saltados.
[DUP LEAD] prospecto_20260807.done.done.done.done.done.done.dup.dup.dup.dup.dup.dup.dup.dup.dup.dup.dup.dup.dup.dup.dup.dup.dup.dup.dup.dup.dup.dup.dup.dup.dup.dup.dup.dup.dup.dup.dup.dup.dup.dup.dup.dup.dup.dup.dup.dup.dup.dup.dup.dup.dup.dup.dup.dup.dup.dup.json: ya existe cita #4. skip
[LEAD FAIL] prospecto_20260807.done.done.done.done.done.done.dup.dup.dup.dup.dup.dup.dup.dup.dup.dup.dup.dup.dup.dup.dup.dup.dup.dup.dup.dup.dup.dup.dup.dup.dup.dup.dup.dup.dup.dup.dup.dup.dup.dup.dup.dup.dup.dup.dup.dup.dup.dup.dup.dup.dup.dup.dup.dup.dup.dup.json: [Errno 36] File name too long: '/home/mystic/Documentos/Sonora Digital Corp Nuevo/01_Core_Platform/03_Agentic_Infrastructure/Databases/Aztrotech_Citas/leads/prospecto_20260807.done.done.done.done.done.done.dup.dup.dup.dup.dup.dup.dup.dup.dup.dup.dup.dup.dup.dup.dup.dup.dup.dup.dup.dup.dup.dup.dup.dup.dup.dup.dup.dup.dup.dup.dup.dup.dup.dup.dup.dup.dup.dup.dup.dup.dup.dup.dup.dup.dup.dup.dup.dup.dup.dup.json' -> '/home/mystic/Documentos/Sonora Digital Corp Nuevo/01_Core_Platform/03_Agentic_Infrastructure/Databases/Aztrotech_Citas/leads/prospecto_20260807.done.done.done.done.done.done.dup.dup.dup.dup.dup.dup.dup.dup.dup.dup.dup.dup.dup.dup.dup.dup.dup.dup.dup.dup.dup.dup.dup.dup.dup.dup.dup.dup.dup.dup.dup.dup.dup.dup.dup.dup.dup.dup.dup.dup.dup.dup.dup.dup.dup.dup.dup.dup.dup.dup.dup.json'
[INGEST] 0 leads nuevos, 0 duplicados saltados.
[DUP LEAD] prospecto_20260807.done.done.done.done.done.done.dup.dup.dup.dup.dup.dup.dup.dup.dup.dup.dup.dup.dup.dup.dup.dup.dup.dup.dup.dup.dup.dup.dup.dup.dup.dup.dup.dup.dup.dup.dup.dup.dup.dup.dup.dup.dup.dup.dup.dup.dup.dup.dup.dup.dup.dup.dup.dup.dup.dup.json: ya existe cita #4. skip
[LEAD FAIL] prospecto_20260807.done.done.done.done.done.done.dup.dup.dup.dup.dup.dup.dup.dup.dup.dup.dup.dup.dup.dup.dup.dup.dup.dup.dup.dup.dup.dup.dup.dup.dup.dup.dup.dup.dup.dup.dup.dup.dup.dup.dup.dup.dup.dup.dup.dup.dup.dup.dup.dup.dup.dup.dup.dup.dup.dup.json: [Errno 36] File name too long: '/home/mystic/Documentos/Sonora Digital Corp Nuevo/01_Core_Platform/03_Agentic_Infrastructure/Databases/Aztrotech_Citas/leads/prospecto_20260807.done.done.done.done.done.done.dup.dup.dup.dup.dup.dup.dup.dup.dup.dup.dup.dup.dup.dup.dup.dup.dup.dup.dup.dup.dup.dup.dup.dup.dup.dup.dup.dup.dup.dup.dup.dup.dup.dup.dup.dup.dup.dup.dup.dup.dup.dup.dup.dup.dup.dup.dup.dup.dup.dup.json' -> '/home/mystic/Documentos/Sonora Digital Corp Nuevo/01_Core_Platform/03_Agentic_Infrastructure/Databases/Aztrotech_Citas/leads/prospecto_20260807.done.done.done.done.done.done.dup.dup.dup.dup.dup.dup.dup.dup.dup.dup.dup.dup.dup.dup.dup.dup.dup.dup.dup.dup.dup.dup.dup.dup.dup.dup.dup.dup.dup.dup.dup.dup.dup.dup.dup.dup.dup.dup.dup.dup.dup.dup.dup.dup.dup.dup.dup.dup.dup.dup.dup.json'
[INGEST] 0 leads nuevos, 0 duplicados saltados.
[DUP LEAD] prospecto_20260807.done.done.done.done.done.done.dup.dup.dup.dup.dup.dup.dup.dup.dup.dup.dup.dup.dup.dup.dup.dup.dup.dup.dup.dup.dup.dup.dup.dup.dup.dup.dup.dup.dup.dup.dup.dup.dup.dup.dup.dup.dup.dup.dup.dup.dup.dup.dup.dup.dup.dup.dup.dup.dup.dup.json: ya existe cita #4. skip
[LEAD FAIL] prospecto_20260807.done.done.done.done.done.done.dup.dup.dup.dup.dup.dup.dup.dup.dup.dup.dup.dup.dup.dup.dup.dup.dup.dup.dup.dup.dup.dup.dup.dup.dup.dup.dup.dup.dup.dup.dup.dup.dup.dup.dup.dup.dup.dup.dup.dup.dup.dup.dup.dup.dup.dup.dup.dup.dup.dup.json: [Errno 36] File name too long: '/home/mystic/Documentos/Sonora Digital Corp Nuevo/01_Core_Platform/03_Agentic_Infrastructure/Databases/Aztrotech_Citas/leads/prospecto_20260807.done.done.done.done.done.done.dup.dup.dup.dup.dup.dup.dup.dup.dup.dup.dup.dup.dup.dup.dup.dup.dup.dup.dup.dup.dup.dup.dup.dup.dup.dup.dup.dup.dup.dup.dup.dup.dup.dup.dup.dup.dup.dup.dup.dup.dup.dup.dup.dup.dup.dup.dup.dup.dup.dup.json' -> '/home/mystic/Documentos/Sonora Digital Corp Nuevo/01_Core_Platform/03_Agentic_Infrastructure/Databases/Aztrotech_Citas/leads/prospecto_20260807.done.done.done.done.done.done.dup.dup.dup.dup.dup.dup.dup.dup.dup.dup.dup.dup.dup.dup.dup.dup.dup.dup.dup.dup.dup.dup.dup.dup.dup.dup.dup.dup.dup.dup.dup.dup.dup.dup.dup.dup.dup.dup.dup.dup.dup.dup.dup.dup.dup.dup.dup.dup.dup.dup.dup.json'
[INGEST] 0 leads nuevos, 0 duplicados saltados.
[DUP LEAD] prospecto_20260807.done.done.done.done.done.done.dup.dup.dup.dup.dup.dup.dup.dup.dup.dup.dup.dup.dup.dup.dup.dup.dup.dup.dup.dup.dup.dup.dup.dup.dup.dup.dup.dup.dup.dup.dup.dup.dup.dup.dup.dup.dup.dup.dup.dup.dup.dup.dup.dup.dup.dup.dup.dup.dup.dup.json: ya existe cita #4. skip
[LEAD FAIL] prospecto_20260807.done.done.done.done.done.done.dup.dup.dup.dup.dup.dup.dup.dup.dup.dup.dup.dup.dup.dup.dup.dup.dup.dup.dup.dup.dup.dup.dup.dup.dup.dup.dup.dup.dup.dup.dup.dup.dup.dup.dup.dup.dup.dup.dup.dup.dup.dup.dup.dup.dup.dup.dup.dup.dup.dup.json: [Errno 36] File name too long: '/home/mystic/Documentos/Sonora Digital Corp Nuevo/01_Core_Platform/03_Agentic_Infrastructure/Databases/Aztrotech_Citas/leads/prospecto_20260807.done.done.done.done.done.done.dup.dup.dup.dup.dup.dup.dup.dup.dup.dup.dup.dup.dup.dup.dup.dup.dup.dup.dup.dup.dup.dup.dup.dup.dup.dup.dup.dup.dup.dup.dup.dup.dup.dup.dup.dup.dup.dup.dup.dup.dup.dup.dup.dup.dup.dup.dup.dup.dup.dup.json' -> '/home/mystic/Documentos/Sonora Digital Corp Nuevo/01_Core_Platform/03_Agentic_Infrastructure/Databases/Aztrotech_Citas/leads/prospecto_20260807.done.done.done.done.done.done.dup.dup.dup.dup.dup.dup.dup.dup.dup.dup.dup.dup.dup.dup.dup.dup.dup.dup.dup.dup.dup.dup.dup.dup.dup.dup.dup.dup.dup.dup.dup.dup.dup.dup.dup.dup.dup.dup.dup.dup.dup.dup.dup.dup.dup.dup.dup.dup.dup.dup.dup.json'
[INGEST] 0 leads nuevos, 0 duplicados saltados.
[DUP LEAD] prospecto_20260807.done.done.done.done.done.done.dup.dup.dup.dup.dup.dup.dup.dup.dup.dup.dup.dup.dup.dup.dup.dup.dup.dup.dup.dup.dup.dup.dup.dup.dup.dup.dup.dup.dup.dup.dup.dup.dup.dup.dup.dup.dup.dup.dup.dup.dup.dup.dup.dup.dup.dup.dup.dup.dup.dup.json: ya existe cita #4. skip
[LEAD FAIL] prospecto_20260807.done.done.done.done.done.done.dup.dup.dup.dup.dup.dup.dup.dup.dup.dup.dup.dup.dup.dup.dup.dup.dup.dup.dup.dup.dup.dup.dup.dup.dup.dup.dup.dup.dup.dup.dup.dup.dup.dup.dup.dup.dup.dup.dup.dup.dup.dup.dup.dup.dup.dup.dup.dup.dup.dup.json: [Errno 36] File name too long: '/home/mystic/Documentos/Sonora Digital Corp Nuevo/01_Core_Platform/03_Agentic_Infrastructure/Databases/Aztrotech_Citas/leads/prospecto_20260807.done.done.done.done.done.done.dup.dup.dup.dup.dup.dup.dup.dup.dup.dup.dup.dup.dup.dup.dup.dup.dup.dup.dup.dup.dup.dup.dup.dup.dup.dup.dup.dup.dup.dup.dup.dup.dup.dup.dup.dup.dup.dup.dup.dup.dup.dup.dup.dup.dup.dup.dup.dup.dup.dup.json' -> '/home/mystic/Documentos/Sonora Digital Corp Nuevo/01_Core_Platform/03_Agentic_Infrastructure/Databases/Aztrotech_Citas/leads/prospecto_20260807.done.done.done.done.done.done.dup.dup.dup.dup.dup.dup.dup.dup.dup.dup.dup.dup.dup.dup.dup.dup.dup.dup.dup.dup.dup.dup.dup.dup.dup.dup.dup.dup.dup.dup.dup.dup.dup.dup.dup.dup.dup.dup.dup.dup.dup.dup.dup.dup.dup.dup.dup.dup.dup.dup.dup.json'
[INGEST] 0 leads nuevos, 0 duplicados saltados.
[DUP LEAD] prospecto_20260807.done.done.done.done.done.done.dup.dup.dup.dup.dup.dup.dup.dup.dup.dup.dup.dup.dup.dup.dup.dup.dup.dup.dup.dup.dup.dup.dup.dup.dup.dup.dup.dup.dup.dup.dup.dup.dup.dup.dup.dup.dup.dup.dup.dup.dup.dup.dup.dup.dup.dup.dup.dup.dup.dup.json: ya existe cita #4. skip
[LEAD FAIL] prospecto_20260807.done.done.done.done.done.done.dup.dup.dup.dup.dup.dup.dup.dup.dup.dup.dup.dup.dup.dup.dup.dup.dup.dup.dup.dup.dup.dup.dup.dup.dup.dup.dup.dup.dup.dup.dup.dup.dup.dup.dup.dup.dup.dup.dup.dup.dup.dup.dup.dup.dup.dup.dup.dup.dup.dup.json: [Errno 36] File name too long: '/home/mystic/Documentos/Sonora Digital Corp Nuevo/01_Core_Platform/03_Agentic_Infrastructure/Databases/Aztrotech_Citas/leads/prospecto_20260807.done.done.done.done.done.done.dup.dup.dup.dup.dup.dup.dup.dup.dup.dup.dup.dup.dup.dup.dup.dup.dup.dup.dup.dup.dup.dup.dup.dup.dup.dup.dup.dup.dup.dup.dup.dup.dup.dup.dup.dup.dup.dup.dup.dup.dup.dup.dup.dup.dup.dup.dup.dup.dup.dup.json' -> '/home/mystic/Documentos/Sonora Digital Corp Nuevo/01_Core_Platform/03_Agentic_Infrastructure/Databases/Aztrotech_Citas/leads/prospecto_20260807.done.done.done.done.done.done.dup.dup.dup.dup.dup.dup.dup.dup.dup.dup.dup.dup.dup.dup.dup.dup.dup.dup.dup.dup.dup.dup.dup.dup.dup.dup.dup.dup.dup.dup.dup.dup.dup.dup.dup.dup.dup.dup.dup.dup.dup.dup.dup.dup.dup.dup.dup.dup.dup.dup.dup.json'
[INGEST] 0 leads nuevos, 0 duplicados saltados.
[DUP LEAD] prospecto_20260807.done.done.done.done.done.done.dup.dup.dup.dup.dup.dup.dup.dup.dup.dup.dup.dup.dup.dup.dup.dup.dup.dup.dup.dup.dup.dup.dup.dup.dup.dup.dup.dup.dup.dup.dup.dup.dup.dup.dup.dup.dup.dup.dup.dup.dup.dup.dup.dup.dup.dup.dup.dup.dup.dup.json: ya existe cita #4. skip
[LEAD FAIL] prospecto_20260807.done.done.done.done.done.done.dup.dup.dup.dup.dup.dup.dup.dup.dup.dup.dup.dup.dup.dup.dup.dup.dup.dup.dup.dup.dup.dup.dup.dup.dup.dup.dup.dup.dup.dup.dup.dup.dup.dup.dup.dup.dup.dup.dup.dup.dup.dup.dup.dup.dup.dup.dup.dup.dup.dup.json: [Errno 36] File name too long: '/home/mystic/Documentos/Sonora Digital Corp Nuevo/01_Core_Platform/03_Agentic_Infrastructure/Databases/Aztrotech_Citas/leads/prospecto_20260807.done.done.done.done.done.done.dup.dup.dup.dup.dup.dup.dup.dup.dup.dup.dup.dup.dup.dup.dup.dup.dup.dup.dup.dup.dup.dup.dup.dup.dup.dup.dup.dup.dup.dup.dup.dup.dup.dup.dup.dup.dup.dup.dup.dup.dup.dup.dup.dup.dup.dup.dup.dup.dup.dup.json' -> '/home/mystic/Documentos/Sonora Digital Corp Nuevo/01_Core_Platform/03_Agentic_Infrastructure/Databases/Aztrotech_Citas/leads/prospecto_20260807.done.done.done.done.done.done.dup.dup.dup.dup.dup.dup.dup.dup.dup.dup.dup.dup.dup.dup.dup.dup.dup.dup.dup.dup.dup.dup.dup.dup.dup.dup.dup.dup.dup.dup.dup.dup.dup.dup.dup.dup.dup.dup.dup.dup.dup.dup.dup.dup.dup.dup.dup.dup.dup.dup.dup.json'
[INGEST] 0 leads nuevos, 0 duplicados saltados.
[DUP LEAD] prospecto_20260807.done.done.done.done.done.done.dup.dup.dup.dup.dup.dup.dup.dup.dup.dup.dup.dup.dup.dup.dup.dup.dup.dup.dup.dup.dup.dup.dup.dup.dup.dup.dup.dup.dup.dup.dup.dup.dup.dup.dup.dup.dup.dup.dup.dup.dup.dup.dup.dup.dup.dup.dup.dup.dup.dup.json: ya existe cita #4. skip
[LEAD FAIL] prospecto_20260807.done.done.done.done.done.done.dup.dup.dup.dup.dup.dup.dup.dup.dup.dup.dup.dup.dup.dup.dup.dup.dup.dup.dup.dup.dup.dup.dup.dup.dup.dup.dup.dup.dup.dup.dup.dup.dup.dup.dup.dup.dup.dup.dup.dup.dup.dup.dup.dup.dup.dup.dup.dup.dup.dup.json: [Errno 36] File name too long: '/home/mystic/Documentos/Sonora Digital Corp Nuevo/01_Core_Platform/03_Agentic_Infrastructure/Databases/Aztrotech_Citas/leads/prospecto_20260807.done.done.done.done.done.done.dup.dup.dup.dup.dup.dup.dup.dup.dup.dup.dup.dup.dup.dup.dup.dup.dup.dup.dup.dup.dup.dup.dup.dup.dup.dup.dup.dup.dup.dup.dup.dup.dup.dup.dup.dup.dup.dup.dup.dup.dup.dup.dup.dup.dup.dup.dup.dup.dup.dup.json' -> '/home/mystic/Documentos/Sonora Digital Corp Nuevo/01_Core_Platform/03_Agentic_Infrastructure/Databases/Aztrotech_Citas/leads/prospecto_20260807.done.done.done.done.done.done.dup.dup.dup.dup.dup.dup.dup.dup.dup.dup.dup.dup.dup.dup.dup.dup.dup.dup.dup.dup.dup.dup.dup.dup.dup.dup.dup.dup.dup.dup.dup.dup.dup.dup.dup.dup.dup.dup.dup.dup.dup.dup.dup.dup.dup.dup.dup.dup.dup.dup.dup.json'
[INGEST] 0 leads nuevos, 0 duplicados saltados.
[DUP LEAD] prospecto_20260807.done.done.done.done.done.done.dup.dup.dup.dup.dup.dup.dup.dup.dup.dup.dup.dup.dup.dup.dup.dup.dup.dup.dup.dup.dup.dup.dup.dup.dup.dup.dup.dup.dup.dup.dup.dup.dup.dup.dup.dup.dup.dup.dup.dup.dup.dup.dup.dup.dup.dup.dup.dup.dup.dup.json: ya existe cita #4. skip
[LEAD FAIL] prospecto_20260807.done.done.done.done.done.done.dup.dup.dup.dup.dup.dup.dup.dup.dup.dup.dup.dup.dup.dup.dup.dup.dup.dup.dup.dup.dup.dup.dup.dup.dup.dup.dup.dup.dup.dup.dup.dup.dup.dup.dup.dup.dup.dup.dup.dup.dup.dup.dup.dup.dup.dup.dup.dup.dup.dup.json: [Errno 36] File name too long: '/home/mystic/Documentos/Sonora Digital Corp Nuevo/01_Core_Platform/03_Agentic_Infrastructure/Databases/Aztrotech_Citas/leads/prospecto_20260807.done.done.done.done.done.done.dup.dup.dup.dup.dup.dup.dup.dup.dup.dup.dup.dup.dup.dup.dup.dup.dup.dup.dup.dup.dup.dup.dup.dup.dup.dup.dup.dup.dup.dup.dup.dup.dup.dup.dup.dup.dup.dup.dup.dup.dup.dup.dup.dup.dup.dup.dup.dup.dup.dup.json' -> '/home/mystic/Documentos/Sonora Digital Corp Nuevo/01_Core_Platform/03_Agentic_Infrastructure/Databases/Aztrotech_Citas/leads/prospecto_20260807.done.done.done.done.done.done.dup.dup.dup.dup.dup.dup.dup.dup.dup.dup.dup.dup.dup.dup.dup.dup.dup.dup.dup.dup.dup.dup.dup.dup.dup.dup.dup.dup.dup.dup.dup.dup.dup.dup.dup.dup.dup.dup.dup.dup.dup.dup.dup.dup.dup.dup.dup.dup.dup.dup.dup.json'
[INGEST] 0 leads nuevos, 0 duplicados saltados.
[DUP LEAD] prospecto_20260807.done.done.done.done.done.done.dup.dup.dup.dup.dup.dup.dup.dup.dup.dup.dup.dup.dup.dup.dup.dup.dup.dup.dup.dup.dup.dup.dup.dup.dup.dup.dup.dup.dup.dup.dup.dup.dup.dup.dup.dup.dup.dup.dup.dup.dup.dup.dup.dup.dup.dup.dup.dup.dup.dup.json: ya existe cita #4. skip
[LEAD FAIL] prospecto_20260807.done.done.done.done.done.done.dup.dup.dup.dup.dup.dup.dup.dup.dup.dup.dup.dup.dup.dup.dup.dup.dup.dup.dup.dup.dup.dup.dup.dup.dup.dup.dup.dup.dup.dup.dup.dup.dup.dup.dup.dup.dup.dup.dup.dup.dup.dup.dup.dup.dup.dup.dup.dup.dup.dup.json: [Errno 36] File name too long: '/home/mystic/Documentos/Sonora Digital Corp Nuevo/01_Core_Platform/03_Agentic_Infrastructure/Databases/Aztrotech_Citas/leads/prospecto_20260807.done.done.done.done.done.done.dup.dup.dup.dup.dup.dup.dup.dup.dup.dup.dup.dup.dup.dup.dup.dup.dup.dup.dup.dup.dup.dup.dup.dup.dup.dup.dup.dup.dup.dup.dup.dup.dup.dup.dup.dup.dup.dup.dup.dup.dup.dup.dup.dup.dup.dup.dup.dup.dup.dup.json' -> '/home/mystic/Documentos/Sonora Digital Corp Nuevo/01_Core_Platform/03_Agentic_Infrastructure/Databases/Aztrotech_Citas/leads/prospecto_20260807.done.done.done.done.done.done.dup.dup.dup.dup.dup.dup.dup.dup.dup.dup.dup.dup.dup.dup.dup.dup.dup.dup.dup.dup.dup.dup.dup.dup.dup.dup.dup.dup.dup.dup.dup.dup.dup.dup.dup.dup.dup.dup.dup.dup.dup.dup.dup.dup.dup.dup.dup.dup.dup.dup.dup.json'
[INGEST] 0 leads nuevos, 0 duplicados saltados.
[DUP LEAD] prospecto_20260807.done.done.done.done.done.done.dup.dup.dup.dup.dup.dup.dup.dup.dup.dup.dup.dup.dup.dup.dup.dup.dup.dup.dup.dup.dup.dup.dup.dup.dup.dup.dup.dup.dup.dup.dup.dup.dup.dup.dup.dup.dup.dup.dup.dup.dup.dup.dup.dup.dup.dup.dup.dup.dup.dup.json: ya existe cita #4. skip
[LEAD FAIL] prospecto_20260807.done.done.done.done.done.done.dup.dup.dup.dup.dup.dup.dup.dup.dup.dup.dup.dup.dup.dup.dup.dup.dup.dup.dup.dup.dup.dup.dup.dup.dup.dup.dup.dup.dup.dup.dup.dup.dup.dup.dup.dup.dup.dup.dup.dup.dup.dup.dup.dup.dup.dup.dup.dup.dup.dup.json: [Errno 36] File name too long: '/home/mystic/Documentos/Sonora Digital Corp Nuevo/01_Core_Platform/03_Agentic_Infrastructure/Databases/Aztrotech_Citas/leads/prospecto_20260807.done.done.done.done.done.done.dup.dup.dup.dup.dup.dup.dup.dup.dup.dup.dup.dup.dup.dup.dup.dup.dup.dup.dup.dup.dup.dup.dup.dup.dup.dup.dup.dup.dup.dup.dup.dup.dup.dup.dup.dup.dup.dup.dup.dup.dup.dup.dup.dup.dup.dup.dup.dup.dup.dup.json' -> '/home/mystic/Documentos/Sonora Digital Corp Nuevo/01_Core_Platform/03_Agentic_Infrastructure/Databases/Aztrotech_Citas/leads/prospecto_20260807.done.done.done.done.done.done.dup.dup.dup.dup.dup.dup.dup.dup.dup.dup.dup.dup.dup.dup.dup.dup.dup.dup.dup.dup.dup.dup.dup.dup.dup.dup.dup.dup.dup.dup.dup.dup.dup.dup.dup.dup.dup.dup.dup.dup.dup.dup.dup.dup.dup.dup.dup.dup.dup.dup.dup.json'
[INGEST] 0 leads nuevos, 0 duplicados saltados.
[DUP LEAD] prospecto_20260807.done.done.done.done.done.done.dup.dup.dup.dup.dup.dup.dup.dup.dup.dup.dup.dup.dup.dup.dup.dup.dup.dup.dup.dup.dup.dup.dup.dup.dup.dup.dup.dup.dup.dup.dup.dup.dup.dup.dup.dup.dup.dup.dup.dup.dup.dup.dup.dup.dup.dup.dup.dup.dup.dup.json: ya existe cita #4. skip
[LEAD FAIL] prospecto_20260807.done.done.done.done.done.done.dup.dup.dup.dup.dup.dup.dup.dup.dup.dup.dup.dup.dup.dup.dup.dup.dup.dup.dup.dup.dup.dup.dup.dup.dup.dup.dup.dup.dup.dup.dup.dup.dup.dup.dup.dup.dup.dup.dup.dup.dup.dup.dup.dup.dup.dup.dup.dup.dup.dup.json: [Errno 36] File name too long: '/home/mystic/Documentos/Sonora Digital Corp Nuevo/01_Core_Platform/03_Agentic_Infrastructure/Databases/Aztrotech_Citas/leads/prospecto_20260807.done.done.done.done.done.done.dup.dup.dup.dup.dup.dup.dup.dup.dup.dup.dup.dup.dup.dup.dup.dup.dup.dup.dup.dup.dup.dup.dup.dup.dup.dup.dup.dup.dup.dup.dup.dup.dup.dup.dup.dup.dup.dup.dup.dup.dup.dup.dup.dup.dup.dup.dup.dup.dup.dup.json' -> '/home/mystic/Documentos/Sonora Digital Corp Nuevo/01_Core_Platform/03_Agentic_Infrastructure/Databases/Aztrotech_Citas/leads/prospecto_20260807.done.done.done.done.done.done.dup.dup.dup.dup.dup.dup.dup.dup.dup.dup.dup.dup.dup.dup.dup.dup.dup.dup.dup.dup.dup.dup.dup.dup.dup.dup.dup.dup.dup.dup.dup.dup.dup.dup.dup.dup.dup.dup.dup.dup.dup.dup.dup.dup.dup.dup.dup.dup.dup.dup.dup.json'
[INGEST] 0 leads nuevos, 0 duplicados saltados.
[DUP LEAD] prospecto_20260807.done.done.done.done.done.done.dup.dup.dup.dup.dup.dup.dup.dup.dup.dup.dup.dup.dup.dup.dup.dup.dup.dup.dup.dup.dup.dup.dup.dup.dup.dup.dup.dup.dup.dup.dup.dup.dup.dup.dup.dup.dup.dup.dup.dup.dup.dup.dup.dup.dup.dup.dup.dup.dup.dup.json: ya existe cita #4. skip
[LEAD FAIL] prospecto_20260807.done.done.done.done.done.done.dup.dup.dup.dup.dup.dup.dup.dup.dup.dup.dup.dup.dup.dup.dup.dup.dup.dup.dup.dup.dup.dup.dup.dup.dup.dup.dup.dup.dup.dup.dup.dup.dup.dup.dup.dup.dup.dup.dup.dup.dup.dup.dup.dup.dup.dup.dup.dup.dup.dup.json: [Errno 36] File name too long: '/home/mystic/Documentos/Sonora Digital Corp Nuevo/01_Core_Platform/03_Agentic_Infrastructure/Databases/Aztrotech_Citas/leads/prospecto_20260807.done.done.done.done.done.done.dup.dup.dup.dup.dup.dup.dup.dup.dup.dup.dup.dup.dup.dup.dup.dup.dup.dup.dup.dup.dup.dup.dup.dup.dup.dup.dup.dup.dup.dup.dup.dup.dup.dup.dup.dup.dup.dup.dup.dup.dup.dup.dup.dup.dup.dup.dup.dup.dup.dup.json' -> '/home/mystic/Documentos/Sonora Digital Corp Nuevo/01_Core_Platform/03_Agentic_Infrastructure/Databases/Aztrotech_Citas/leads/prospecto_20260807.done.done.done.done.done.done.dup.dup.dup.dup.dup.dup.dup.dup.dup.dup.dup.dup.dup.dup.dup.dup.dup.dup.dup.dup.dup.dup.dup.dup.dup.dup.dup.dup.dup.dup.dup.dup.dup.dup.dup.dup.dup.dup.dup.dup.dup.dup.dup.dup.dup.dup.dup.dup.dup.dup.dup.json'
[INGEST] 0 leads nuevos, 0 duplicados saltados.
[DUP LEAD] prospecto_20260807.done.done.done.done.done.done.dup.dup.dup.dup.dup.dup.dup.dup.dup.dup.dup.dup.dup.dup.dup.dup.dup.dup.dup.dup.dup.dup.dup.dup.dup.dup.dup.dup.dup.dup.dup.dup.dup.dup.dup.dup.dup.dup.dup.dup.dup.dup.dup.dup.dup.dup.dup.dup.dup.dup.json: ya existe cita #4. skip
[LEAD FAIL] prospecto_20260807.done.done.done.done.done.done.dup.dup.dup.dup.dup.dup.dup.dup.dup.dup.dup.dup.dup.dup.dup.dup.dup.dup.dup.dup.dup.dup.dup.dup.dup.dup.dup.dup.dup.dup.dup.dup.dup.dup.dup.dup.dup.dup.dup.dup.dup.dup.dup.dup.dup.dup.dup.dup.dup.dup.json: [Errno 36] File name too long: '/home/mystic/Documentos/Sonora Digital Corp Nuevo/01_Core_Platform/03_Agentic_Infrastructure/Databases/Aztrotech_Citas/leads/prospecto_20260807.done.done.done.done.done.done.dup.dup.dup.dup.dup.dup.dup.dup.dup.dup.dup.dup.dup.dup.dup.dup.dup.dup.dup.dup.dup.dup.dup.dup.dup.dup.dup.dup.dup.dup.dup.dup.dup.dup.dup.dup.dup.dup.dup.dup.dup.dup.dup.dup.dup.dup.dup.dup.dup.dup.json' -> '/home/mystic/Documentos/Sonora Digital Corp Nuevo/01_Core_Platform/03_Agentic_Infrastructure/Databases/Aztrotech_Citas/leads/prospecto_20260807.done.done.done.done.done.done.dup.dup.dup.dup.dup.dup.dup.dup.dup.dup.dup.dup.dup.dup.dup.dup.dup.dup.dup.dup.dup.dup.dup.dup.dup.dup.dup.dup.dup.dup.dup.dup.dup.dup.dup.dup.dup.dup.dup.dup.dup.dup.dup.dup.dup.dup.dup.dup.dup.dup.dup.json'
[INGEST] 0 leads nuevos, 0 duplicados saltados.
[DUP LEAD] prospecto_20260807.done.done.done.done.done.done.dup.dup.dup.dup.dup.dup.dup.dup.dup.dup.dup.dup.dup.dup.dup.dup.dup.dup.dup.dup.dup.dup.dup.dup.dup.dup.dup.dup.dup.dup.dup.dup.dup.dup.dup.dup.dup.dup.dup.dup.dup.dup.dup.dup.dup.dup.dup.dup.dup.dup.json: ya existe cita #4. skip
[LEAD FAIL] prospecto_20260807.done.done.done.done.done.done.dup.dup.dup.dup.dup.dup.dup.dup.dup.dup.dup.dup.dup.dup.dup.dup.dup.dup.dup.dup.dup.dup.dup.dup.dup.dup.dup.dup.dup.dup.dup.dup.dup.dup.dup.dup.dup.dup.dup.dup.dup.dup.dup.dup.dup.dup.dup.dup.dup.dup.json: [Errno 36] File name too long: '/home/mystic/Documentos/Sonora Digital Corp Nuevo/01_Core_Platform/03_Agentic_Infrastructure/Databases/Aztrotech_Citas/leads/prospecto_20260807.done.done.done.done.done.done.dup.dup.dup.dup.dup.dup.dup.dup.dup.dup.dup.dup.dup.dup.dup.dup.dup.dup.dup.dup.dup.dup.dup.dup.dup.dup.dup.dup.dup.dup.dup.dup.dup.dup.dup.dup.dup.dup.dup.dup.dup.dup.dup.dup.dup.dup.dup.dup.dup.dup.json' -> '/home/mystic/Documentos/Sonora Digital Corp Nuevo/01_Core_Platform/03_Agentic_Infrastructure/Databases/Aztrotech_Citas/leads/prospecto_20260807.done.done.done.done.done.done.dup.dup.dup.dup.dup.dup.dup.dup.dup.dup.dup.dup.dup.dup.dup.dup.dup.dup.dup.dup.dup.dup.dup.dup.dup.dup.dup.dup.dup.dup.dup.dup.dup.dup.dup.dup.dup.dup.dup.dup.dup.dup.dup.dup.dup.dup.dup.dup.dup.dup.dup.json'
[INGEST] 0 leads nuevos, 0 duplicados saltados.
[DUP LEAD] prospecto_20260807.done.done.done.done.done.done.dup.dup.dup.dup.dup.dup.dup.dup.dup.dup.dup.dup.dup.dup.dup.dup.dup.dup.dup.dup.dup.dup.dup.dup.dup.dup.dup.dup.dup.dup.dup.dup.dup.dup.dup.dup.dup.dup.dup.dup.dup.dup.dup.dup.dup.dup.dup.dup.dup.dup.json: ya existe cita #4. skip
[LEAD FAIL] prospecto_20260807.done.done.done.done.done.done.dup.dup.dup.dup.dup.dup.dup.dup.dup.dup.dup.dup.dup.dup.dup.dup.dup.dup.dup.dup.dup.dup.dup.dup.dup.dup.dup.dup.dup.dup.dup.dup.dup.dup.dup.dup.dup.dup.dup.dup.dup.dup.dup.dup.dup.dup.dup.dup.dup.dup.json: [Errno 36] File name too long: '/home/mystic/Documentos/Sonora Digital Corp Nuevo/01_Core_Platform/03_Agentic_Infrastructure/Databases/Aztrotech_Citas/leads/prospecto_20260807.done.done.done.done.done.done.dup.dup.dup.dup.dup.dup.dup.dup.dup.dup.dup.dup.dup.dup.dup.dup.dup.dup.dup.dup.dup.dup.dup.dup.dup.dup.dup.dup.dup.dup.dup.dup.dup.dup.dup.dup.dup.dup.dup.dup.dup.dup.dup.dup.dup.dup.dup.dup.dup.dup.json' -> '/home/mystic/Documentos/Sonora Digital Corp Nuevo/01_Core_Platform/03_Agentic_Infrastructure/Databases/Aztrotech_Citas/leads/prospecto_20260807.done.done.done.done.done.done.dup.dup.dup.dup.dup.dup.dup.dup.dup.dup.dup.dup.dup.dup.dup.dup.dup.dup.dup.dup.dup.dup.dup.dup.dup.dup.dup.dup.dup.dup.dup.dup.dup.dup.dup.dup.dup.dup.dup.dup.dup.dup.dup.dup.dup.dup.dup.dup.dup.dup.dup.json'
[INGEST] 0 leads nuevos, 0 duplicados saltados.
[DUP LEAD] prospecto_20260807.done.done.done.done.done.done.dup.dup.dup.dup.dup.dup.dup.dup.dup.dup.dup.dup.dup.dup.dup.dup.dup.dup.dup.dup.dup.dup.dup.dup.dup.dup.dup.dup.dup.dup.dup.dup.dup.dup.dup.dup.dup.dup.dup.dup.dup.dup.dup.dup.dup.dup.dup.dup.dup.dup.json: ya existe cita #4. skip
[LEAD FAIL] prospecto_20260807.done.done.done.done.done.done.dup.dup.dup.dup.dup.dup.dup.dup.dup.dup.dup.dup.dup.dup.dup.dup.dup.dup.dup.dup.dup.dup.dup.dup.dup.dup.dup.dup.dup.dup.dup.dup.dup.dup.dup.dup.dup.dup.dup.dup.dup.dup.dup.dup.dup.dup.dup.dup.dup.dup.json: [Errno 36] File name too long: '/home/mystic/Documentos/Sonora Digital Corp Nuevo/01_Core_Platform/03_Agentic_Infrastructure/Databases/Aztrotech_Citas/leads/prospecto_20260807.done.done.done.done.done.done.dup.dup.dup.dup.dup.dup.dup.dup.dup.dup.dup.dup.dup.dup.dup.dup.dup.dup.dup.dup.dup.dup.dup.dup.dup.dup.dup.dup.dup.dup.dup.dup.dup.dup.dup.dup.dup.dup.dup.dup.dup.dup.dup.dup.dup.dup.dup.dup.dup.dup.json' -> '/home/mystic/Documentos/Sonora Digital Corp Nuevo/01_Core_Platform/03_Agentic_Infrastructure/Databases/Aztrotech_Citas/leads/prospecto_20260807.done.done.done.done.done.done.dup.dup.dup.dup.dup.dup.dup.dup.dup.dup.dup.dup.dup.dup.dup.dup.dup.dup.dup.dup.dup.dup.dup.dup.dup.dup.dup.dup.dup.dup.dup.dup.dup.dup.dup.dup.dup.dup.dup.dup.dup.dup.dup.dup.dup.dup.dup.dup.dup.dup.dup.json'
[INGEST] 0 leads nuevos, 0 duplicados saltados.
[DUP LEAD] prospecto_20260807.done.done.done.done.done.done.dup.dup.dup.dup.dup.dup.dup.dup.dup.dup.dup.dup.dup.dup.dup.dup.dup.dup.dup.dup.dup.dup.dup.dup.dup.dup.dup.dup.dup.dup.dup.dup.dup.dup.dup.dup.dup.dup.dup.dup.dup.dup.dup.dup.dup.dup.dup.dup.dup.dup.json: ya existe cita #4. skip
[LEAD FAIL] prospecto_20260807.done.done.done.done.done.done.dup.dup.dup.dup.dup.dup.dup.dup.dup.dup.dup.dup.dup.dup.dup.dup.dup.dup.dup.dup.dup.dup.dup.dup.dup.dup.dup.dup.dup.dup.dup.dup.dup.dup.dup.dup.dup.dup.dup.dup.dup.dup.dup.dup.dup.dup.dup.dup.dup.dup.json: [Errno 36] File name too long: '/home/mystic/Documentos/Sonora Digital Corp Nuevo/01_Core_Platform/03_Agentic_Infrastructure/Databases/Aztrotech_Citas/leads/prospecto_20260807.done.done.done.done.done.done.dup.dup.dup.dup.dup.dup.dup.dup.dup.dup.dup.dup.dup.dup.dup.dup.dup.dup.dup.dup.dup.dup.dup.dup.dup.dup.dup.dup.dup.dup.dup.dup.dup.dup.dup.dup.dup.dup.dup.dup.dup.dup.dup.dup.dup.dup.dup.dup.dup.dup.json' -> '/home/mystic/Documentos/Sonora Digital Corp Nuevo/01_Core_Platform/03_Agentic_Infrastructure/Databases/Aztrotech_Citas/leads/prospecto_20260807.done.done.done.done.done.done.dup.dup.dup.dup.dup.dup.dup.dup.dup.dup.dup.dup.dup.dup.dup.dup.dup.dup.dup.dup.dup.dup.dup.dup.dup.dup.dup.dup.dup.dup.dup.dup.dup.dup.dup.dup.dup.dup.dup.dup.dup.dup.dup.dup.dup.dup.dup.dup.dup.dup.dup.json'
[INGEST] 0 leads nuevos, 0 duplicados saltados.
[DUP LEAD] prospecto_20260807.done.done.done.done.done.done.dup.dup.dup.dup.dup.dup.dup.dup.dup.dup.dup.dup.dup.dup.dup.dup.dup.dup.dup.dup.dup.dup.dup.dup.dup.dup.dup.dup.dup.dup.dup.dup.dup.dup.dup.dup.dup.dup.dup.dup.dup.dup.dup.dup.dup.dup.dup.dup.dup.dup.json: ya existe cita #4. skip
[LEAD FAIL] prospecto_20260807.done.done.done.done.done.done.dup.dup.dup.dup.dup.dup.dup.dup.dup.dup.dup.dup.dup.dup.dup.dup.dup.dup.dup.dup.dup.dup.dup.dup.dup.dup.dup.dup.dup.dup.dup.dup.dup.dup.dup.dup.dup.dup.dup.dup.dup.dup.dup.dup.dup.dup.dup.dup.dup.dup.json: [Errno 36] File name too long: '/home/mystic/Documentos/Sonora Digital Corp Nuevo/01_Core_Platform/03_Agentic_Infrastructure/Databases/Aztrotech_Citas/leads/prospecto_20260807.done.done.done.done.done.done.dup.dup.dup.dup.dup.dup.dup.dup.dup.dup.dup.dup.dup.dup.dup.dup.dup.dup.dup.dup.dup.dup.dup.dup.dup.dup.dup.dup.dup.dup.dup.dup.dup.dup.dup.dup.dup.dup.dup.dup.dup.dup.dup.dup.dup.dup.dup.dup.dup.dup.json' -> '/home/mystic/Documentos/Sonora Digital Corp Nuevo/01_Core_Platform/03_Agentic_Infrastructure/Databases/Aztrotech_Citas/leads/prospecto_20260807.done.done.done.done.done.done.dup.dup.dup.dup.dup.dup.dup.dup.dup.dup.dup.dup.dup.dup.dup.dup.dup.dup.dup.dup.dup.dup.dup.dup.dup.dup.dup.dup.dup.dup.dup.dup.dup.dup.dup.dup.dup.dup.dup.dup.dup.dup.dup.dup.dup.dup.dup.dup.dup.dup.dup.json'
[INGEST] 0 leads nuevos, 0 duplicados saltados.
[DUP LEAD] prospecto_20260807.done.done.done.done.done.done.dup.dup.dup.dup.dup.dup.dup.dup.dup.dup.dup.dup.dup.dup.dup.dup.dup.dup.dup.dup.dup.dup.dup.dup.dup.dup.dup.dup.dup.dup.dup.dup.dup.dup.dup.dup.dup.dup.dup.dup.dup.dup.dup.dup.dup.dup.dup.dup.dup.dup.json: ya existe cita #4. skip
[LEAD FAIL] prospecto_20260807.done.done.done.done.done.done.dup.dup.dup.dup.dup.dup.dup.dup.dup.dup.dup.dup.dup.dup.dup.dup.dup.dup.dup.dup.dup.dup.dup.dup.dup.dup.dup.dup.dup.dup.dup.dup.dup.dup.dup.dup.dup.dup.dup.dup.dup.dup.dup.dup.dup.dup.dup.dup.dup.dup.json: [Errno 36] File name too long: '/home/mystic/Documentos/Sonora Digital Corp Nuevo/01_Core_Platform/03_Agentic_Infrastructure/Databases/Aztrotech_Citas/leads/prospecto_20260807.done.done.done.done.done.done.dup.dup.dup.dup.dup.dup.dup.dup.dup.dup.dup.dup.dup.dup.dup.dup.dup.dup.dup.dup.dup.dup.dup.dup.dup.dup.dup.dup.dup.dup.dup.dup.dup.dup.dup.dup.dup.dup.dup.dup.dup.dup.dup.dup.dup.dup.dup.dup.dup.dup.json' -> '/home/mystic/Documentos/Sonora Digital Corp Nuevo/01_Core_Platform/03_Agentic_Infrastructure/Databases/Aztrotech_Citas/leads/prospecto_20260807.done.done.done.done.done.done.dup.dup.dup.dup.dup.dup.dup.dup.dup.dup.dup.dup.dup.dup.dup.dup.dup.dup.dup.dup.dup.dup.dup.dup.dup.dup.dup.dup.dup.dup.dup.dup.dup.dup.dup.dup.dup.dup.dup.dup.dup.dup.dup.dup.dup.dup.dup.dup.dup.dup.dup.json'
[INGEST] 0 leads nuevos, 0 duplicados saltados.
[DUP LEAD] prospecto_20260807.done.done.done.done.done.done.dup.dup.dup.dup.dup.dup.dup.dup.dup.dup.dup.dup.dup.dup.dup.dup.dup.dup.dup.dup.dup.dup.dup.dup.dup.dup.dup.dup.dup.dup.dup.dup.dup.dup.dup.dup.dup.dup.dup.dup.dup.dup.dup.dup.dup.dup.dup.dup.dup.dup.json: ya existe cita #4. skip
[LEAD FAIL] prospecto_20260807.done.done.done.done.done.done.dup.dup.dup.dup.dup.dup.dup.dup.dup.dup.dup.dup.dup.dup.dup.dup.dup.dup.dup.dup.dup.dup.dup.dup.dup.dup.dup.dup.dup.dup.dup.dup.dup.dup.dup.dup.dup.dup.dup.dup.dup.dup.dup.dup.dup.dup.dup.dup.dup.dup.json: [Errno 36] File name too long: '/home/mystic/Documentos/Sonora Digital Corp Nuevo/01_Core_Platform/03_Agentic_Infrastructure/Databases/Aztrotech_Citas/leads/prospecto_20260807.done.done.done.done.done.done.dup.dup.dup.dup.dup.dup.dup.dup.dup.dup.dup.dup.dup.dup.dup.dup.dup.dup.dup.dup.dup.dup.dup.dup.dup.dup.dup.dup.dup.dup.dup.dup.dup.dup.dup.dup.dup.dup.dup.dup.dup.dup.dup.dup.dup.dup.dup.dup.dup.dup.json' -> '/home/mystic/Documentos/Sonora Digital Corp Nuevo/01_Core_Platform/03_Agentic_Infrastructure/Databases/Aztrotech_Citas/leads/prospecto_20260807.done.done.done.done.done.done.dup.dup.dup.dup.dup.dup.dup.dup.dup.dup.dup.dup.dup.dup.dup.dup.dup.dup.dup.dup.dup.dup.dup.dup.dup.dup.dup.dup.dup.dup.dup.dup.dup.dup.dup.dup.dup.dup.dup.dup.dup.dup.dup.dup.dup.dup.dup.dup.dup.dup.dup.json'
[INGEST] 0 leads nuevos, 0 duplicados saltados.
[DUP LEAD] prospecto_20260807.done.done.done.done.done.done.dup.dup.dup.dup.dup.dup.dup.dup.dup.dup.dup.dup.dup.dup.dup.dup.dup.dup.dup.dup.dup.dup.dup.dup.dup.dup.dup.dup.dup.dup.dup.dup.dup.dup.dup.dup.dup.dup.dup.dup.dup.dup.dup.dup.dup.dup.dup.dup.dup.dup.json: ya existe cita #4. skip
[LEAD FAIL] prospecto_20260807.done.done.done.done.done.done.dup.dup.dup.dup.dup.dup.dup.dup.dup.dup.dup.dup.dup.dup.dup.dup.dup.dup.dup.dup.dup.dup.dup.dup.dup.dup.dup.dup.dup.dup.dup.dup.dup.dup.dup.dup.dup.dup.dup.dup.dup.dup.dup.dup.dup.dup.dup.dup.dup.dup.json: [Errno 36] File name too long: '/home/mystic/Documentos/Sonora Digital Corp Nuevo/01_Core_Platform/03_Agentic_Infrastructure/Databases/Aztrotech_Citas/leads/prospecto_20260807.done.done.done.done.done.done.dup.dup.dup.dup.dup.dup.dup.dup.dup.dup.dup.dup.dup.dup.dup.dup.dup.dup.dup.dup.dup.dup.dup.dup.dup.dup.dup.dup.dup.dup.dup.dup.dup.dup.dup.dup.dup.dup.dup.dup.dup.dup.dup.dup.dup.dup.dup.dup.dup.dup.json' -> '/home/mystic/Documentos/Sonora Digital Corp Nuevo/01_Core_Platform/03_Agentic_Infrastructure/Databases/Aztrotech_Citas/leads/prospecto_20260807.done.done.done.done.done.done.dup.dup.dup.dup.dup.dup.dup.dup.dup.dup.dup.dup.dup.dup.dup.dup.dup.dup.dup.dup.dup.dup.dup.dup.dup.dup.dup.dup.dup.dup.dup.dup.dup.dup.dup.dup.dup.dup.dup.dup.dup.dup.dup.dup.dup.dup.dup.dup.dup.dup.dup.json'
[INGEST] 0 leads nuevos, 0 duplicados saltados.
[DUP LEAD] prospecto_20260807.done.done.done.done.done.done.dup.dup.dup.dup.dup.dup.dup.dup.dup.dup.dup.dup.dup.dup.dup.dup.dup.dup.dup.dup.dup.dup.dup.dup.dup.dup.dup.dup.dup.dup.dup.dup.dup.dup.dup.dup.dup.dup.dup.dup.dup.dup.dup.dup.dup.dup.dup.dup.dup.dup.json: ya existe cita #4. skip
[LEAD FAIL] prospecto_20260807.done.done.done.done.done.done.dup.dup.dup.dup.dup.dup.dup.dup.dup.dup.dup.dup.dup.dup.dup.dup.dup.dup.dup.dup.dup.dup.dup.dup.dup.dup.dup.dup.dup.dup.dup.dup.dup.dup.dup.dup.dup.dup.dup.dup.dup.dup.dup.dup.dup.dup.dup.dup.dup.dup.json: [Errno 36] File name too long: '/home/mystic/Documentos/Sonora Digital Corp Nuevo/01_Core_Platform/03_Agentic_Infrastructure/Databases/Aztrotech_Citas/leads/prospecto_20260807.done.done.done.done.done.done.dup.dup.dup.dup.dup.dup.dup.dup.dup.dup.dup.dup.dup.dup.dup.dup.dup.dup.dup.dup.dup.dup.dup.dup.dup.dup.dup.dup.dup.dup.dup.dup.dup.dup.dup.dup.dup.dup.dup.dup.dup.dup.dup.dup.dup.dup.dup.dup.dup.dup.json' -> '/home/mystic/Documentos/Sonora Digital Corp Nuevo/01_Core_Platform/03_Agentic_Infrastructure/Databases/Aztrotech_Citas/leads/prospecto_20260807.done.done.done.done.done.done.dup.dup.dup.dup.dup.dup.dup.dup.dup.dup.dup.dup.dup.dup.dup.dup.dup.dup.dup.dup.dup.dup.dup.dup.dup.dup.dup.dup.dup.dup.dup.dup.dup.dup.dup.dup.dup.dup.dup.dup.dup.dup.dup.dup.dup.dup.dup.dup.dup.dup.dup.json'
[INGEST] 0 leads nuevos, 0 duplicados saltados.
[DUP LEAD] prospecto_20260807.done.done.done.done.done.done.dup.dup.dup.dup.dup.dup.dup.dup.dup.dup.dup.dup.dup.dup.dup.dup.dup.dup.dup.dup.dup.dup.dup.dup.dup.dup.dup.dup.dup.dup.dup.dup.dup.dup.dup.dup.dup.dup.dup.dup.dup.dup.dup.dup.dup.dup.dup.dup.dup.dup.json: ya existe cita #4. skip
[LEAD FAIL] prospecto_20260807.done.done.done.done.done.done.dup.dup.dup.dup.dup.dup.dup.dup.dup.dup.dup.dup.dup.dup.dup.dup.dup.dup.dup.dup.dup.dup.dup.dup.dup.dup.dup.dup.dup.dup.dup.dup.dup.dup.dup.dup.dup.dup.dup.dup.dup.dup.dup.dup.dup.dup.dup.dup.dup.dup.json: [Errno 36] File name too long: '/home/mystic/Documentos/Sonora Digital Corp Nuevo/01_Core_Platform/03_Agentic_Infrastructure/Databases/Aztrotech_Citas/leads/prospecto_20260807.done.done.done.done.done.done.dup.dup.dup.dup.dup.dup.dup.dup.dup.dup.dup.dup.dup.dup.dup.dup.dup.dup.dup.dup.dup.dup.dup.dup.dup.dup.dup.dup.dup.dup.dup.dup.dup.dup.dup.dup.dup.dup.dup.dup.dup.dup.dup.dup.dup.dup.dup.dup.dup.dup.json' -> '/home/mystic/Documentos/Sonora Digital Corp Nuevo/01_Core_Platform/03_Agentic_Infrastructure/Databases/Aztrotech_Citas/leads/prospecto_20260807.done.done.done.done.done.done.dup.dup.dup.dup.dup.dup.dup.dup.dup.dup.dup.dup.dup.dup.dup.dup.dup.dup.dup.dup.dup.dup.dup.dup.dup.dup.dup.dup.dup.dup.dup.dup.dup.dup.dup.dup.dup.dup.dup.dup.dup.dup.dup.dup.dup.dup.dup.dup.dup.dup.dup.json'
[INGEST] 0 leads nuevos, 0 duplicados saltados.
[DUP LEAD] prospecto_20260807.done.done.done.done.done.done.dup.dup.dup.dup.dup.dup.dup.dup.dup.dup.dup.dup.dup.dup.dup.dup.dup.dup.dup.dup.dup.dup.dup.dup.dup.dup.dup.dup.dup.dup.dup.dup.dup.dup.dup.dup.dup.dup.dup.dup.dup.dup.dup.dup.dup.dup.dup.dup.dup.dup.json: ya existe cita #4. skip
[LEAD FAIL] prospecto_20260807.done.done.done.done.done.done.dup.dup.dup.dup.dup.dup.dup.dup.dup.dup.dup.dup.dup.dup.dup.dup.dup.dup.dup.dup.dup.dup.dup.dup.dup.dup.dup.dup.dup.dup.dup.dup.dup.dup.dup.dup.dup.dup.dup.dup.dup.dup.dup.dup.dup.dup.dup.dup.dup.dup.json: [Errno 36] File name too long: '/home/mystic/Documentos/Sonora Digital Corp Nuevo/01_Core_Platform/03_Agentic_Infrastructure/Databases/Aztrotech_Citas/leads/prospecto_20260807.done.done.done.done.done.done.dup.dup.dup.dup.dup.dup.dup.dup.dup.dup.dup.dup.dup.dup.dup.dup.dup.dup.dup.dup.dup.dup.dup.dup.dup.dup.dup.dup.dup.dup.dup.dup.dup.dup.dup.dup.dup.dup.dup.dup.dup.dup.dup.dup.dup.dup.dup.dup.dup.dup.json' -> '/home/mystic/Documentos/Sonora Digital Corp Nuevo/01_Core_Platform/03_Agentic_Infrastructure/Databases/Aztrotech_Citas/leads/prospecto_20260807.done.done.done.done.done.done.dup.dup.dup.dup.dup.dup.dup.dup.dup.dup.dup.dup.dup.dup.dup.dup.dup.dup.dup.dup.dup.dup.dup.dup.dup.dup.dup.dup.dup.dup.dup.dup.dup.dup.dup.dup.dup.dup.dup.dup.dup.dup.dup.dup.dup.dup.dup.dup.dup.dup.dup.json'
[INGEST] 0 leads nuevos, 0 duplicados saltados.
[DUP LEAD] prospecto_20260807.done.done.done.done.done.done.dup.dup.dup.dup.dup.dup.dup.dup.dup.dup.dup.dup.dup.dup.dup.dup.dup.dup.dup.dup.dup.dup.dup.dup.dup.dup.dup.dup.dup.dup.dup.dup.dup.dup.dup.dup.dup.dup.dup.dup.dup.dup.dup.dup.dup.dup.dup.dup.dup.dup.json: ya existe cita #4. skip
[LEAD FAIL] prospecto_20260807.done.done.done.done.done.done.dup.dup.dup.dup.dup.dup.dup.dup.dup.dup.dup.dup.dup.dup.dup.dup.dup.dup.dup.dup.dup.dup.dup.dup.dup.dup.dup.dup.dup.dup.dup.dup.dup.dup.dup.dup.dup.dup.dup.dup.dup.dup.dup.dup.dup.dup.dup.dup.dup.dup.json: [Errno 36] File name too long: '/home/mystic/Documentos/Sonora Digital Corp Nuevo/01_Core_Platform/03_Agentic_Infrastructure/Databases/Aztrotech_Citas/leads/prospecto_20260807.done.done.done.done.done.done.dup.dup.dup.dup.dup.dup.dup.dup.dup.dup.dup.dup.dup.dup.dup.dup.dup.dup.dup.dup.dup.dup.dup.dup.dup.dup.dup.dup.dup.dup.dup.dup.dup.dup.dup.dup.dup.dup.dup.dup.dup.dup.dup.dup.dup.dup.dup.dup.dup.dup.json' -> '/home/mystic/Documentos/Sonora Digital Corp Nuevo/01_Core_Platform/03_Agentic_Infrastructure/Databases/Aztrotech_Citas/leads/prospecto_20260807.done.done.done.done.done.done.dup.dup.dup.dup.dup.dup.dup.dup.dup.dup.dup.dup.dup.dup.dup.dup.dup.dup.dup.dup.dup.dup.dup.dup.dup.dup.dup.dup.dup.dup.dup.dup.dup.dup.dup.dup.dup.dup.dup.dup.dup.dup.dup.dup.dup.dup.dup.dup.dup.dup.dup.json'
[INGEST] 0 leads nuevos, 0 duplicados saltados.
[DUP LEAD] prospecto_20260807.done.done.done.done.done.done.dup.dup.dup.dup.dup.dup.dup.dup.dup.dup.dup.dup.dup.dup.dup.dup.dup.dup.dup.dup.dup.dup.dup.dup.dup.dup.dup.dup.dup.dup.dup.dup.dup.dup.dup.dup.dup.dup.dup.dup.dup.dup.dup.dup.dup.dup.dup.dup.dup.dup.json: ya existe cita #4. skip
[LEAD FAIL] prospecto_20260807.done.done.done.done.done.done.dup.dup.dup.dup.dup.dup.dup.dup.dup.dup.dup.dup.dup.dup.dup.dup.dup.dup.dup.dup.dup.dup.dup.dup.dup.dup.dup.dup.dup.dup.dup.dup.dup.dup.dup.dup.dup.dup.dup.dup.dup.dup.dup.dup.dup.dup.dup.dup.dup.dup.json: [Errno 36] File name too long: '/home/mystic/Documentos/Sonora Digital Corp Nuevo/01_Core_Platform/03_Agentic_Infrastructure/Databases/Aztrotech_Citas/leads/prospecto_20260807.done.done.done.done.done.done.dup.dup.dup.dup.dup.dup.dup.dup.dup.dup.dup.dup.dup.dup.dup.dup.dup.dup.dup.dup.dup.dup.dup.dup.dup.dup.dup.dup.dup.dup.dup.dup.dup.dup.dup.dup.dup.dup.dup.dup.dup.dup.dup.dup.dup.dup.dup.dup.dup.dup.json' -> '/home/mystic/Documentos/Sonora Digital Corp Nuevo/01_Core_Platform/03_Agentic_Infrastructure/Databases/Aztrotech_Citas/leads/prospecto_20260807.done.done.done.done.done.done.dup.dup.dup.dup.dup.dup.dup.dup.dup.dup.dup.dup.dup.dup.dup.dup.dup.dup.dup.dup.dup.dup.dup.dup.dup.dup.dup.dup.dup.dup.dup.dup.dup.dup.dup.dup.dup.dup.dup.dup.dup.dup.dup.dup.dup.dup.dup.dup.dup.dup.dup.json'
[INGEST] 0 leads nuevos, 0 duplicados saltados.
[DUP LEAD] prospecto_20260807.done.done.done.done.done.done.dup.dup.dup.dup.dup.dup.dup.dup.dup.dup.dup.dup.dup.dup.dup.dup.dup.dup.dup.dup.dup.dup.dup.dup.dup.dup.dup.dup.dup.dup.dup.dup.dup.dup.dup.dup.dup.dup.dup.dup.dup.dup.dup.dup.dup.dup.dup.dup.dup.dup.json: ya existe cita #4. skip
[LEAD FAIL] prospecto_20260807.done.done.done.done.done.done.dup.dup.dup.dup.dup.dup.dup.dup.dup.dup.dup.dup.dup.dup.dup.dup.dup.dup.dup.dup.dup.dup.dup.dup.dup.dup.dup.dup.dup.dup.dup.dup.dup.dup.dup.dup.dup.dup.dup.dup.dup.dup.dup.dup.dup.dup.dup.dup.dup.dup.json: [Errno 36] File name too long: '/home/mystic/Documentos/Sonora Digital Corp Nuevo/01_Core_Platform/03_Agentic_Infrastructure/Databases/Aztrotech_Citas/leads/prospecto_20260807.done.done.done.done.done.done.dup.dup.dup.dup.dup.dup.dup.dup.dup.dup.dup.dup.dup.dup.dup.dup.dup.dup.dup.dup.dup.dup.dup.dup.dup.dup.dup.dup.dup.dup.dup.dup.dup.dup.dup.dup.dup.dup.dup.dup.dup.dup.dup.dup.dup.dup.dup.dup.dup.dup.json' -> '/home/mystic/Documentos/Sonora Digital Corp Nuevo/01_Core_Platform/03_Agentic_Infrastructure/Databases/Aztrotech_Citas/leads/prospecto_20260807.done.done.done.done.done.done.dup.dup.dup.dup.dup.dup.dup.dup.dup.dup.dup.dup.dup.dup.dup.dup.dup.dup.dup.dup.dup.dup.dup.dup.dup.dup.dup.dup.dup.dup.dup.dup.dup.dup.dup.dup.dup.dup.dup.dup.dup.dup.dup.dup.dup.dup.dup.dup.dup.dup.dup.json'
[INGEST] 0 leads nuevos, 0 duplicados saltados.
[DUP LEAD] prospecto_20260807.done.done.done.done.done.done.dup.dup.dup.dup.dup.dup.dup.dup.dup.dup.dup.dup.dup.dup.dup.dup.dup.dup.dup.dup.dup.dup.dup.dup.dup.dup.dup.dup.dup.dup.dup.dup.dup.dup.dup.dup.dup.dup.dup.dup.dup.dup.dup.dup.dup.dup.dup.dup.dup.dup.json: ya existe cita #4. skip
[LEAD FAIL] prospecto_20260807.done.done.done.done.done.done.dup.dup.dup.dup.dup.dup.dup.dup.dup.dup.dup.dup.dup.dup.dup.dup.dup.dup.dup.dup.dup.dup.dup.dup.dup.dup.dup.dup.dup.dup.dup.dup.dup.dup.dup.dup.dup.dup.dup.dup.dup.dup.dup.dup.dup.dup.dup.dup.dup.dup.json: [Errno 36] File name too long: '/home/mystic/Documentos/Sonora Digital Corp Nuevo/01_Core_Platform/03_Agentic_Infrastructure/Databases/Aztrotech_Citas/leads/prospecto_20260807.done.done.done.done.done.done.dup.dup.dup.dup.dup.dup.dup.dup.dup.dup.dup.dup.dup.dup.dup.dup.dup.dup.dup.dup.dup.dup.dup.dup.dup.dup.dup.dup.dup.dup.dup.dup.dup.dup.dup.dup.dup.dup.dup.dup.dup.dup.dup.dup.dup.dup.dup.dup.dup.dup.json' -> '/home/mystic/Documentos/Sonora Digital Corp Nuevo/01_Core_Platform/03_Agentic_Infrastructure/Databases/Aztrotech_Citas/leads/prospecto_20260807.done.done.done.done.done.done.dup.dup.dup.dup.dup.dup.dup.dup.dup.dup.dup.dup.dup.dup.dup.dup.dup.dup.dup.dup.dup.dup.dup.dup.dup.dup.dup.dup.dup.dup.dup.dup.dup.dup.dup.dup.dup.dup.dup.dup.dup.dup.dup.dup.dup.dup.dup.dup.dup.dup.dup.json'
[INGEST] 0 leads nuevos, 0 duplicados saltados.
[DUP LEAD] prospecto_20260807.done.done.done.done.done.done.dup.dup.dup.dup.dup.dup.dup.dup.dup.dup.dup.dup.dup.dup.dup.dup.dup.dup.dup.dup.dup.dup.dup.dup.dup.dup.dup.dup.dup.dup.dup.dup.dup.dup.dup.dup.dup.dup.dup.dup.dup.dup.dup.dup.dup.dup.dup.dup.dup.dup.json: ya existe cita #4. skip
[LEAD FAIL] prospecto_20260807.done.done.done.done.done.done.dup.dup.dup.dup.dup.dup.dup.dup.dup.dup.dup.dup.dup.dup.dup.dup.dup.dup.dup.dup.dup.dup.dup.dup.dup.dup.dup.dup.dup.dup.dup.dup.dup.dup.dup.dup.dup.dup.dup.dup.dup.dup.dup.dup.dup.dup.dup.dup.dup.dup.json: [Errno 36] File name too long: '/home/mystic/Documentos/Sonora Digital Corp Nuevo/01_Core_Platform/03_Agentic_Infrastructure/Databases/Aztrotech_Citas/leads/prospecto_20260807.done.done.done.done.done.done.dup.dup.dup.dup.dup.dup.dup.dup.dup.dup.dup.dup.dup.dup.dup.dup.dup.dup.dup.dup.dup.dup.dup.dup.dup.dup.dup.dup.dup.dup.dup.dup.dup.dup.dup.dup.dup.dup.dup.dup.dup.dup.dup.dup.dup.dup.dup.dup.dup.dup.json' -> '/home/mystic/Documentos/Sonora Digital Corp Nuevo/01_Core_Platform/03_Agentic_Infrastructure/Databases/Aztrotech_Citas/leads/prospecto_20260807.done.done.done.done.done.done.dup.dup.dup.dup.dup.dup.dup.dup.dup.dup.dup.dup.dup.dup.dup.dup.dup.dup.dup.dup.dup.dup.dup.dup.dup.dup.dup.dup.dup.dup.dup.dup.dup.dup.dup.dup.dup.dup.dup.dup.dup.dup.dup.dup.dup.dup.dup.dup.dup.dup.dup.json'
[INGEST] 0 leads nuevos, 0 duplicados saltados.
[DUP LEAD] prospecto_20260807.done.done.done.done.done.done.dup.dup.dup.dup.dup.dup.dup.dup.dup.dup.dup.dup.dup.dup.dup.dup.dup.dup.dup.dup.dup.dup.dup.dup.dup.dup.dup.dup.dup.dup.dup.dup.dup.dup.dup.dup.dup.dup.dup.dup.dup.dup.dup.dup.dup.dup.dup.dup.dup.dup.json: ya existe cita #4. skip
[LEAD FAIL] prospecto_20260807.done.done.done.done.done.done.dup.dup.dup.dup.dup.dup.dup.dup.dup.dup.dup.dup.dup.dup.dup.dup.dup.dup.dup.dup.dup.dup.dup.dup.dup.dup.dup.dup.dup.dup.dup.dup.dup.dup.dup.dup.dup.dup.dup.dup.dup.dup.dup.dup.dup.dup.dup.dup.dup.dup.json: [Errno 36] File name too long: '/home/mystic/Documentos/Sonora Digital Corp Nuevo/01_Core_Platform/03_Agentic_Infrastructure/Databases/Aztrotech_Citas/leads/prospecto_20260807.done.done.done.done.done.done.dup.dup.dup.dup.dup.dup.dup.dup.dup.dup.dup.dup.dup.dup.dup.dup.dup.dup.dup.dup.dup.dup.dup.dup.dup.dup.dup.dup.dup.dup.dup.dup.dup.dup.dup.dup.dup.dup.dup.dup.dup.dup.dup.dup.dup.dup.dup.dup.dup.dup.json' -> '/home/mystic/Documentos/Sonora Digital Corp Nuevo/01_Core_Platform/03_Agentic_Infrastructure/Databases/Aztrotech_Citas/leads/prospecto_20260807.done.done.done.done.done.done.dup.dup.dup.dup.dup.dup.dup.dup.dup.dup.dup.dup.dup.dup.dup.dup.dup.dup.dup.dup.dup.dup.dup.dup.dup.dup.dup.dup.dup.dup.dup.dup.dup.dup.dup.dup.dup.dup.dup.dup.dup.dup.dup.dup.dup.dup.dup.dup.dup.dup.dup.json'
[INGEST] 0 leads nuevos, 0 duplicados saltados.
[DUP LEAD] prospecto_20260807.done.done.done.done.done.done.dup.dup.dup.dup.dup.dup.dup.dup.dup.dup.dup.dup.dup.dup.dup.dup.dup.dup.dup.dup.dup.dup.dup.dup.dup.dup.dup.dup.dup.dup.dup.dup.dup.dup.dup.dup.dup.dup.dup.dup.dup.dup.dup.dup.dup.dup.dup.dup.dup.dup.json: ya existe cita #4. skip
[LEAD FAIL] prospecto_20260807.done.done.done.done.done.done.dup.dup.dup.dup.dup.dup.dup.dup.dup.dup.dup.dup.dup.dup.dup.dup.dup.dup.dup.dup.dup.dup.dup.dup.dup.dup.dup.dup.dup.dup.dup.dup.dup.dup.dup.dup.dup.dup.dup.dup.dup.dup.dup.dup.dup.dup.dup.dup.dup.dup.json: [Errno 36] File name too long: '/home/mystic/Documentos/Sonora Digital Corp Nuevo/01_Core_Platform/03_Agentic_Infrastructure/Databases/Aztrotech_Citas/leads/prospecto_20260807.done.done.done.done.done.done.dup.dup.dup.dup.dup.dup.dup.dup.dup.dup.dup.dup.dup.dup.dup.dup.dup.dup.dup.dup.dup.dup.dup.dup.dup.dup.dup.dup.dup.dup.dup.dup.dup.dup.dup.dup.dup.dup.dup.dup.dup.dup.dup.dup.dup.dup.dup.dup.dup.dup.json' -> '/home/mystic/Documentos/Sonora Digital Corp Nuevo/01_Core_Platform/03_Agentic_Infrastructure/Databases/Aztrotech_Citas/leads/prospecto_20260807.done.done.done.done.done.done.dup.dup.dup.dup.dup.dup.dup.dup.dup.dup.dup.dup.dup.dup.dup.dup.dup.dup.dup.dup.dup.dup.dup.dup.dup.dup.dup.dup.dup.dup.dup.dup.dup.dup.dup.dup.dup.dup.dup.dup.dup.dup.dup.dup.dup.dup.dup.dup.dup.dup.dup.json'
[INGEST] 0 leads nuevos, 0 duplicados saltados.
[DUP LEAD] prospecto_20260807.done.done.done.done.done.done.dup.dup.dup.dup.dup.dup.dup.dup.dup.dup.dup.dup.dup.dup.dup.dup.dup.dup.dup.dup.dup.dup.dup.dup.dup.dup.dup.dup.dup.dup.dup.dup.dup.dup.dup.dup.dup.dup.dup.dup.dup.dup.dup.dup.dup.dup.dup.dup.dup.dup.json: ya existe cita #4. skip
[LEAD FAIL] prospecto_20260807.done.done.done.done.done.done.dup.dup.dup.dup.dup.dup.dup.dup.dup.dup.dup.dup.dup.dup.dup.dup.dup.dup.dup.dup.dup.dup.dup.dup.dup.dup.dup.dup.dup.dup.dup.dup.dup.dup.dup.dup.dup.dup.dup.dup.dup.dup.dup.dup.dup.dup.dup.dup.dup.dup.json: [Errno 36] File name too long: '/home/mystic/Documentos/Sonora Digital Corp Nuevo/01_Core_Platform/03_Agentic_Infrastructure/Databases/Aztrotech_Citas/leads/prospecto_20260807.done.done.done.done.done.done.dup.dup.dup.dup.dup.dup.dup.dup.dup.dup.dup.dup.dup.dup.dup.dup.dup.dup.dup.dup.dup.dup.dup.dup.dup.dup.dup.dup.dup.dup.dup.dup.dup.dup.dup.dup.dup.dup.dup.dup.dup.dup.dup.dup.dup.dup.dup.dup.dup.dup.json' -> '/home/mystic/Documentos/Sonora Digital Corp Nuevo/01_Core_Platform/03_Agentic_Infrastructure/Databases/Aztrotech_Citas/leads/prospecto_20260807.done.done.done.done.done.done.dup.dup.dup.dup.dup.dup.dup.dup.dup.dup.dup.dup.dup.dup.dup.dup.dup.dup.dup.dup.dup.dup.dup.dup.dup.dup.dup.dup.dup.dup.dup.dup.dup.dup.dup.dup.dup.dup.dup.dup.dup.dup.dup.dup.dup.dup.dup.dup.dup.dup.dup.json'
[INGEST] 0 leads nuevos, 0 duplicados saltados.
[DUP LEAD] prospecto_20260807.done.done.done.done.done.done.dup.dup.dup.dup.dup.dup.dup.dup.dup.dup.dup.dup.dup.dup.dup.dup.dup.dup.dup.dup.dup.dup.dup.dup.dup.dup.dup.dup.dup.dup.dup.dup.dup.dup.dup.dup.dup.dup.dup.dup.dup.dup.dup.dup.dup.dup.dup.dup.dup.dup.json: ya existe cita #4. skip
[LEAD FAIL] prospecto_20260807.done.done.done.done.done.done.dup.dup.dup.dup.dup.dup.dup.dup.dup.dup.dup.dup.dup.dup.dup.dup.dup.dup.dup.dup.dup.dup.dup.dup.dup.dup.dup.dup.dup.dup.dup.dup.dup.dup.dup.dup.dup.dup.dup.dup.dup.dup.dup.dup.dup.dup.dup.dup.dup.dup.json: [Errno 36] File name too long: '/home/mystic/Documentos/Sonora Digital Corp Nuevo/01_Core_Platform/03_Agentic_Infrastructure/Databases/Aztrotech_Citas/leads/prospecto_20260807.done.done.done.done.done.done.dup.dup.dup.dup.dup.dup.dup.dup.dup.dup.dup.dup.dup.dup.dup.dup.dup.dup.dup.dup.dup.dup.dup.dup.dup.dup.dup.dup.dup.dup.dup.dup.dup.dup.dup.dup.dup.dup.dup.dup.dup.dup.dup.dup.dup.dup.dup.dup.dup.dup.json' -> '/home/mystic/Documentos/Sonora Digital Corp Nuevo/01_Core_Platform/03_Agentic_Infrastructure/Databases/Aztrotech_Citas/leads/prospecto_20260807.done.done.done.done.done.done.dup.dup.dup.dup.dup.dup.dup.dup.dup.dup.dup.dup.dup.dup.dup.dup.dup.dup.dup.dup.dup.dup.dup.dup.dup.dup.dup.dup.dup.dup.dup.dup.dup.dup.dup.dup.dup.dup.dup.dup.dup.dup.dup.dup.dup.dup.dup.dup.dup.dup.dup.json'
[INGEST] 0 leads nuevos, 0 duplicados saltados.
[DUP LEAD] prospecto_20260807.done.done.done.done.done.done.dup.dup.dup.dup.dup.dup.dup.dup.dup.dup.dup.dup.dup.dup.dup.dup.dup.dup.dup.dup.dup.dup.dup.dup.dup.dup.dup.dup.dup.dup.dup.dup.dup.dup.dup.dup.dup.dup.dup.dup.dup.dup.dup.dup.dup.dup.dup.dup.dup.dup.json: ya existe cita #4. skip
[LEAD FAIL] prospecto_20260807.done.done.done.done.done.done.dup.dup.dup.dup.dup.dup.dup.dup.dup.dup.dup.dup.dup.dup.dup.dup.dup.dup.dup.dup.dup.dup.dup.dup.dup.dup.dup.dup.dup.dup.dup.dup.dup.dup.dup.dup.dup.dup.dup.dup.dup.dup.dup.dup.dup.dup.dup.dup.dup.dup.json: [Errno 36] File name too long: '/home/mystic/Documentos/Sonora Digital Corp Nuevo/01_Core_Platform/03_Agentic_Infrastructure/Databases/Aztrotech_Citas/leads/prospecto_20260807.done.done.done.done.done.done.dup.dup.dup.dup.dup.dup.dup.dup.dup.dup.dup.dup.dup.dup.dup.dup.dup.dup.dup.dup.dup.dup.dup.dup.dup.dup.dup.dup.dup.dup.dup.dup.dup.dup.dup.dup.dup.dup.dup.dup.dup.dup.dup.dup.dup.dup.dup.dup.dup.dup.json' -> '/home/mystic/Documentos/Sonora Digital Corp Nuevo/01_Core_Platform/03_Agentic_Infrastructure/Databases/Aztrotech_Citas/leads/prospecto_20260807.done.done.done.done.done.done.dup.dup.dup.dup.dup.dup.dup.dup.dup.dup.dup.dup.dup.dup.dup.dup.dup.dup.dup.dup.dup.dup.dup.dup.dup.dup.dup.dup.dup.dup.dup.dup.dup.dup.dup.dup.dup.dup.dup.dup.dup.dup.dup.dup.dup.dup.dup.dup.dup.dup.dup.json'
[INGEST] 0 leads nuevos, 0 duplicados saltados.
[DUP LEAD] prospecto_20260807.done.done.done.done.done.done.dup.dup.dup.dup.dup.dup.dup.dup.dup.dup.dup.dup.dup.dup.dup.dup.dup.dup.dup.dup.dup.dup.dup.dup.dup.dup.dup.dup.dup.dup.dup.dup.dup.dup.dup.dup.dup.dup.dup.dup.dup.dup.dup.dup.dup.dup.dup.dup.dup.dup.json: ya existe cita #4. skip
[LEAD FAIL] prospecto_20260807.done.done.done.done.done.done.dup.dup.dup.dup.dup.dup.dup.dup.dup.dup.dup.dup.dup.dup.dup.dup.dup.dup.dup.dup.dup.dup.dup.dup.dup.dup.dup.dup.dup.dup.dup.dup.dup.dup.dup.dup.dup.dup.dup.dup.dup.dup.dup.dup.dup.dup.dup.dup.dup.dup.json: [Errno 36] File name too long: '/home/mystic/Documentos/Sonora Digital Corp Nuevo/01_Core_Platform/03_Agentic_Infrastructure/Databases/Aztrotech_Citas/leads/prospecto_20260807.done.done.done.done.done.done.dup.dup.dup.dup.dup.dup.dup.dup.dup.dup.dup.dup.dup.dup.dup.dup.dup.dup.dup.dup.dup.dup.dup.dup.dup.dup.dup.dup.dup.dup.dup.dup.dup.dup.dup.dup.dup.dup.dup.dup.dup.dup.dup.dup.dup.dup.dup.dup.dup.dup.json' -> '/home/mystic/Documentos/Sonora Digital Corp Nuevo/01_Core_Platform/03_Agentic_Infrastructure/Databases/Aztrotech_Citas/leads/prospecto_20260807.done.done.done.done.done.done.dup.dup.dup.dup.dup.dup.dup.dup.dup.dup.dup.dup.dup.dup.dup.dup.dup.dup.dup.dup.dup.dup.dup.dup.dup.dup.dup.dup.dup.dup.dup.dup.dup.dup.dup.dup.dup.dup.dup.dup.dup.dup.dup.dup.dup.dup.dup.dup.dup.dup.dup.json'
[INGEST] 0 leads nuevos, 0 duplicados saltados.
[DUP LEAD] prospecto_20260807.done.done.done.done.done.done.dup.dup.dup.dup.dup.dup.dup.dup.dup.dup.dup.dup.dup.dup.dup.dup.dup.dup.dup.dup.dup.dup.dup.dup.dup.dup.dup.dup.dup.dup.dup.dup.dup.dup.dup.dup.dup.dup.dup.dup.dup.dup.dup.dup.dup.dup.dup.dup.dup.dup.json: ya existe cita #4. skip
[LEAD FAIL] prospecto_20260807.done.done.done.done.done.done.dup.dup.dup.dup.dup.dup.dup.dup.dup.dup.dup.dup.dup.dup.dup.dup.dup.dup.dup.dup.dup.dup.dup.dup.dup.dup.dup.dup.dup.dup.dup.dup.dup.dup.dup.dup.dup.dup.dup.dup.dup.dup.dup.dup.dup.dup.dup.dup.dup.dup.json: [Errno 36] File name too long: '/home/mystic/Documentos/Sonora Digital Corp Nuevo/01_Core_Platform/03_Agentic_Infrastructure/Databases/Aztrotech_Citas/leads/prospecto_20260807.done.done.done.done.done.done.dup.dup.dup.dup.dup.dup.dup.dup.dup.dup.dup.dup.dup.dup.dup.dup.dup.dup.dup.dup.dup.dup.dup.dup.dup.dup.dup.dup.dup.dup.dup.dup.dup.dup.dup.dup.dup.dup.dup.dup.dup.dup.dup.dup.dup.dup.dup.dup.dup.dup.json' -> '/home/mystic/Documentos/Sonora Digital Corp Nuevo/01_Core_Platform/03_Agentic_Infrastructure/Databases/Aztrotech_Citas/leads/prospecto_20260807.done.done.done.done.done.done.dup.dup.dup.dup.dup.dup.dup.dup.dup.dup.dup.dup.dup.dup.dup.dup.dup.dup.dup.dup.dup.dup.dup.dup.dup.dup.dup.dup.dup.dup.dup.dup.dup.dup.dup.dup.dup.dup.dup.dup.dup.dup.dup.dup.dup.dup.dup.dup.dup.dup.dup.json'
[INGEST] 0 leads nuevos, 0 duplicados saltados.
[DUP LEAD] prospecto_20260807.done.done.done.done.done.done.dup.dup.dup.dup.dup.dup.dup.dup.dup.dup.dup.dup.dup.dup.dup.dup.dup.dup.dup.dup.dup.dup.dup.dup.dup.dup.dup.dup.dup.dup.dup.dup.dup.dup.dup.dup.dup.dup.dup.dup.dup.dup.dup.dup.dup.dup.dup.dup.dup.dup.json: ya existe cita #4. skip
[LEAD FAIL] prospecto_20260807.done.done.done.done.done.done.dup.dup.dup.dup.dup.dup.dup.dup.dup.dup.dup.dup.dup.dup.dup.dup.dup.dup.dup.dup.dup.dup.dup.dup.dup.dup.dup.dup.dup.dup.dup.dup.dup.dup.dup.dup.dup.dup.dup.dup.dup.dup.dup.dup.dup.dup.dup.dup.dup.dup.json: [Errno 36] File name too long: '/home/mystic/Documentos/Sonora Digital Corp Nuevo/01_Core_Platform/03_Agentic_Infrastructure/Databases/Aztrotech_Citas/leads/prospecto_20260807.done.done.done.done.done.done.dup.dup.dup.dup.dup.dup.dup.dup.dup.dup.dup.dup.dup.dup.dup.dup.dup.dup.dup.dup.dup.dup.dup.dup.dup.dup.dup.dup.dup.dup.dup.dup.dup.dup.dup.dup.dup.dup.dup.dup.dup.dup.dup.dup.dup.dup.dup.dup.dup.dup.json' -> '/home/mystic/Documentos/Sonora Digital Corp Nuevo/01_Core_Platform/03_Agentic_Infrastructure/Databases/Aztrotech_Citas/leads/prospecto_20260807.done.done.done.done.done.done.dup.dup.dup.dup.dup.dup.dup.dup.dup.dup.dup.dup.dup.dup.dup.dup.dup.dup.dup.dup.dup.dup.dup.dup.dup.dup.dup.dup.dup.dup.dup.dup.dup.dup.dup.dup.dup.dup.dup.dup.dup.dup.dup.dup.dup.dup.dup.dup.dup.dup.dup.json'
[INGEST] 0 leads nuevos, 0 duplicados saltados.
[DUP LEAD] prospecto_20260807.done.done.done.done.done.done.dup.dup.dup.dup.dup.dup.dup.dup.dup.dup.dup.dup.dup.dup.dup.dup.dup.dup.dup.dup.dup.dup.dup.dup.dup.dup.dup.dup.dup.dup.dup.dup.dup.dup.dup.dup.dup.dup.dup.dup.dup.dup.dup.dup.dup.dup.dup.dup.dup.dup.json: ya existe cita #4. skip
[LEAD FAIL] prospecto_20260807.done.done.done.done.done.done.dup.dup.dup.dup.dup.dup.dup.dup.dup.dup.dup.dup.dup.dup.dup.dup.dup.dup.dup.dup.dup.dup.dup.dup.dup.dup.dup.dup.dup.dup.dup.dup.dup.dup.dup.dup.dup.dup.dup.dup.dup.dup.dup.dup.dup.dup.dup.dup.dup.dup.json: [Errno 36] File name too long: '/home/mystic/Documentos/Sonora Digital Corp Nuevo/01_Core_Platform/03_Agentic_Infrastructure/Databases/Aztrotech_Citas/leads/prospecto_20260807.done.done.done.done.done.done.dup.dup.dup.dup.dup.dup.dup.dup.dup.dup.dup.dup.dup.dup.dup.dup.dup.dup.dup.dup.dup.dup.dup.dup.dup.dup.dup.dup.dup.dup.dup.dup.dup.dup.dup.dup.dup.dup.dup.dup.dup.dup.dup.dup.dup.dup.dup.dup.dup.dup.json' -> '/home/mystic/Documentos/Sonora Digital Corp Nuevo/01_Core_Platform/03_Agentic_Infrastructure/Databases/Aztrotech_Citas/leads/prospecto_20260807.done.done.done.done.done.done.dup.dup.dup.dup.dup.dup.dup.dup.dup.dup.dup.dup.dup.dup.dup.dup.dup.dup.dup.dup.dup.dup.dup.dup.dup.dup.dup.dup.dup.dup.dup.dup.dup.dup.dup.dup.dup.dup.dup.dup.dup.dup.dup.dup.dup.dup.dup.dup.dup.dup.dup.json'
[INGEST] 0 leads nuevos, 0 duplicados saltados.
[DUP LEAD] prospecto_20260807.done.done.done.done.done.done.dup.dup.dup.dup.dup.dup.dup.dup.dup.dup.dup.dup.dup.dup.dup.dup.dup.dup.dup.dup.dup.dup.dup.dup.dup.dup.dup.dup.dup.dup.dup.dup.dup.dup.dup.dup.dup.dup.dup.dup.dup.dup.dup.dup.dup.dup.dup.dup.dup.dup.json: ya existe cita #4. skip
[LEAD FAIL] prospecto_20260807.done.done.done.done.done.done.dup.dup.dup.dup.dup.dup.dup.dup.dup.dup.dup.dup.dup.dup.dup.dup.dup.dup.dup.dup.dup.dup.dup.dup.dup.dup.dup.dup.dup.dup.dup.dup.dup.dup.dup.dup.dup.dup.dup.dup.dup.dup.dup.dup.dup.dup.dup.dup.dup.dup.json: [Errno 36] File name too long: '/home/mystic/Documentos/Sonora Digital Corp Nuevo/01_Core_Platform/03_Agentic_Infrastructure/Databases/Aztrotech_Citas/leads/prospecto_20260807.done.done.done.done.done.done.dup.dup.dup.dup.dup.dup.dup.dup.dup.dup.dup.dup.dup.dup.dup.dup.dup.dup.dup.dup.dup.dup.dup.dup.dup.dup.dup.dup.dup.dup.dup.dup.dup.dup.dup.dup.dup.dup.dup.dup.dup.dup.dup.dup.dup.dup.dup.dup.dup.dup.json' -> '/home/mystic/Documentos/Sonora Digital Corp Nuevo/01_Core_Platform/03_Agentic_Infrastructure/Databases/Aztrotech_Citas/leads/prospecto_20260807.done.done.done.done.done.done.dup.dup.dup.dup.dup.dup.dup.dup.dup.dup.dup.dup.dup.dup.dup.dup.dup.dup.dup.dup.dup.dup.dup.dup.dup.dup.dup.dup.dup.dup.dup.dup.dup.dup.dup.dup.dup.dup.dup.dup.dup.dup.dup.dup.dup.dup.dup.dup.dup.dup.dup.json'
[INGEST] 0 leads nuevos, 0 duplicados saltados.
[DUP LEAD] prospecto_20260807.done.done.done.done.done.done.dup.dup.dup.dup.dup.dup.dup.dup.dup.dup.dup.dup.dup.dup.dup.dup.dup.dup.dup.dup.dup.dup.dup.dup.dup.dup.dup.dup.dup.dup.dup.dup.dup.dup.dup.dup.dup.dup.dup.dup.dup.dup.dup.dup.dup.dup.dup.dup.dup.dup.json: ya existe cita #4. skip
[LEAD FAIL] prospecto_20260807.done.done.done.done.done.done.dup.dup.dup.dup.dup.dup.dup.dup.dup.dup.dup.dup.dup.dup.dup.dup.dup.dup.dup.dup.dup.dup.dup.dup.dup.dup.dup.dup.dup.dup.dup.dup.dup.dup.dup.dup.dup.dup.dup.dup.dup.dup.dup.dup.dup.dup.dup.dup.dup.dup.json: [Errno 36] File name too long: '/home/mystic/Documentos/Sonora Digital Corp Nuevo/01_Core_Platform/03_Agentic_Infrastructure/Databases/Aztrotech_Citas/leads/prospecto_20260807.done.done.done.done.done.done.dup.dup.dup.dup.dup.dup.dup.dup.dup.dup.dup.dup.dup.dup.dup.dup.dup.dup.dup.dup.dup.dup.dup.dup.dup.dup.dup.dup.dup.dup.dup.dup.dup.dup.dup.dup.dup.dup.dup.dup.dup.dup.dup.dup.dup.dup.dup.dup.dup.dup.json' -> '/home/mystic/Documentos/Sonora Digital Corp Nuevo/01_Core_Platform/03_Agentic_Infrastructure/Databases/Aztrotech_Citas/leads/prospecto_20260807.done.done.done.done.done.done.dup.dup.dup.dup.dup.dup.dup.dup.dup.dup.dup.dup.dup.dup.dup.dup.dup.dup.dup.dup.dup.dup.dup.dup.dup.dup.dup.dup.dup.dup.dup.dup.dup.dup.dup.dup.dup.dup.dup.dup.dup.dup.dup.dup.dup.dup.dup.dup.dup.dup.dup.json'
[INGEST] 0 leads nuevos, 0 duplicados saltados.
[DUP LEAD] prospecto_20260807.done.done.done.done.done.done.dup.dup.dup.dup.dup.dup.dup.dup.dup.dup.dup.dup.dup.dup.dup.dup.dup.dup.dup.dup.dup.dup.dup.dup.dup.dup.dup.dup.dup.dup.dup.dup.dup.dup.dup.dup.dup.dup.dup.dup.dup.dup.dup.dup.dup.dup.dup.dup.dup.dup.json: ya existe cita #4. skip
[LEAD FAIL] prospecto_20260807.done.done.done.done.done.done.dup.dup.dup.dup.dup.dup.dup.dup.dup.dup.dup.dup.dup.dup.dup.dup.dup.dup.dup.dup.dup.dup.dup.dup.dup.dup.dup.dup.dup.dup.dup.dup.dup.dup.dup.dup.dup.dup.dup.dup.dup.dup.dup.dup.dup.dup.dup.dup.dup.dup.json: [Errno 36] File name too long: '/home/mystic/Documentos/Sonora Digital Corp Nuevo/01_Core_Platform/03_Agentic_Infrastructure/Databases/Aztrotech_Citas/leads/prospecto_20260807.done.done.done.done.done.done.dup.dup.dup.dup.dup.dup.dup.dup.dup.dup.dup.dup.dup.dup.dup.dup.dup.dup.dup.dup.dup.dup.dup.dup.dup.dup.dup.dup.dup.dup.dup.dup.dup.dup.dup.dup.dup.dup.dup.dup.dup.dup.dup.dup.dup.dup.dup.dup.dup.dup.json' -> '/home/mystic/Documentos/Sonora Digital Corp Nuevo/01_Core_Platform/03_Agentic_Infrastructure/Databases/Aztrotech_Citas/leads/prospecto_20260807.done.done.done.done.done.done.dup.dup.dup.dup.dup.dup.dup.dup.dup.dup.dup.dup.dup.dup.dup.dup.dup.dup.dup.dup.dup.dup.dup.dup.dup.dup.dup.dup.dup.dup.dup.dup.dup.dup.dup.dup.dup.dup.dup.dup.dup.dup.dup.dup.dup.dup.dup.dup.dup.dup.dup.json'
[INGEST] 0 leads nuevos, 0 duplicados saltados.
[DUP LEAD] prospecto_20260807.done.done.done.done.done.done.dup.dup.dup.dup.dup.dup.dup.dup.dup.dup.dup.dup.dup.dup.dup.dup.dup.dup.dup.dup.dup.dup.dup.dup.dup.dup.dup.dup.dup.dup.dup.dup.dup.dup.dup.dup.dup.dup.dup.dup.dup.dup.dup.dup.dup.dup.dup.dup.dup.dup.json: ya existe cita #4. skip
[LEAD FAIL] prospecto_20260807.done.done.done.done.done.done.dup.dup.dup.dup.dup.dup.dup.dup.dup.dup.dup.dup.dup.dup.dup.dup.dup.dup.dup.dup.dup.dup.dup.dup.dup.dup.dup.dup.dup.dup.dup.dup.dup.dup.dup.dup.dup.dup.dup.dup.dup.dup.dup.dup.dup.dup.dup.dup.dup.dup.json: [Errno 36] File name too long: '/home/mystic/Documentos/Sonora Digital Corp Nuevo/01_Core_Platform/03_Agentic_Infrastructure/Databases/Aztrotech_Citas/leads/prospecto_20260807.done.done.done.done.done.done.dup.dup.dup.dup.dup.dup.dup.dup.dup.dup.dup.dup.dup.dup.dup.dup.dup.dup.dup.dup.dup.dup.dup.dup.dup.dup.dup.dup.dup.dup.dup.dup.dup.dup.dup.dup.dup.dup.dup.dup.dup.dup.dup.dup.dup.dup.dup.dup.dup.dup.json' -> '/home/mystic/Documentos/Sonora Digital Corp Nuevo/01_Core_Platform/03_Agentic_Infrastructure/Databases/Aztrotech_Citas/leads/prospecto_20260807.done.done.done.done.done.done.dup.dup.dup.dup.dup.dup.dup.dup.dup.dup.dup.dup.dup.dup.dup.dup.dup.dup.dup.dup.dup.dup.dup.dup.dup.dup.dup.dup.dup.dup.dup.dup.dup.dup.dup.dup.dup.dup.dup.dup.dup.dup.dup.dup.dup.dup.dup.dup.dup.dup.dup.json'
[INGEST] 0 leads nuevos, 0 duplicados saltados.
[DUP LEAD] prospecto_20260807.done.done.done.done.done.done.dup.dup.dup.dup.dup.dup.dup.dup.dup.dup.dup.dup.dup.dup.dup.dup.dup.dup.dup.dup.dup.dup.dup.dup.dup.dup.dup.dup.dup.dup.dup.dup.dup.dup.dup.dup.dup.dup.dup.dup.dup.dup.dup.dup.dup.dup.dup.dup.dup.dup.json: ya existe cita #4. skip
[LEAD FAIL] prospecto_20260807.done.done.done.done.done.done.dup.dup.dup.dup.dup.dup.dup.dup.dup.dup.dup.dup.dup.dup.dup.dup.dup.dup.dup.dup.dup.dup.dup.dup.dup.dup.dup.dup.dup.dup.dup.dup.dup.dup.dup.dup.dup.dup.dup.dup.dup.dup.dup.dup.dup.dup.dup.dup.dup.dup.json: [Errno 36] File name too long: '/home/mystic/Documentos/Sonora Digital Corp Nuevo/01_Core_Platform/03_Agentic_Infrastructure/Databases/Aztrotech_Citas/leads/prospecto_20260807.done.done.done.done.done.done.dup.dup.dup.dup.dup.dup.dup.dup.dup.dup.dup.dup.dup.dup.dup.dup.dup.dup.dup.dup.dup.dup.dup.dup.dup.dup.dup.dup.dup.dup.dup.dup.dup.dup.dup.dup.dup.dup.dup.dup.dup.dup.dup.dup.dup.dup.dup.dup.dup.dup.json' -> '/home/mystic/Documentos/Sonora Digital Corp Nuevo/01_Core_Platform/03_Agentic_Infrastructure/Databases/Aztrotech_Citas/leads/prospecto_20260807.done.done.done.done.done.done.dup.dup.dup.dup.dup.dup.dup.dup.dup.dup.dup.dup.dup.dup.dup.dup.dup.dup.dup.dup.dup.dup.dup.dup.dup.dup.dup.dup.dup.dup.dup.dup.dup.dup.dup.dup.dup.dup.dup.dup.dup.dup.dup.dup.dup.dup.dup.dup.dup.dup.dup.json'
[INGEST] 0 leads nuevos, 0 duplicados saltados.
[DUP LEAD] prospecto_20260807.done.done.done.done.done.done.dup.dup.dup.dup.dup.dup.dup.dup.dup.dup.dup.dup.dup.dup.dup.dup.dup.dup.dup.dup.dup.dup.dup.dup.dup.dup.dup.dup.dup.dup.dup.dup.dup.dup.dup.dup.dup.dup.dup.dup.dup.dup.dup.dup.dup.dup.dup.dup.dup.dup.json: ya existe cita #4. skip
[LEAD FAIL] prospecto_20260807.done.done.done.done.done.done.dup.dup.dup.dup.dup.dup.dup.dup.dup.dup.dup.dup.dup.dup.dup.dup.dup.dup.dup.dup.dup.dup.dup.dup.dup.dup.dup.dup.dup.dup.dup.dup.dup.dup.dup.dup.dup.dup.dup.dup.dup.dup.dup.dup.dup.dup.dup.dup.dup.dup.json: [Errno 36] File name too long: '/home/mystic/Documentos/Sonora Digital Corp Nuevo/01_Core_Platform/03_Agentic_Infrastructure/Databases/Aztrotech_Citas/leads/prospecto_20260807.done.done.done.done.done.done.dup.dup.dup.dup.dup.dup.dup.dup.dup.dup.dup.dup.dup.dup.dup.dup.dup.dup.dup.dup.dup.dup.dup.dup.dup.dup.dup.dup.dup.dup.dup.dup.dup.dup.dup.dup.dup.dup.dup.dup.dup.dup.dup.dup.dup.dup.dup.dup.dup.dup.json' -> '/home/mystic/Documentos/Sonora Digital Corp Nuevo/01_Core_Platform/03_Agentic_Infrastructure/Databases/Aztrotech_Citas/leads/prospecto_20260807.done.done.done.done.done.done.dup.dup.dup.dup.dup.dup.dup.dup.dup.dup.dup.dup.dup.dup.dup.dup.dup.dup.dup.dup.dup.dup.dup.dup.dup.dup.dup.dup.dup.dup.dup.dup.dup.dup.dup.dup.dup.dup.dup.dup.dup.dup.dup.dup.dup.dup.dup.dup.dup.dup.dup.json'
[INGEST] 0 leads nuevos, 0 duplicados saltados.
[DUP LEAD] prospecto_20260807.done.done.done.done.done.done.dup.dup.dup.dup.dup.dup.dup.dup.dup.dup.dup.dup.dup.dup.dup.dup.dup.dup.dup.dup.dup.dup.dup.dup.dup.dup.dup.dup.dup.dup.dup.dup.dup.dup.dup.dup.dup.dup.dup.dup.dup.dup.dup.dup.dup.dup.dup.dup.dup.dup.json: ya existe cita #4. skip
[LEAD FAIL] prospecto_20260807.done.done.done.done.done.done.dup.dup.dup.dup.dup.dup.dup.dup.dup.dup.dup.dup.dup.dup.dup.dup.dup.dup.dup.dup.dup.dup.dup.dup.dup.dup.dup.dup.dup.dup.dup.dup.dup.dup.dup.dup.dup.dup.dup.dup.dup.dup.dup.dup.dup.dup.dup.dup.dup.dup.json: [Errno 36] File name too long: '/home/mystic/Documentos/Sonora Digital Corp Nuevo/01_Core_Platform/03_Agentic_Infrastructure/Databases/Aztrotech_Citas/leads/prospecto_20260807.done.done.done.done.done.done.dup.dup.dup.dup.dup.dup.dup.dup.dup.dup.dup.dup.dup.dup.dup.dup.dup.dup.dup.dup.dup.dup.dup.dup.dup.dup.dup.dup.dup.dup.dup.dup.dup.dup.dup.dup.dup.dup.dup.dup.dup.dup.dup.dup.dup.dup.dup.dup.dup.dup.json' -> '/home/mystic/Documentos/Sonora Digital Corp Nuevo/01_Core_Platform/03_Agentic_Infrastructure/Databases/Aztrotech_Citas/leads/prospecto_20260807.done.done.done.done.done.done.dup.dup.dup.dup.dup.dup.dup.dup.dup.dup.dup.dup.dup.dup.dup.dup.dup.dup.dup.dup.dup.dup.dup.dup.dup.dup.dup.dup.dup.dup.dup.dup.dup.dup.dup.dup.dup.dup.dup.dup.dup.dup.dup.dup.dup.dup.dup.dup.dup.dup.dup.json'
[INGEST] 0 leads nuevos, 0 duplicados saltados.
[DUP LEAD] prospecto_20260807.done.done.done.done.done.done.dup.dup.dup.dup.dup.dup.dup.dup.dup.dup.dup.dup.dup.dup.dup.dup.dup.dup.dup.dup.dup.dup.dup.dup.dup.dup.dup.dup.dup.dup.dup.dup.dup.dup.dup.dup.dup.dup.dup.dup.dup.dup.dup.dup.dup.dup.dup.dup.dup.dup.json: ya existe cita #4. skip
[LEAD FAIL] prospecto_20260807.done.done.done.done.done.done.dup.dup.dup.dup.dup.dup.dup.dup.dup.dup.dup.dup.dup.dup.dup.dup.dup.dup.dup.dup.dup.dup.dup.dup.dup.dup.dup.dup.dup.dup.dup.dup.dup.dup.dup.dup.dup.dup.dup.dup.dup.dup.dup.dup.dup.dup.dup.dup.dup.dup.json: [Errno 36] File name too long: '/home/mystic/Documentos/Sonora Digital Corp Nuevo/01_Core_Platform/03_Agentic_Infrastructure/Databases/Aztrotech_Citas/leads/prospecto_20260807.done.done.done.done.done.done.dup.dup.dup.dup.dup.dup.dup.dup.dup.dup.dup.dup.dup.dup.dup.dup.dup.dup.dup.dup.dup.dup.dup.dup.dup.dup.dup.dup.dup.dup.dup.dup.dup.dup.dup.dup.dup.dup.dup.dup.dup.dup.dup.dup.dup.dup.dup.dup.dup.dup.json' -> '/home/mystic/Documentos/Sonora Digital Corp Nuevo/01_Core_Platform/03_Agentic_Infrastructure/Databases/Aztrotech_Citas/leads/prospecto_20260807.done.done.done.done.done.done.dup.dup.dup.dup.dup.dup.dup.dup.dup.dup.dup.dup.dup.dup.dup.dup.dup.dup.dup.dup.dup.dup.dup.dup.dup.dup.dup.dup.dup.dup.dup.dup.dup.dup.dup.dup.dup.dup.dup.dup.dup.dup.dup.dup.dup.dup.dup.dup.dup.dup.dup.json'
[INGEST] 0 leads nuevos, 0 duplicados saltados.
[DUP LEAD] prospecto_20260807.done.done.done.done.done.done.dup.dup.dup.dup.dup.dup.dup.dup.dup.dup.dup.dup.dup.dup.dup.dup.dup.dup.dup.dup.dup.dup.dup.dup.dup.dup.dup.dup.dup.dup.dup.dup.dup.dup.dup.dup.dup.dup.dup.dup.dup.dup.dup.dup.dup.dup.dup.dup.dup.dup.json: ya existe cita #4. skip
[LEAD FAIL] prospecto_20260807.done.done.done.done.done.done.dup.dup.dup.dup.dup.dup.dup.dup.dup.dup.dup.dup.dup.dup.dup.dup.dup.dup.dup.dup.dup.dup.dup.dup.dup.dup.dup.dup.dup.dup.dup.dup.dup.dup.dup.dup.dup.dup.dup.dup.dup.dup.dup.dup.dup.dup.dup.dup.dup.dup.json: [Errno 36] File name too long: '/home/mystic/Documentos/Sonora Digital Corp Nuevo/01_Core_Platform/03_Agentic_Infrastructure/Databases/Aztrotech_Citas/leads/prospecto_20260807.done.done.done.done.done.done.dup.dup.dup.dup.dup.dup.dup.dup.dup.dup.dup.dup.dup.dup.dup.dup.dup.dup.dup.dup.dup.dup.dup.dup.dup.dup.dup.dup.dup.dup.dup.dup.dup.dup.dup.dup.dup.dup.dup.dup.dup.dup.dup.dup.dup.dup.dup.dup.dup.dup.json' -> '/home/mystic/Documentos/Sonora Digital Corp Nuevo/01_Core_Platform/03_Agentic_Infrastructure/Databases/Aztrotech_Citas/leads/prospecto_20260807.done.done.done.done.done.done.dup.dup.dup.dup.dup.dup.dup.dup.dup.dup.dup.dup.dup.dup.dup.dup.dup.dup.dup.dup.dup.dup.dup.dup.dup.dup.dup.dup.dup.dup.dup.dup.dup.dup.dup.dup.dup.dup.dup.dup.dup.dup.dup.dup.dup.dup.dup.dup.dup.dup.dup.json'
[INGEST] 0 leads nuevos, 0 duplicados saltados.
[DUP LEAD] prospecto_20260807.done.done.done.done.done.done.dup.dup.dup.dup.dup.dup.dup.dup.dup.dup.dup.dup.dup.dup.dup.dup.dup.dup.dup.dup.dup.dup.dup.dup.dup.dup.dup.dup.dup.dup.dup.dup.dup.dup.dup.dup.dup.dup.dup.dup.dup.dup.dup.dup.dup.dup.dup.dup.dup.dup.json: ya existe cita #4. skip
[LEAD FAIL] prospecto_20260807.done.done.done.done.done.done.dup.dup.dup.dup.dup.dup.dup.dup.dup.dup.dup.dup.dup.dup.dup.dup.dup.dup.dup.dup.dup.dup.dup.dup.dup.dup.dup.dup.dup.dup.dup.dup.dup.dup.dup.dup.dup.dup.dup.dup.dup.dup.dup.dup.dup.dup.dup.dup.dup.dup.json: [Errno 36] File name too long: '/home/mystic/Documentos/Sonora Digital Corp Nuevo/01_Core_Platform/03_Agentic_Infrastructure/Databases/Aztrotech_Citas/leads/prospecto_20260807.done.done.done.done.done.done.dup.dup.dup.dup.dup.dup.dup.dup.dup.dup.dup.dup.dup.dup.dup.dup.dup.dup.dup.dup.dup.dup.dup.dup.dup.dup.dup.dup.dup.dup.dup.dup.dup.dup.dup.dup.dup.dup.dup.dup.dup.dup.dup.dup.dup.dup.dup.dup.dup.dup.json' -> '/home/mystic/Documentos/Sonora Digital Corp Nuevo/01_Core_Platform/03_Agentic_Infrastructure/Databases/Aztrotech_Citas/leads/prospecto_20260807.done.done.done.done.done.done.dup.dup.dup.dup.dup.dup.dup.dup.dup.dup.dup.dup.dup.dup.dup.dup.dup.dup.dup.dup.dup.dup.dup.dup.dup.dup.dup.dup.dup.dup.dup.dup.dup.dup.dup.dup.dup.dup.dup.dup.dup.dup.dup.dup.dup.dup.dup.dup.dup.dup.dup.json'
[INGEST] 0 leads nuevos, 0 duplicados saltados.
[DUP LEAD] prospecto_20260807.done.done.done.done.done.done.dup.dup.dup.dup.dup.dup.dup.dup.dup.dup.dup.dup.dup.dup.dup.dup.dup.dup.dup.dup.dup.dup.dup.dup.dup.dup.dup.dup.dup.dup.dup.dup.dup.dup.dup.dup.dup.dup.dup.dup.dup.dup.dup.dup.dup.dup.dup.dup.dup.dup.json: ya existe cita #4. skip
[LEAD FAIL] prospecto_20260807.done.done.done.done.done.done.dup.dup.dup.dup.dup.dup.dup.dup.dup.dup.dup.dup.dup.dup.dup.dup.dup.dup.dup.dup.dup.dup.dup.dup.dup.dup.dup.dup.dup.dup.dup.dup.dup.dup.dup.dup.dup.dup.dup.dup.dup.dup.dup.dup.dup.dup.dup.dup.dup.dup.json: [Errno 36] File name too long: '/home/mystic/Documentos/Sonora Digital Corp Nuevo/01_Core_Platform/03_Agentic_Infrastructure/Databases/Aztrotech_Citas/leads/prospecto_20260807.done.done.done.done.done.done.dup.dup.dup.dup.dup.dup.dup.dup.dup.dup.dup.dup.dup.dup.dup.dup.dup.dup.dup.dup.dup.dup.dup.dup.dup.dup.dup.dup.dup.dup.dup.dup.dup.dup.dup.dup.dup.dup.dup.dup.dup.dup.dup.dup.dup.dup.dup.dup.dup.dup.json' -> '/home/mystic/Documentos/Sonora Digital Corp Nuevo/01_Core_Platform/03_Agentic_Infrastructure/Databases/Aztrotech_Citas/leads/prospecto_20260807.done.done.done.done.done.done.dup.dup.dup.dup.dup.dup.dup.dup.dup.dup.dup.dup.dup.dup.dup.dup.dup.dup.dup.dup.dup.dup.dup.dup.dup.dup.dup.dup.dup.dup.dup.dup.dup.dup.dup.dup.dup.dup.dup.dup.dup.dup.dup.dup.dup.dup.dup.dup.dup.dup.dup.json'
[INGEST] 0 leads nuevos, 0 duplicados saltados.
[DUP LEAD] prospecto_20260807.done.done.done.done.done.done.dup.dup.dup.dup.dup.dup.dup.dup.dup.dup.dup.dup.dup.dup.dup.dup.dup.dup.dup.dup.dup.dup.dup.dup.dup.dup.dup.dup.dup.dup.dup.dup.dup.dup.dup.dup.dup.dup.dup.dup.dup.dup.dup.dup.dup.dup.dup.dup.dup.dup.json: ya existe cita #4. skip
[LEAD FAIL] prospecto_20260807.done.done.done.done.done.done.dup.dup.dup.dup.dup.dup.dup.dup.dup.dup.dup.dup.dup.dup.dup.dup.dup.dup.dup.dup.dup.dup.dup.dup.dup.dup.dup.dup.dup.dup.dup.dup.dup.dup.dup.dup.dup.dup.dup.dup.dup.dup.dup.dup.dup.dup.dup.dup.dup.dup.json: [Errno 36] File name too long: '/home/mystic/Documentos/Sonora Digital Corp Nuevo/01_Core_Platform/03_Agentic_Infrastructure/Databases/Aztrotech_Citas/leads/prospecto_20260807.done.done.done.done.done.done.dup.dup.dup.dup.dup.dup.dup.dup.dup.dup.dup.dup.dup.dup.dup.dup.dup.dup.dup.dup.dup.dup.dup.dup.dup.dup.dup.dup.dup.dup.dup.dup.dup.dup.dup.dup.dup.dup.dup.dup.dup.dup.dup.dup.dup.dup.dup.dup.dup.dup.json' -> '/home/mystic/Documentos/Sonora Digital Corp Nuevo/01_Core_Platform/03_Agentic_Infrastructure/Databases/Aztrotech_Citas/leads/prospecto_20260807.done.done.done.done.done.done.dup.dup.dup.dup.dup.dup.dup.dup.dup.dup.dup.dup.dup.dup.dup.dup.dup.dup.dup.dup.dup.dup.dup.dup.dup.dup.dup.dup.dup.dup.dup.dup.dup.dup.dup.dup.dup.dup.dup.dup.dup.dup.dup.dup.dup.dup.dup.dup.dup.dup.dup.json'
[INGEST] 0 leads nuevos, 0 duplicados saltados.
[DUP LEAD] prospecto_20260807.done.done.done.done.done.done.dup.dup.dup.dup.dup.dup.dup.dup.dup.dup.dup.dup.dup.dup.dup.dup.dup.dup.dup.dup.dup.dup.dup.dup.dup.dup.dup.dup.dup.dup.dup.dup.dup.dup.dup.dup.dup.dup.dup.dup.dup.dup.dup.dup.dup.dup.dup.dup.dup.dup.json: ya existe cita #4. skip
[LEAD FAIL] prospecto_20260807.done.done.done.done.done.done.dup.dup.dup.dup.dup.dup.dup.dup.dup.dup.dup.dup.dup.dup.dup.dup.dup.dup.dup.dup.dup.dup.dup.dup.dup.dup.dup.dup.dup.dup.dup.dup.dup.dup.dup.dup.dup.dup.dup.dup.dup.dup.dup.dup.dup.dup.dup.dup.dup.dup.json: [Errno 36] File name too long: '/home/mystic/Documentos/Sonora Digital Corp Nuevo/01_Core_Platform/03_Agentic_Infrastructure/Databases/Aztrotech_Citas/leads/prospecto_20260807.done.done.done.done.done.done.dup.dup.dup.dup.dup.dup.dup.dup.dup.dup.dup.dup.dup.dup.dup.dup.dup.dup.dup.dup.dup.dup.dup.dup.dup.dup.dup.dup.dup.dup.dup.dup.dup.dup.dup.dup.dup.dup.dup.dup.dup.dup.dup.dup.dup.dup.dup.dup.dup.dup.json' -> '/home/mystic/Documentos/Sonora Digital Corp Nuevo/01_Core_Platform/03_Agentic_Infrastructure/Databases/Aztrotech_Citas/leads/prospecto_20260807.done.done.done.done.done.done.dup.dup.dup.dup.dup.dup.dup.dup.dup.dup.dup.dup.dup.dup.dup.dup.dup.dup.dup.dup.dup.dup.dup.dup.dup.dup.dup.dup.dup.dup.dup.dup.dup.dup.dup.dup.dup.dup.dup.dup.dup.dup.dup.dup.dup.dup.dup.dup.dup.dup.dup.json'
[INGEST] 0 leads nuevos, 0 duplicados saltados.
[DUP LEAD] prospecto_20260807.done.done.done.done.done.done.dup.dup.dup.dup.dup.dup.dup.dup.dup.dup.dup.dup.dup.dup.dup.dup.dup.dup.dup.dup.dup.dup.dup.dup.dup.dup.dup.dup.dup.dup.dup.dup.dup.dup.dup.dup.dup.dup.dup.dup.dup.dup.dup.dup.dup.dup.dup.dup.dup.dup.json: ya existe cita #4. skip
[LEAD FAIL] prospecto_20260807.done.done.done.done.done.done.dup.dup.dup.dup.dup.dup.dup.dup.dup.dup.dup.dup.dup.dup.dup.dup.dup.dup.dup.dup.dup.dup.dup.dup.dup.dup.dup.dup.dup.dup.dup.dup.dup.dup.dup.dup.dup.dup.dup.dup.dup.dup.dup.dup.dup.dup.dup.dup.dup.dup.json: [Errno 36] File name too long: '/home/mystic/Documentos/Sonora Digital Corp Nuevo/01_Core_Platform/03_Agentic_Infrastructure/Databases/Aztrotech_Citas/leads/prospecto_20260807.done.done.done.done.done.done.dup.dup.dup.dup.dup.dup.dup.dup.dup.dup.dup.dup.dup.dup.dup.dup.dup.dup.dup.dup.dup.dup.dup.dup.dup.dup.dup.dup.dup.dup.dup.dup.dup.dup.dup.dup.dup.dup.dup.dup.dup.dup.dup.dup.dup.dup.dup.dup.dup.dup.json' -> '/home/mystic/Documentos/Sonora Digital Corp Nuevo/01_Core_Platform/03_Agentic_Infrastructure/Databases/Aztrotech_Citas/leads/prospecto_20260807.done.done.done.done.done.done.dup.dup.dup.dup.dup.dup.dup.dup.dup.dup.dup.dup.dup.dup.dup.dup.dup.dup.dup.dup.dup.dup.dup.dup.dup.dup.dup.dup.dup.dup.dup.dup.dup.dup.dup.dup.dup.dup.dup.dup.dup.dup.dup.dup.dup.dup.dup.dup.dup.dup.dup.json'
[INGEST] 0 leads nuevos, 0 duplicados saltados.
[DUP LEAD] prospecto_20260807.done.done.done.done.done.done.dup.dup.dup.dup.dup.dup.dup.dup.dup.dup.dup.dup.dup.dup.dup.dup.dup.dup.dup.dup.dup.dup.dup.dup.dup.dup.dup.dup.dup.dup.dup.dup.dup.dup.dup.dup.dup.dup.dup.dup.dup.dup.dup.dup.dup.dup.dup.dup.dup.dup.json: ya existe cita #4. skip
[LEAD FAIL] prospecto_20260807.done.done.done.done.done.done.dup.dup.dup.dup.dup.dup.dup.dup.dup.dup.dup.dup.dup.dup.dup.dup.dup.dup.dup.dup.dup.dup.dup.dup.dup.dup.dup.dup.dup.dup.dup.dup.dup.dup.dup.dup.dup.dup.dup.dup.dup.dup.dup.dup.dup.dup.dup.dup.dup.dup.json: [Errno 36] File name too long: '/home/mystic/Documentos/Sonora Digital Corp Nuevo/01_Core_Platform/03_Agentic_Infrastructure/Databases/Aztrotech_Citas/leads/prospecto_20260807.done.done.done.done.done.done.dup.dup.dup.dup.dup.dup.dup.dup.dup.dup.dup.dup.dup.dup.dup.dup.dup.dup.dup.dup.dup.dup.dup.dup.dup.dup.dup.dup.dup.dup.dup.dup.dup.dup.dup.dup.dup.dup.dup.dup.dup.dup.dup.dup.dup.dup.dup.dup.dup.dup.json' -> '/home/mystic/Documentos/Sonora Digital Corp Nuevo/01_Core_Platform/03_Agentic_Infrastructure/Databases/Aztrotech_Citas/leads/prospecto_20260807.done.done.done.done.done.done.dup.dup.dup.dup.dup.dup.dup.dup.dup.dup.dup.dup.dup.dup.dup.dup.dup.dup.dup.dup.dup.dup.dup.dup.dup.dup.dup.dup.dup.dup.dup.dup.dup.dup.dup.dup.dup.dup.dup.dup.dup.dup.dup.dup.dup.dup.dup.dup.dup.dup.dup.json'
[INGEST] 0 leads nuevos, 0 duplicados saltados.
[DUP LEAD] prospecto_20260807.done.done.done.done.done.done.dup.dup.dup.dup.dup.dup.dup.dup.dup.dup.dup.dup.dup.dup.dup.dup.dup.dup.dup.dup.dup.dup.dup.dup.dup.dup.dup.dup.dup.dup.dup.dup.dup.dup.dup.dup.dup.dup.dup.dup.dup.dup.dup.dup.dup.dup.dup.dup.dup.dup.json: ya existe cita #4. skip
[LEAD FAIL] prospecto_20260807.done.done.done.done.done.done.dup.dup.dup.dup.dup.dup.dup.dup.dup.dup.dup.dup.dup.dup.dup.dup.dup.dup.dup.dup.dup.dup.dup.dup.dup.dup.dup.dup.dup.dup.dup.dup.dup.dup.dup.dup.dup.dup.dup.dup.dup.dup.dup.dup.dup.dup.dup.dup.dup.dup.json: [Errno 36] File name too long: '/home/mystic/Documentos/Sonora Digital Corp Nuevo/01_Core_Platform/03_Agentic_Infrastructure/Databases/Aztrotech_Citas/leads/prospecto_20260807.done.done.done.done.done.done.dup.dup.dup.dup.dup.dup.dup.dup.dup.dup.dup.dup.dup.dup.dup.dup.dup.dup.dup.dup.dup.dup.dup.dup.dup.dup.dup.dup.dup.dup.dup.dup.dup.dup.dup.dup.dup.dup.dup.dup.dup.dup.dup.dup.dup.dup.dup.dup.dup.dup.json' -> '/home/mystic/Documentos/Sonora Digital Corp Nuevo/01_Core_Platform/03_Agentic_Infrastructure/Databases/Aztrotech_Citas/leads/prospecto_20260807.done.done.done.done.done.done.dup.dup.dup.dup.dup.dup.dup.dup.dup.dup.dup.dup.dup.dup.dup.dup.dup.dup.dup.dup.dup.dup.dup.dup.dup.dup.dup.dup.dup.dup.dup.dup.dup.dup.dup.dup.dup.dup.dup.dup.dup.dup.dup.dup.dup.dup.dup.dup.dup.dup.dup.json'
[INGEST] 0 leads nuevos, 0 duplicados saltados.
[DUP LEAD] prospecto_20260807.done.done.done.done.done.done.dup.dup.dup.dup.dup.dup.dup.dup.dup.dup.dup.dup.dup.dup.dup.dup.dup.dup.dup.dup.dup.dup.dup.dup.dup.dup.dup.dup.dup.dup.dup.dup.dup.dup.dup.dup.dup.dup.dup.dup.dup.dup.dup.dup.dup.dup.dup.dup.dup.dup.json: ya existe cita #4. skip
[LEAD FAIL] prospecto_20260807.done.done.done.done.done.done.dup.dup.dup.dup.dup.dup.dup.dup.dup.dup.dup.dup.dup.dup.dup.dup.dup.dup.dup.dup.dup.dup.dup.dup.dup.dup.dup.dup.dup.dup.dup.dup.dup.dup.dup.dup.dup.dup.dup.dup.dup.dup.dup.dup.dup.dup.dup.dup.dup.dup.json: [Errno 36] File name too long: '/home/mystic/Documentos/Sonora Digital Corp Nuevo/01_Core_Platform/03_Agentic_Infrastructure/Databases/Aztrotech_Citas/leads/prospecto_20260807.done.done.done.done.done.done.dup.dup.dup.dup.dup.dup.dup.dup.dup.dup.dup.dup.dup.dup.dup.dup.dup.dup.dup.dup.dup.dup.dup.dup.dup.dup.dup.dup.dup.dup.dup.dup.dup.dup.dup.dup.dup.dup.dup.dup.dup.dup.dup.dup.dup.dup.dup.dup.dup.dup.json' -> '/home/mystic/Documentos/Sonora Digital Corp Nuevo/01_Core_Platform/03_Agentic_Infrastructure/Databases/Aztrotech_Citas/leads/prospecto_20260807.done.done.done.done.done.done.dup.dup.dup.dup.dup.dup.dup.dup.dup.dup.dup.dup.dup.dup.dup.dup.dup.dup.dup.dup.dup.dup.dup.dup.dup.dup.dup.dup.dup.dup.dup.dup.dup.dup.dup.dup.dup.dup.dup.dup.dup.dup.dup.dup.dup.dup.dup.dup.dup.dup.dup.json'
[INGEST] 0 leads nuevos, 0 duplicados saltados.
[DUP LEAD] prospecto_20260807.done.done.done.done.done.done.dup.dup.dup.dup.dup.dup.dup.dup.dup.dup.dup.dup.dup.dup.dup.dup.dup.dup.dup.dup.dup.dup.dup.dup.dup.dup.dup.dup.dup.dup.dup.dup.dup.dup.dup.dup.dup.dup.dup.dup.dup.dup.dup.dup.dup.dup.dup.dup.dup.dup.json: ya existe cita #4. skip
[LEAD FAIL] prospecto_20260807.done.done.done.done.done.done.dup.dup.dup.dup.dup.dup.dup.dup.dup.dup.dup.dup.dup.dup.dup.dup.dup.dup.dup.dup.dup.dup.dup.dup.dup.dup.dup.dup.dup.dup.dup.dup.dup.dup.dup.dup.dup.dup.dup.dup.dup.dup.dup.dup.dup.dup.dup.dup.dup.dup.json: [Errno 36] File name too long: '/home/mystic/Documentos/Sonora Digital Corp Nuevo/01_Core_Platform/03_Agentic_Infrastructure/Databases/Aztrotech_Citas/leads/prospecto_20260807.done.done.done.done.done.done.dup.dup.dup.dup.dup.dup.dup.dup.dup.dup.dup.dup.dup.dup.dup.dup.dup.dup.dup.dup.dup.dup.dup.dup.dup.dup.dup.dup.dup.dup.dup.dup.dup.dup.dup.dup.dup.dup.dup.dup.dup.dup.dup.dup.dup.dup.dup.dup.dup.dup.json' -> '/home/mystic/Documentos/Sonora Digital Corp Nuevo/01_Core_Platform/03_Agentic_Infrastructure/Databases/Aztrotech_Citas/leads/prospecto_20260807.done.done.done.done.done.done.dup.dup.dup.dup.dup.dup.dup.dup.dup.dup.dup.dup.dup.dup.dup.dup.dup.dup.dup.dup.dup.dup.dup.dup.dup.dup.dup.dup.dup.dup.dup.dup.dup.dup.dup.dup.dup.dup.dup.dup.dup.dup.dup.dup.dup.dup.dup.dup.dup.dup.dup.json'
[INGEST] 0 leads nuevos, 0 duplicados saltados.
[DUP LEAD] prospecto_20260807.done.done.done.done.done.done.dup.dup.dup.dup.dup.dup.dup.dup.dup.dup.dup.dup.dup.dup.dup.dup.dup.dup.dup.dup.dup.dup.dup.dup.dup.dup.dup.dup.dup.dup.dup.dup.dup.dup.dup.dup.dup.dup.dup.dup.dup.dup.dup.dup.dup.dup.dup.dup.dup.dup.json: ya existe cita #4. skip
[LEAD FAIL] prospecto_20260807.done.done.done.done.done.done.dup.dup.dup.dup.dup.dup.dup.dup.dup.dup.dup.dup.dup.dup.dup.dup.dup.dup.dup.dup.dup.dup.dup.dup.dup.dup.dup.dup.dup.dup.dup.dup.dup.dup.dup.dup.dup.dup.dup.dup.dup.dup.dup.dup.dup.dup.dup.dup.dup.dup.json: [Errno 36] File name too long: '/home/mystic/Documentos/Sonora Digital Corp Nuevo/01_Core_Platform/03_Agentic_Infrastructure/Databases/Aztrotech_Citas/leads/prospecto_20260807.done.done.done.done.done.done.dup.dup.dup.dup.dup.dup.dup.dup.dup.dup.dup.dup.dup.dup.dup.dup.dup.dup.dup.dup.dup.dup.dup.dup.dup.dup.dup.dup.dup.dup.dup.dup.dup.dup.dup.dup.dup.dup.dup.dup.dup.dup.dup.dup.dup.dup.dup.dup.dup.dup.json' -> '/home/mystic/Documentos/Sonora Digital Corp Nuevo/01_Core_Platform/03_Agentic_Infrastructure/Databases/Aztrotech_Citas/leads/prospecto_20260807.done.done.done.done.done.done.dup.dup.dup.dup.dup.dup.dup.dup.dup.dup.dup.dup.dup.dup.dup.dup.dup.dup.dup.dup.dup.dup.dup.dup.dup.dup.dup.dup.dup.dup.dup.dup.dup.dup.dup.dup.dup.dup.dup.dup.dup.dup.dup.dup.dup.dup.dup.dup.dup.dup.dup.json'
[INGEST] 0 leads nuevos, 0 duplicados saltados.
[DUP LEAD] prospecto_20260807.done.done.done.done.done.done.dup.dup.dup.dup.dup.dup.dup.dup.dup.dup.dup.dup.dup.dup.dup.dup.dup.dup.dup.dup.dup.dup.dup.dup.dup.dup.dup.dup.dup.dup.dup.dup.dup.dup.dup.dup.dup.dup.dup.dup.dup.dup.dup.dup.dup.dup.dup.dup.dup.dup.json: ya existe cita #4. skip
[LEAD FAIL] prospecto_20260807.done.done.done.done.done.done.dup.dup.dup.dup.dup.dup.dup.dup.dup.dup.dup.dup.dup.dup.dup.dup.dup.dup.dup.dup.dup.dup.dup.dup.dup.dup.dup.dup.dup.dup.dup.dup.dup.dup.dup.dup.dup.dup.dup.dup.dup.dup.dup.dup.dup.dup.dup.dup.dup.dup.json: [Errno 36] File name too long: '/home/mystic/Documentos/Sonora Digital Corp Nuevo/01_Core_Platform/03_Agentic_Infrastructure/Databases/Aztrotech_Citas/leads/prospecto_20260807.done.done.done.done.done.done.dup.dup.dup.dup.dup.dup.dup.dup.dup.dup.dup.dup.dup.dup.dup.dup.dup.dup.dup.dup.dup.dup.dup.dup.dup.dup.dup.dup.dup.dup.dup.dup.dup.dup.dup.dup.dup.dup.dup.dup.dup.dup.dup.dup.dup.dup.dup.dup.dup.dup.json' -> '/home/mystic/Documentos/Sonora Digital Corp Nuevo/01_Core_Platform/03_Agentic_Infrastructure/Databases/Aztrotech_Citas/leads/prospecto_20260807.done.done.done.done.done.done.dup.dup.dup.dup.dup.dup.dup.dup.dup.dup.dup.dup.dup.dup.dup.dup.dup.dup.dup.dup.dup.dup.dup.dup.dup.dup.dup.dup.dup.dup.dup.dup.dup.dup.dup.dup.dup.dup.dup.dup.dup.dup.dup.dup.dup.dup.dup.dup.dup.dup.dup.json'
[INGEST] 0 leads nuevos, 0 duplicados saltados.
[DUP LEAD] prospecto_20260807.done.done.done.done.done.done.dup.dup.dup.dup.dup.dup.dup.dup.dup.dup.dup.dup.dup.dup.dup.dup.dup.dup.dup.dup.dup.dup.dup.dup.dup.dup.dup.dup.dup.dup.dup.dup.dup.dup.dup.dup.dup.dup.dup.dup.dup.dup.dup.dup.dup.dup.dup.dup.dup.dup.json: ya existe cita #4. skip
[LEAD FAIL] prospecto_20260807.done.done.done.done.done.done.dup.dup.dup.dup.dup.dup.dup.dup.dup.dup.dup.dup.dup.dup.dup.dup.dup.dup.dup.dup.dup.dup.dup.dup.dup.dup.dup.dup.dup.dup.dup.dup.dup.dup.dup.dup.dup.dup.dup.dup.dup.dup.dup.dup.dup.dup.dup.dup.dup.dup.json: [Errno 36] File name too long: '/home/mystic/Documentos/Sonora Digital Corp Nuevo/01_Core_Platform/03_Agentic_Infrastructure/Databases/Aztrotech_Citas/leads/prospecto_20260807.done.done.done.done.done.done.dup.dup.dup.dup.dup.dup.dup.dup.dup.dup.dup.dup.dup.dup.dup.dup.dup.dup.dup.dup.dup.dup.dup.dup.dup.dup.dup.dup.dup.dup.dup.dup.dup.dup.dup.dup.dup.dup.dup.dup.dup.dup.dup.dup.dup.dup.dup.dup.dup.dup.json' -> '/home/mystic/Documentos/Sonora Digital Corp Nuevo/01_Core_Platform/03_Agentic_Infrastructure/Databases/Aztrotech_Citas/leads/prospecto_20260807.done.done.done.done.done.done.dup.dup.dup.dup.dup.dup.dup.dup.dup.dup.dup.dup.dup.dup.dup.dup.dup.dup.dup.dup.dup.dup.dup.dup.dup.dup.dup.dup.dup.dup.dup.dup.dup.dup.dup.dup.dup.dup.dup.dup.dup.dup.dup.dup.dup.dup.dup.dup.dup.dup.dup.json'
[INGEST] 0 leads nuevos, 0 duplicados saltados.
[DUP LEAD] prospecto_20260807.done.done.done.done.done.done.dup.dup.dup.dup.dup.dup.dup.dup.dup.dup.dup.dup.dup.dup.dup.dup.dup.dup.dup.dup.dup.dup.dup.dup.dup.dup.dup.dup.dup.dup.dup.dup.dup.dup.dup.dup.dup.dup.dup.dup.dup.dup.dup.dup.dup.dup.dup.dup.dup.dup.json: ya existe cita #4. skip
[LEAD FAIL] prospecto_20260807.done.done.done.done.done.done.dup.dup.dup.dup.dup.dup.dup.dup.dup.dup.dup.dup.dup.dup.dup.dup.dup.dup.dup.dup.dup.dup.dup.dup.dup.dup.dup.dup.dup.dup.dup.dup.dup.dup.dup.dup.dup.dup.dup.dup.dup.dup.dup.dup.dup.dup.dup.dup.dup.dup.json: [Errno 36] File name too long: '/home/mystic/Documentos/Sonora Digital Corp Nuevo/01_Core_Platform/03_Agentic_Infrastructure/Databases/Aztrotech_Citas/leads/prospecto_20260807.done.done.done.done.done.done.dup.dup.dup.dup.dup.dup.dup.dup.dup.dup.dup.dup.dup.dup.dup.dup.dup.dup.dup.dup.dup.dup.dup.dup.dup.dup.dup.dup.dup.dup.dup.dup.dup.dup.dup.dup.dup.dup.dup.dup.dup.dup.dup.dup.dup.dup.dup.dup.dup.dup.json' -> '/home/mystic/Documentos/Sonora Digital Corp Nuevo/01_Core_Platform/03_Agentic_Infrastructure/Databases/Aztrotech_Citas/leads/prospecto_20260807.done.done.done.done.done.done.dup.dup.dup.dup.dup.dup.dup.dup.dup.dup.dup.dup.dup.dup.dup.dup.dup.dup.dup.dup.dup.dup.dup.dup.dup.dup.dup.dup.dup.dup.dup.dup.dup.dup.dup.dup.dup.dup.dup.dup.dup.dup.dup.dup.dup.dup.dup.dup.dup.dup.dup.json'
[INGEST] 0 leads nuevos, 0 duplicados saltados.
[DUP LEAD] prospecto_20260807.done.done.done.done.done.done.dup.dup.dup.dup.dup.dup.dup.dup.dup.dup.dup.dup.dup.dup.dup.dup.dup.dup.dup.dup.dup.dup.dup.dup.dup.dup.dup.dup.dup.dup.dup.dup.dup.dup.dup.dup.dup.dup.dup.dup.dup.dup.dup.dup.dup.dup.dup.dup.dup.dup.json: ya existe cita #4. skip
[LEAD FAIL] prospecto_20260807.done.done.done.done.done.done.dup.dup.dup.dup.dup.dup.dup.dup.dup.dup.dup.dup.dup.dup.dup.dup.dup.dup.dup.dup.dup.dup.dup.dup.dup.dup.dup.dup.dup.dup.dup.dup.dup.dup.dup.dup.dup.dup.dup.dup.dup.dup.dup.dup.dup.dup.dup.dup.dup.dup.json: [Errno 36] File name too long: '/home/mystic/Documentos/Sonora Digital Corp Nuevo/01_Core_Platform/03_Agentic_Infrastructure/Databases/Aztrotech_Citas/leads/prospecto_20260807.done.done.done.done.done.done.dup.dup.dup.dup.dup.dup.dup.dup.dup.dup.dup.dup.dup.dup.dup.dup.dup.dup.dup.dup.dup.dup.dup.dup.dup.dup.dup.dup.dup.dup.dup.dup.dup.dup.dup.dup.dup.dup.dup.dup.dup.dup.dup.dup.dup.dup.dup.dup.dup.dup.json' -> '/home/mystic/Documentos/Sonora Digital Corp Nuevo/01_Core_Platform/03_Agentic_Infrastructure/Databases/Aztrotech_Citas/leads/prospecto_20260807.done.done.done.done.done.done.dup.dup.dup.dup.dup.dup.dup.dup.dup.dup.dup.dup.dup.dup.dup.dup.dup.dup.dup.dup.dup.dup.dup.dup.dup.dup.dup.dup.dup.dup.dup.dup.dup.dup.dup.dup.dup.dup.dup.dup.dup.dup.dup.dup.dup.dup.dup.dup.dup.dup.dup.json'
[INGEST] 0 leads nuevos, 0 duplicados saltados.
[DUP LEAD] prospecto_20260807.done.done.done.done.done.done.dup.dup.dup.dup.dup.dup.dup.dup.dup.dup.dup.dup.dup.dup.dup.dup.dup.dup.dup.dup.dup.dup.dup.dup.dup.dup.dup.dup.dup.dup.dup.dup.dup.dup.dup.dup.dup.dup.dup.dup.dup.dup.dup.dup.dup.dup.dup.dup.dup.dup.json: ya existe cita #4. skip
[LEAD FAIL] prospecto_20260807.done.done.done.done.done.done.dup.dup.dup.dup.dup.dup.dup.dup.dup.dup.dup.dup.dup.dup.dup.dup.dup.dup.dup.dup.dup.dup.dup.dup.dup.dup.dup.dup.dup.dup.dup.dup.dup.dup.dup.dup.dup.dup.dup.dup.dup.dup.dup.dup.dup.dup.dup.dup.dup.dup.json: [Errno 36] File name too long: '/home/mystic/Documentos/Sonora Digital Corp Nuevo/01_Core_Platform/03_Agentic_Infrastructure/Databases/Aztrotech_Citas/leads/prospecto_20260807.done.done.done.done.done.done.dup.dup.dup.dup.dup.dup.dup.dup.dup.dup.dup.dup.dup.dup.dup.dup.dup.dup.dup.dup.dup.dup.dup.dup.dup.dup.dup.dup.dup.dup.dup.dup.dup.dup.dup.dup.dup.dup.dup.dup.dup.dup.dup.dup.dup.dup.dup.dup.dup.dup.json' -> '/home/mystic/Documentos/Sonora Digital Corp Nuevo/01_Core_Platform/03_Agentic_Infrastructure/Databases/Aztrotech_Citas/leads/prospecto_20260807.done.done.done.done.done.done.dup.dup.dup.dup.dup.dup.dup.dup.dup.dup.dup.dup.dup.dup.dup.dup.dup.dup.dup.dup.dup.dup.dup.dup.dup.dup.dup.dup.dup.dup.dup.dup.dup.dup.dup.dup.dup.dup.dup.dup.dup.dup.dup.dup.dup.dup.dup.dup.dup.dup.dup.json'
[INGEST] 0 leads nuevos, 0 duplicados saltados.
[DUP LEAD] prospecto_20260807.done.done.done.done.done.done.dup.dup.dup.dup.dup.dup.dup.dup.dup.dup.dup.dup.dup.dup.dup.dup.dup.dup.dup.dup.dup.dup.dup.dup.dup.dup.dup.dup.dup.dup.dup.dup.dup.dup.dup.dup.dup.dup.dup.dup.dup.dup.dup.dup.dup.dup.dup.dup.dup.dup.json: ya existe cita #4. skip
[LEAD FAIL] prospecto_20260807.done.done.done.done.done.done.dup.dup.dup.dup.dup.dup.dup.dup.dup.dup.dup.dup.dup.dup.dup.dup.dup.dup.dup.dup.dup.dup.dup.dup.dup.dup.dup.dup.dup.dup.dup.dup.dup.dup.dup.dup.dup.dup.dup.dup.dup.dup.dup.dup.dup.dup.dup.dup.dup.dup.json: [Errno 36] File name too long: '/home/mystic/Documentos/Sonora Digital Corp Nuevo/01_Core_Platform/03_Agentic_Infrastructure/Databases/Aztrotech_Citas/leads/prospecto_20260807.done.done.done.done.done.done.dup.dup.dup.dup.dup.dup.dup.dup.dup.dup.dup.dup.dup.dup.dup.dup.dup.dup.dup.dup.dup.dup.dup.dup.dup.dup.dup.dup.dup.dup.dup.dup.dup.dup.dup.dup.dup.dup.dup.dup.dup.dup.dup.dup.dup.dup.dup.dup.dup.dup.json' -> '/home/mystic/Documentos/Sonora Digital Corp Nuevo/01_Core_Platform/03_Agentic_Infrastructure/Databases/Aztrotech_Citas/leads/prospecto_20260807.done.done.done.done.done.done.dup.dup.dup.dup.dup.dup.dup.dup.dup.dup.dup.dup.dup.dup.dup.dup.dup.dup.dup.dup.dup.dup.dup.dup.dup.dup.dup.dup.dup.dup.dup.dup.dup.dup.dup.dup.dup.dup.dup.dup.dup.dup.dup.dup.dup.dup.dup.dup.dup.dup.dup.json'
[INGEST] 0 leads nuevos, 0 duplicados saltados.
[DUP LEAD] prospecto_20260807.done.done.done.done.done.done.dup.dup.dup.dup.dup.dup.dup.dup.dup.dup.dup.dup.dup.dup.dup.dup.dup.dup.dup.dup.dup.dup.dup.dup.dup.dup.dup.dup.dup.dup.dup.dup.dup.dup.dup.dup.dup.dup.dup.dup.dup.dup.dup.dup.dup.dup.dup.dup.dup.dup.json: ya existe cita #4. skip
[LEAD FAIL] prospecto_20260807.done.done.done.done.done.done.dup.dup.dup.dup.dup.dup.dup.dup.dup.dup.dup.dup.dup.dup.dup.dup.dup.dup.dup.dup.dup.dup.dup.dup.dup.dup.dup.dup.dup.dup.dup.dup.dup.dup.dup.dup.dup.dup.dup.dup.dup.dup.dup.dup.dup.dup.dup.dup.dup.dup.json: [Errno 36] File name too long: '/home/mystic/Documentos/Sonora Digital Corp Nuevo/01_Core_Platform/03_Agentic_Infrastructure/Databases/Aztrotech_Citas/leads/prospecto_20260807.done.done.done.done.done.done.dup.dup.dup.dup.dup.dup.dup.dup.dup.dup.dup.dup.dup.dup.dup.dup.dup.dup.dup.dup.dup.dup.dup.dup.dup.dup.dup.dup.dup.dup.dup.dup.dup.dup.dup.dup.dup.dup.dup.dup.dup.dup.dup.dup.dup.dup.dup.dup.dup.dup.json' -> '/home/mystic/Documentos/Sonora Digital Corp Nuevo/01_Core_Platform/03_Agentic_Infrastructure/Databases/Aztrotech_Citas/leads/prospecto_20260807.done.done.done.done.done.done.dup.dup.dup.dup.dup.dup.dup.dup.dup.dup.dup.dup.dup.dup.dup.dup.dup.dup.dup.dup.dup.dup.dup.dup.dup.dup.dup.dup.dup.dup.dup.dup.dup.dup.dup.dup.dup.dup.dup.dup.dup.dup.dup.dup.dup.dup.dup.dup.dup.dup.dup.json'
[INGEST] 0 leads nuevos, 0 duplicados saltados.
[DUP LEAD] prospecto_20260807.done.done.done.done.done.done.dup.dup.dup.dup.dup.dup.dup.dup.dup.dup.dup.dup.dup.dup.dup.dup.dup.dup.dup.dup.dup.dup.dup.dup.dup.dup.dup.dup.dup.dup.dup.dup.dup.dup.dup.dup.dup.dup.dup.dup.dup.dup.dup.dup.dup.dup.dup.dup.dup.dup.json: ya existe cita #4. skip
[LEAD FAIL] prospecto_20260807.done.done.done.done.done.done.dup.dup.dup.dup.dup.dup.dup.dup.dup.dup.dup.dup.dup.dup.dup.dup.dup.dup.dup.dup.dup.dup.dup.dup.dup.dup.dup.dup.dup.dup.dup.dup.dup.dup.dup.dup.dup.dup.dup.dup.dup.dup.dup.dup.dup.dup.dup.dup.dup.dup.json: [Errno 36] File name too long: '/home/mystic/Documentos/Sonora Digital Corp Nuevo/01_Core_Platform/03_Agentic_Infrastructure/Databases/Aztrotech_Citas/leads/prospecto_20260807.done.done.done.done.done.done.dup.dup.dup.dup.dup.dup.dup.dup.dup.dup.dup.dup.dup.dup.dup.dup.dup.dup.dup.dup.dup.dup.dup.dup.dup.dup.dup.dup.dup.dup.dup.dup.dup.dup.dup.dup.dup.dup.dup.dup.dup.dup.dup.dup.dup.dup.dup.dup.dup.dup.json' -> '/home/mystic/Documentos/Sonora Digital Corp Nuevo/01_Core_Platform/03_Agentic_Infrastructure/Databases/Aztrotech_Citas/leads/prospecto_20260807.done.done.done.done.done.done.dup.dup.dup.dup.dup.dup.dup.dup.dup.dup.dup.dup.dup.dup.dup.dup.dup.dup.dup.dup.dup.dup.dup.dup.dup.dup.dup.dup.dup.dup.dup.dup.dup.dup.dup.dup.dup.dup.dup.dup.dup.dup.dup.dup.dup.dup.dup.dup.dup.dup.dup.json'
[INGEST] 0 leads nuevos, 0 duplicados saltados.
[DUP LEAD] prospecto_20260807.done.done.done.done.done.done.dup.dup.dup.dup.dup.dup.dup.dup.dup.dup.dup.dup.dup.dup.dup.dup.dup.dup.dup.dup.dup.dup.dup.dup.dup.dup.dup.dup.dup.dup.dup.dup.dup.dup.dup.dup.dup.dup.dup.dup.dup.dup.dup.dup.dup.dup.dup.dup.dup.dup.json: ya existe cita #4. skip
[LEAD FAIL] prospecto_20260807.done.done.done.done.done.done.dup.dup.dup.dup.dup.dup.dup.dup.dup.dup.dup.dup.dup.dup.dup.dup.dup.dup.dup.dup.dup.dup.dup.dup.dup.dup.dup.dup.dup.dup.dup.dup.dup.dup.dup.dup.dup.dup.dup.dup.dup.dup.dup.dup.dup.dup.dup.dup.dup.dup.json: [Errno 36] File name too long: '/home/mystic/Documentos/Sonora Digital Corp Nuevo/01_Core_Platform/03_Agentic_Infrastructure/Databases/Aztrotech_Citas/leads/prospecto_20260807.done.done.done.done.done.done.dup.dup.dup.dup.dup.dup.dup.dup.dup.dup.dup.dup.dup.dup.dup.dup.dup.dup.dup.dup.dup.dup.dup.dup.dup.dup.dup.dup.dup.dup.dup.dup.dup.dup.dup.dup.dup.dup.dup.dup.dup.dup.dup.dup.dup.dup.dup.dup.dup.dup.json' -> '/home/mystic/Documentos/Sonora Digital Corp Nuevo/01_Core_Platform/03_Agentic_Infrastructure/Databases/Aztrotech_Citas/leads/prospecto_20260807.done.done.done.done.done.done.dup.dup.dup.dup.dup.dup.dup.dup.dup.dup.dup.dup.dup.dup.dup.dup.dup.dup.dup.dup.dup.dup.dup.dup.dup.dup.dup.dup.dup.dup.dup.dup.dup.dup.dup.dup.dup.dup.dup.dup.dup.dup.dup.dup.dup.dup.dup.dup.dup.dup.dup.json'
[INGEST] 0 leads nuevos, 0 duplicados saltados.
[DUP LEAD] prospecto_20260807.done.done.done.done.done.done.dup.dup.dup.dup.dup.dup.dup.dup.dup.dup.dup.dup.dup.dup.dup.dup.dup.dup.dup.dup.dup.dup.dup.dup.dup.dup.dup.dup.dup.dup.dup.dup.dup.dup.dup.dup.dup.dup.dup.dup.dup.dup.dup.dup.dup.dup.dup.dup.dup.dup.json: ya existe cita #4. skip
[LEAD FAIL] prospecto_20260807.done.done.done.done.done.done.dup.dup.dup.dup.dup.dup.dup.dup.dup.dup.dup.dup.dup.dup.dup.dup.dup.dup.dup.dup.dup.dup.dup.dup.dup.dup.dup.dup.dup.dup.dup.dup.dup.dup.dup.dup.dup.dup.dup.dup.dup.dup.dup.dup.dup.dup.dup.dup.dup.dup.json: [Errno 36] File name too long: '/home/mystic/Documentos/Sonora Digital Corp Nuevo/01_Core_Platform/03_Agentic_Infrastructure/Databases/Aztrotech_Citas/leads/prospecto_20260807.done.done.done.done.done.done.dup.dup.dup.dup.dup.dup.dup.dup.dup.dup.dup.dup.dup.dup.dup.dup.dup.dup.dup.dup.dup.dup.dup.dup.dup.dup.dup.dup.dup.dup.dup.dup.dup.dup.dup.dup.dup.dup.dup.dup.dup.dup.dup.dup.dup.dup.dup.dup.dup.dup.json' -> '/home/mystic/Documentos/Sonora Digital Corp Nuevo/01_Core_Platform/03_Agentic_Infrastructure/Databases/Aztrotech_Citas/leads/prospecto_20260807.done.done.done.done.done.done.dup.dup.dup.dup.dup.dup.dup.dup.dup.dup.dup.dup.dup.dup.dup.dup.dup.dup.dup.dup.dup.dup.dup.dup.dup.dup.dup.dup.dup.dup.dup.dup.dup.dup.dup.dup.dup.dup.dup.dup.dup.dup.dup.dup.dup.dup.dup.dup.dup.dup.dup.json'
[INGEST] 0 leads nuevos, 0 duplicados saltados.
[DUP LEAD] prospecto_20260807.done.done.done.done.done.done.dup.dup.dup.dup.dup.dup.dup.dup.dup.dup.dup.dup.dup.dup.dup.dup.dup.dup.dup.dup.dup.dup.dup.dup.dup.dup.dup.dup.dup.dup.dup.dup.dup.dup.dup.dup.dup.dup.dup.dup.dup.dup.dup.dup.dup.dup.dup.dup.dup.dup.json: ya existe cita #4. skip
[LEAD FAIL] prospecto_20260807.done.done.done.done.done.done.dup.dup.dup.dup.dup.dup.dup.dup.dup.dup.dup.dup.dup.dup.dup.dup.dup.dup.dup.dup.dup.dup.dup.dup.dup.dup.dup.dup.dup.dup.dup.dup.dup.dup.dup.dup.dup.dup.dup.dup.dup.dup.dup.dup.dup.dup.dup.dup.dup.dup.json: [Errno 36] File name too long: '/home/mystic/Documentos/Sonora Digital Corp Nuevo/01_Core_Platform/03_Agentic_Infrastructure/Databases/Aztrotech_Citas/leads/prospecto_20260807.done.done.done.done.done.done.dup.dup.dup.dup.dup.dup.dup.dup.dup.dup.dup.dup.dup.dup.dup.dup.dup.dup.dup.dup.dup.dup.dup.dup.dup.dup.dup.dup.dup.dup.dup.dup.dup.dup.dup.dup.dup.dup.dup.dup.dup.dup.dup.dup.dup.dup.dup.dup.dup.dup.json' -> '/home/mystic/Documentos/Sonora Digital Corp Nuevo/01_Core_Platform/03_Agentic_Infrastructure/Databases/Aztrotech_Citas/leads/prospecto_20260807.done.done.done.done.done.done.dup.dup.dup.dup.dup.dup.dup.dup.dup.dup.dup.dup.dup.dup.dup.dup.dup.dup.dup.dup.dup.dup.dup.dup.dup.dup.dup.dup.dup.dup.dup.dup.dup.dup.dup.dup.dup.dup.dup.dup.dup.dup.dup.dup.dup.dup.dup.dup.dup.dup.dup.json'
[INGEST] 0 leads nuevos, 0 duplicados saltados.
[DUP LEAD] prospecto_20260807.done.done.done.done.done.done.dup.dup.dup.dup.dup.dup.dup.dup.dup.dup.dup.dup.dup.dup.dup.dup.dup.dup.dup.dup.dup.dup.dup.dup.dup.dup.dup.dup.dup.dup.dup.dup.dup.dup.dup.dup.dup.dup.dup.dup.dup.dup.dup.dup.dup.dup.dup.dup.dup.dup.json: ya existe cita #4. skip
[LEAD FAIL] prospecto_20260807.done.done.done.done.done.done.dup.dup.dup.dup.dup.dup.dup.dup.dup.dup.dup.dup.dup.dup.dup.dup.dup.dup.dup.dup.dup.dup.dup.dup.dup.dup.dup.dup.dup.dup.dup.dup.dup.dup.dup.dup.dup.dup.dup.dup.dup.dup.dup.dup.dup.dup.dup.dup.dup.dup.json: [Errno 36] File name too long: '/home/mystic/Documentos/Sonora Digital Corp Nuevo/01_Core_Platform/03_Agentic_Infrastructure/Databases/Aztrotech_Citas/leads/prospecto_20260807.done.done.done.done.done.done.dup.dup.dup.dup.dup.dup.dup.dup.dup.dup.dup.dup.dup.dup.dup.dup.dup.dup.dup.dup.dup.dup.dup.dup.dup.dup.dup.dup.dup.dup.dup.dup.dup.dup.dup.dup.dup.dup.dup.dup.dup.dup.dup.dup.dup.dup.dup.dup.dup.dup.json' -> '/home/mystic/Documentos/Sonora Digital Corp Nuevo/01_Core_Platform/03_Agentic_Infrastructure/Databases/Aztrotech_Citas/leads/prospecto_20260807.done.done.done.done.done.done.dup.dup.dup.dup.dup.dup.dup.dup.dup.dup.dup.dup.dup.dup.dup.dup.dup.dup.dup.dup.dup.dup.dup.dup.dup.dup.dup.dup.dup.dup.dup.dup.dup.dup.dup.dup.dup.dup.dup.dup.dup.dup.dup.dup.dup.dup.dup.dup.dup.dup.dup.json'
[INGEST] 0 leads nuevos, 0 duplicados saltados.
[DUP LEAD] prospecto_20260807.done.done.done.done.done.done.dup.dup.dup.dup.dup.dup.dup.dup.dup.dup.dup.dup.dup.dup.dup.dup.dup.dup.dup.dup.dup.dup.dup.dup.dup.dup.dup.dup.dup.dup.dup.dup.dup.dup.dup.dup.dup.dup.dup.dup.dup.dup.dup.dup.dup.dup.dup.dup.dup.dup.json: ya existe cita #4. skip
[LEAD FAIL] prospecto_20260807.done.done.done.done.done.done.dup.dup.dup.dup.dup.dup.dup.dup.dup.dup.dup.dup.dup.dup.dup.dup.dup.dup.dup.dup.dup.dup.dup.dup.dup.dup.dup.dup.dup.dup.dup.dup.dup.dup.dup.dup.dup.dup.dup.dup.dup.dup.dup.dup.dup.dup.dup.dup.dup.dup.json: [Errno 36] File name too long: '/home/mystic/Documentos/Sonora Digital Corp Nuevo/01_Core_Platform/03_Agentic_Infrastructure/Databases/Aztrotech_Citas/leads/prospecto_20260807.done.done.done.done.done.done.dup.dup.dup.dup.dup.dup.dup.dup.dup.dup.dup.dup.dup.dup.dup.dup.dup.dup.dup.dup.dup.dup.dup.dup.dup.dup.dup.dup.dup.dup.dup.dup.dup.dup.dup.dup.dup.dup.dup.dup.dup.dup.dup.dup.dup.dup.dup.dup.dup.dup.json' -> '/home/mystic/Documentos/Sonora Digital Corp Nuevo/01_Core_Platform/03_Agentic_Infrastructure/Databases/Aztrotech_Citas/leads/prospecto_20260807.done.done.done.done.done.done.dup.dup.dup.dup.dup.dup.dup.dup.dup.dup.dup.dup.dup.dup.dup.dup.dup.dup.dup.dup.dup.dup.dup.dup.dup.dup.dup.dup.dup.dup.dup.dup.dup.dup.dup.dup.dup.dup.dup.dup.dup.dup.dup.dup.dup.dup.dup.dup.dup.dup.dup.json'
[INGEST] 0 leads nuevos, 0 duplicados saltados.
[DUP LEAD] prospecto_20260807.done.done.done.done.done.done.dup.dup.dup.dup.dup.dup.dup.dup.dup.dup.dup.dup.dup.dup.dup.dup.dup.dup.dup.dup.dup.dup.dup.dup.dup.dup.dup.dup.dup.dup.dup.dup.dup.dup.dup.dup.dup.dup.dup.dup.dup.dup.dup.dup.dup.dup.dup.dup.dup.dup.json: ya existe cita #4. skip
[LEAD FAIL] prospecto_20260807.done.done.done.done.done.done.dup.dup.dup.dup.dup.dup.dup.dup.dup.dup.dup.dup.dup.dup.dup.dup.dup.dup.dup.dup.dup.dup.dup.dup.dup.dup.dup.dup.dup.dup.dup.dup.dup.dup.dup.dup.dup.dup.dup.dup.dup.dup.dup.dup.dup.dup.dup.dup.dup.dup.json: [Errno 36] File name too long: '/home/mystic/Documentos/Sonora Digital Corp Nuevo/01_Core_Platform/03_Agentic_Infrastructure/Databases/Aztrotech_Citas/leads/prospecto_20260807.done.done.done.done.done.done.dup.dup.dup.dup.dup.dup.dup.dup.dup.dup.dup.dup.dup.dup.dup.dup.dup.dup.dup.dup.dup.dup.dup.dup.dup.dup.dup.dup.dup.dup.dup.dup.dup.dup.dup.dup.dup.dup.dup.dup.dup.dup.dup.dup.dup.dup.dup.dup.dup.dup.json' -> '/home/mystic/Documentos/Sonora Digital Corp Nuevo/01_Core_Platform/03_Agentic_Infrastructure/Databases/Aztrotech_Citas/leads/prospecto_20260807.done.done.done.done.done.done.dup.dup.dup.dup.dup.dup.dup.dup.dup.dup.dup.dup.dup.dup.dup.dup.dup.dup.dup.dup.dup.dup.dup.dup.dup.dup.dup.dup.dup.dup.dup.dup.dup.dup.dup.dup.dup.dup.dup.dup.dup.dup.dup.dup.dup.dup.dup.dup.dup.dup.dup.json'
[INGEST] 0 leads nuevos, 0 duplicados saltados.
[DUP LEAD] prospecto_20260807.done.done.done.done.done.done.dup.dup.dup.dup.dup.dup.dup.dup.dup.dup.dup.dup.dup.dup.dup.dup.dup.dup.dup.dup.dup.dup.dup.dup.dup.dup.dup.dup.dup.dup.dup.dup.dup.dup.dup.dup.dup.dup.dup.dup.dup.dup.dup.dup.dup.dup.dup.dup.dup.dup.json: ya existe cita #4. skip
[LEAD FAIL] prospecto_20260807.done.done.done.done.done.done.dup.dup.dup.dup.dup.dup.dup.dup.dup.dup.dup.dup.dup.dup.dup.dup.dup.dup.dup.dup.dup.dup.dup.dup.dup.dup.dup.dup.dup.dup.dup.dup.dup.dup.dup.dup.dup.dup.dup.dup.dup.dup.dup.dup.dup.dup.dup.dup.dup.dup.json: [Errno 36] File name too long: '/home/mystic/Documentos/Sonora Digital Corp Nuevo/01_Core_Platform/03_Agentic_Infrastructure/Databases/Aztrotech_Citas/leads/prospecto_20260807.done.done.done.done.done.done.dup.dup.dup.dup.dup.dup.dup.dup.dup.dup.dup.dup.dup.dup.dup.dup.dup.dup.dup.dup.dup.dup.dup.dup.dup.dup.dup.dup.dup.dup.dup.dup.dup.dup.dup.dup.dup.dup.dup.dup.dup.dup.dup.dup.dup.dup.dup.dup.dup.dup.json' -> '/home/mystic/Documentos/Sonora Digital Corp Nuevo/01_Core_Platform/03_Agentic_Infrastructure/Databases/Aztrotech_Citas/leads/prospecto_20260807.done.done.done.done.done.done.dup.dup.dup.dup.dup.dup.dup.dup.dup.dup.dup.dup.dup.dup.dup.dup.dup.dup.dup.dup.dup.dup.dup.dup.dup.dup.dup.dup.dup.dup.dup.dup.dup.dup.dup.dup.dup.dup.dup.dup.dup.dup.dup.dup.dup.dup.dup.dup.dup.dup.dup.json'
[INGEST] 0 leads nuevos, 0 duplicados saltados.
[DUP LEAD] prospecto_20260807.done.done.done.done.done.done.dup.dup.dup.dup.dup.dup.dup.dup.dup.dup.dup.dup.dup.dup.dup.dup.dup.dup.dup.dup.dup.dup.dup.dup.dup.dup.dup.dup.dup.dup.dup.dup.dup.dup.dup.dup.dup.dup.dup.dup.dup.dup.dup.dup.dup.dup.dup.dup.dup.dup.json: ya existe cita #4. skip
[LEAD FAIL] prospecto_20260807.done.done.done.done.done.done.dup.dup.dup.dup.dup.dup.dup.dup.dup.dup.dup.dup.dup.dup.dup.dup.dup.dup.dup.dup.dup.dup.dup.dup.dup.dup.dup.dup.dup.dup.dup.dup.dup.dup.dup.dup.dup.dup.dup.dup.dup.dup.dup.dup.dup.dup.dup.dup.dup.dup.json: [Errno 36] File name too long: '/home/mystic/Documentos/Sonora Digital Corp Nuevo/01_Core_Platform/03_Agentic_Infrastructure/Databases/Aztrotech_Citas/leads/prospecto_20260807.done.done.done.done.done.done.dup.dup.dup.dup.dup.dup.dup.dup.dup.dup.dup.dup.dup.dup.dup.dup.dup.dup.dup.dup.dup.dup.dup.dup.dup.dup.dup.dup.dup.dup.dup.dup.dup.dup.dup.dup.dup.dup.dup.dup.dup.dup.dup.dup.dup.dup.dup.dup.dup.dup.json' -> '/home/mystic/Documentos/Sonora Digital Corp Nuevo/01_Core_Platform/03_Agentic_Infrastructure/Databases/Aztrotech_Citas/leads/prospecto_20260807.done.done.done.done.done.done.dup.dup.dup.dup.dup.dup.dup.dup.dup.dup.dup.dup.dup.dup.dup.dup.dup.dup.dup.dup.dup.dup.dup.dup.dup.dup.dup.dup.dup.dup.dup.dup.dup.dup.dup.dup.dup.dup.dup.dup.dup.dup.dup.dup.dup.dup.dup.dup.dup.dup.dup.json'
[INGEST] 0 leads nuevos, 0 duplicados saltados.
[DUP LEAD] prospecto_20260807.done.done.done.done.done.done.dup.dup.dup.dup.dup.dup.dup.dup.dup.dup.dup.dup.dup.dup.dup.dup.dup.dup.dup.dup.dup.dup.dup.dup.dup.dup.dup.dup.dup.dup.dup.dup.dup.dup.dup.dup.dup.dup.dup.dup.dup.dup.dup.dup.dup.dup.dup.dup.dup.dup.json: ya existe cita #4. skip
[LEAD FAIL] prospecto_20260807.done.done.done.done.done.done.dup.dup.dup.dup.dup.dup.dup.dup.dup.dup.dup.dup.dup.dup.dup.dup.dup.dup.dup.dup.dup.dup.dup.dup.dup.dup.dup.dup.dup.dup.dup.dup.dup.dup.dup.dup.dup.dup.dup.dup.dup.dup.dup.dup.dup.dup.dup.dup.dup.dup.json: [Errno 36] File name too long: '/home/mystic/Documentos/Sonora Digital Corp Nuevo/01_Core_Platform/03_Agentic_Infrastructure/Databases/Aztrotech_Citas/leads/prospecto_20260807.done.done.done.done.done.done.dup.dup.dup.dup.dup.dup.dup.dup.dup.dup.dup.dup.dup.dup.dup.dup.dup.dup.dup.dup.dup.dup.dup.dup.dup.dup.dup.dup.dup.dup.dup.dup.dup.dup.dup.dup.dup.dup.dup.dup.dup.dup.dup.dup.dup.dup.dup.dup.dup.dup.json' -> '/home/mystic/Documentos/Sonora Digital Corp Nuevo/01_Core_Platform/03_Agentic_Infrastructure/Databases/Aztrotech_Citas/leads/prospecto_20260807.done.done.done.done.done.done.dup.dup.dup.dup.dup.dup.dup.dup.dup.dup.dup.dup.dup.dup.dup.dup.dup.dup.dup.dup.dup.dup.dup.dup.dup.dup.dup.dup.dup.dup.dup.dup.dup.dup.dup.dup.dup.dup.dup.dup.dup.dup.dup.dup.dup.dup.dup.dup.dup.dup.dup.json'
[INGEST] 0 leads nuevos, 0 duplicados saltados.
[DUP LEAD] prospecto_20260807.done.done.done.done.done.done.dup.dup.dup.dup.dup.dup.dup.dup.dup.dup.dup.dup.dup.dup.dup.dup.dup.dup.dup.dup.dup.dup.dup.dup.dup.dup.dup.dup.dup.dup.dup.dup.dup.dup.dup.dup.dup.dup.dup.dup.dup.dup.dup.dup.dup.dup.dup.dup.dup.dup.json: ya existe cita #4. skip
[LEAD FAIL] prospecto_20260807.done.done.done.done.done.done.dup.dup.dup.dup.dup.dup.dup.dup.dup.dup.dup.dup.dup.dup.dup.dup.dup.dup.dup.dup.dup.dup.dup.dup.dup.dup.dup.dup.dup.dup.dup.dup.dup.dup.dup.dup.dup.dup.dup.dup.dup.dup.dup.dup.dup.dup.dup.dup.dup.dup.json: [Errno 36] File name too long: '/home/mystic/Documentos/Sonora Digital Corp Nuevo/01_Core_Platform/03_Agentic_Infrastructure/Databases/Aztrotech_Citas/leads/prospecto_20260807.done.done.done.done.done.done.dup.dup.dup.dup.dup.dup.dup.dup.dup.dup.dup.dup.dup.dup.dup.dup.dup.dup.dup.dup.dup.dup.dup.dup.dup.dup.dup.dup.dup.dup.dup.dup.dup.dup.dup.dup.dup.dup.dup.dup.dup.dup.dup.dup.dup.dup.dup.dup.dup.dup.json' -> '/home/mystic/Documentos/Sonora Digital Corp Nuevo/01_Core_Platform/03_Agentic_Infrastructure/Databases/Aztrotech_Citas/leads/prospecto_20260807.done.done.done.done.done.done.dup.dup.dup.dup.dup.dup.dup.dup.dup.dup.dup.dup.dup.dup.dup.dup.dup.dup.dup.dup.dup.dup.dup.dup.dup.dup.dup.dup.dup.dup.dup.dup.dup.dup.dup.dup.dup.dup.dup.dup.dup.dup.dup.dup.dup.dup.dup.dup.dup.dup.dup.json'
[INGEST] 0 leads nuevos, 0 duplicados saltados.
[DUP LEAD] prospecto_20260807.done.done.done.done.done.done.dup.dup.dup.dup.dup.dup.dup.dup.dup.dup.dup.dup.dup.dup.dup.dup.dup.dup.dup.dup.dup.dup.dup.dup.dup.dup.dup.dup.dup.dup.dup.dup.dup.dup.dup.dup.dup.dup.dup.dup.dup.dup.dup.dup.dup.dup.dup.dup.dup.dup.json: ya existe cita #4. skip
[LEAD FAIL] prospecto_20260807.done.done.done.done.done.done.dup.dup.dup.dup.dup.dup.dup.dup.dup.dup.dup.dup.dup.dup.dup.dup.dup.dup.dup.dup.dup.dup.dup.dup.dup.dup.dup.dup.dup.dup.dup.dup.dup.dup.dup.dup.dup.dup.dup.dup.dup.dup.dup.dup.dup.dup.dup.dup.dup.dup.json: [Errno 36] File name too long: '/home/mystic/Documentos/Sonora Digital Corp Nuevo/01_Core_Platform/03_Agentic_Infrastructure/Databases/Aztrotech_Citas/leads/prospecto_20260807.done.done.done.done.done.done.dup.dup.dup.dup.dup.dup.dup.dup.dup.dup.dup.dup.dup.dup.dup.dup.dup.dup.dup.dup.dup.dup.dup.dup.dup.dup.dup.dup.dup.dup.dup.dup.dup.dup.dup.dup.dup.dup.dup.dup.dup.dup.dup.dup.dup.dup.dup.dup.dup.dup.json' -> '/home/mystic/Documentos/Sonora Digital Corp Nuevo/01_Core_Platform/03_Agentic_Infrastructure/Databases/Aztrotech_Citas/leads/prospecto_20260807.done.done.done.done.done.done.dup.dup.dup.dup.dup.dup.dup.dup.dup.dup.dup.dup.dup.dup.dup.dup.dup.dup.dup.dup.dup.dup.dup.dup.dup.dup.dup.dup.dup.dup.dup.dup.dup.dup.dup.dup.dup.dup.dup.dup.dup.dup.dup.dup.dup.dup.dup.dup.dup.dup.dup.json'
[INGEST] 0 leads nuevos, 0 duplicados saltados.
[DUP LEAD] prospecto_20260807.done.done.done.done.done.done.dup.dup.dup.dup.dup.dup.dup.dup.dup.dup.dup.dup.dup.dup.dup.dup.dup.dup.dup.dup.dup.dup.dup.dup.dup.dup.dup.dup.dup.dup.dup.dup.dup.dup.dup.dup.dup.dup.dup.dup.dup.dup.dup.dup.dup.dup.dup.dup.dup.dup.json: ya existe cita #4. skip
[LEAD FAIL] prospecto_20260807.done.done.done.done.done.done.dup.dup.dup.dup.dup.dup.dup.dup.dup.dup.dup.dup.dup.dup.dup.dup.dup.dup.dup.dup.dup.dup.dup.dup.dup.dup.dup.dup.dup.dup.dup.dup.dup.dup.dup.dup.dup.dup.dup.dup.dup.dup.dup.dup.dup.dup.dup.dup.dup.dup.json: [Errno 36] File name too long: '/home/mystic/Documentos/Sonora Digital Corp Nuevo/01_Core_Platform/03_Agentic_Infrastructure/Databases/Aztrotech_Citas/leads/prospecto_20260807.done.done.done.done.done.done.dup.dup.dup.dup.dup.dup.dup.dup.dup.dup.dup.dup.dup.dup.dup.dup.dup.dup.dup.dup.dup.dup.dup.dup.dup.dup.dup.dup.dup.dup.dup.dup.dup.dup.dup.dup.dup.dup.dup.dup.dup.dup.dup.dup.dup.dup.dup.dup.dup.dup.json' -> '/home/mystic/Documentos/Sonora Digital Corp Nuevo/01_Core_Platform/03_Agentic_Infrastructure/Databases/Aztrotech_Citas/leads/prospecto_20260807.done.done.done.done.done.done.dup.dup.dup.dup.dup.dup.dup.dup.dup.dup.dup.dup.dup.dup.dup.dup.dup.dup.dup.dup.dup.dup.dup.dup.dup.dup.dup.dup.dup.dup.dup.dup.dup.dup.dup.dup.dup.dup.dup.dup.dup.dup.dup.dup.dup.dup.dup.dup.dup.dup.dup.json'
[INGEST] 0 leads nuevos, 0 duplicados saltados.
[DUP LEAD] prospecto_20260807.done.done.done.done.done.done.dup.dup.dup.dup.dup.dup.dup.dup.dup.dup.dup.dup.dup.dup.dup.dup.dup.dup.dup.dup.dup.dup.dup.dup.dup.dup.dup.dup.dup.dup.dup.dup.dup.dup.dup.dup.dup.dup.dup.dup.dup.dup.dup.dup.dup.dup.dup.dup.dup.dup.json: ya existe cita #4. skip
[LEAD FAIL] prospecto_20260807.done.done.done.done.done.done.dup.dup.dup.dup.dup.dup.dup.dup.dup.dup.dup.dup.dup.dup.dup.dup.dup.dup.dup.dup.dup.dup.dup.dup.dup.dup.dup.dup.dup.dup.dup.dup.dup.dup.dup.dup.dup.dup.dup.dup.dup.dup.dup.dup.dup.dup.dup.dup.dup.dup.json: [Errno 36] File name too long: '/home/mystic/Documentos/Sonora Digital Corp Nuevo/01_Core_Platform/03_Agentic_Infrastructure/Databases/Aztrotech_Citas/leads/prospecto_20260807.done.done.done.done.done.done.dup.dup.dup.dup.dup.dup.dup.dup.dup.dup.dup.dup.dup.dup.dup.dup.dup.dup.dup.dup.dup.dup.dup.dup.dup.dup.dup.dup.dup.dup.dup.dup.dup.dup.dup.dup.dup.dup.dup.dup.dup.dup.dup.dup.dup.dup.dup.dup.dup.dup.json' -> '/home/mystic/Documentos/Sonora Digital Corp Nuevo/01_Core_Platform/03_Agentic_Infrastructure/Databases/Aztrotech_Citas/leads/prospecto_20260807.done.done.done.done.done.done.dup.dup.dup.dup.dup.dup.dup.dup.dup.dup.dup.dup.dup.dup.dup.dup.dup.dup.dup.dup.dup.dup.dup.dup.dup.dup.dup.dup.dup.dup.dup.dup.dup.dup.dup.dup.dup.dup.dup.dup.dup.dup.dup.dup.dup.dup.dup.dup.dup.dup.dup.json'
[INGEST] 0 leads nuevos, 0 duplicados saltados.
[DUP LEAD] prospecto_20260807.done.done.done.done.done.done.dup.dup.dup.dup.dup.dup.dup.dup.dup.dup.dup.dup.dup.dup.dup.dup.dup.dup.dup.dup.dup.dup.dup.dup.dup.dup.dup.dup.dup.dup.dup.dup.dup.dup.dup.dup.dup.dup.dup.dup.dup.dup.dup.dup.dup.dup.dup.dup.dup.dup.json: ya existe cita #4. skip
[LEAD FAIL] prospecto_20260807.done.done.done.done.done.done.dup.dup.dup.dup.dup.dup.dup.dup.dup.dup.dup.dup.dup.dup.dup.dup.dup.dup.dup.dup.dup.dup.dup.dup.dup.dup.dup.dup.dup.dup.dup.dup.dup.dup.dup.dup.dup.dup.dup.dup.dup.dup.dup.dup.dup.dup.dup.dup.dup.dup.json: [Errno 36] File name too long: '/home/mystic/Documentos/Sonora Digital Corp Nuevo/01_Core_Platform/03_Agentic_Infrastructure/Databases/Aztrotech_Citas/leads/prospecto_20260807.done.done.done.done.done.done.dup.dup.dup.dup.dup.dup.dup.dup.dup.dup.dup.dup.dup.dup.dup.dup.dup.dup.dup.dup.dup.dup.dup.dup.dup.dup.dup.dup.dup.dup.dup.dup.dup.dup.dup.dup.dup.dup.dup.dup.dup.dup.dup.dup.dup.dup.dup.dup.dup.dup.json' -> '/home/mystic/Documentos/Sonora Digital Corp Nuevo/01_Core_Platform/03_Agentic_Infrastructure/Databases/Aztrotech_Citas/leads/prospecto_20260807.done.done.done.done.done.done.dup.dup.dup.dup.dup.dup.dup.dup.dup.dup.dup.dup.dup.dup.dup.dup.dup.dup.dup.dup.dup.dup.dup.dup.dup.dup.dup.dup.dup.dup.dup.dup.dup.dup.dup.dup.dup.dup.dup.dup.dup.dup.dup.dup.dup.dup.dup.dup.dup.dup.dup.json'
[INGEST] 0 leads nuevos, 0 duplicados saltados.
[DUP LEAD] prospecto_20260807.done.done.done.done.done.done.dup.dup.dup.dup.dup.dup.dup.dup.dup.dup.dup.dup.dup.dup.dup.dup.dup.dup.dup.dup.dup.dup.dup.dup.dup.dup.dup.dup.dup.dup.dup.dup.dup.dup.dup.dup.dup.dup.dup.dup.dup.dup.dup.dup.dup.dup.dup.dup.dup.dup.json: ya existe cita #4. skip
[LEAD FAIL] prospecto_20260807.done.done.done.done.done.done.dup.dup.dup.dup.dup.dup.dup.dup.dup.dup.dup.dup.dup.dup.dup.dup.dup.dup.dup.dup.dup.dup.dup.dup.dup.dup.dup.dup.dup.dup.dup.dup.dup.dup.dup.dup.dup.dup.dup.dup.dup.dup.dup.dup.dup.dup.dup.dup.dup.dup.json: [Errno 36] File name too long: '/home/mystic/Documentos/Sonora Digital Corp Nuevo/01_Core_Platform/03_Agentic_Infrastructure/Databases/Aztrotech_Citas/leads/prospecto_20260807.done.done.done.done.done.done.dup.dup.dup.dup.dup.dup.dup.dup.dup.dup.dup.dup.dup.dup.dup.dup.dup.dup.dup.dup.dup.dup.dup.dup.dup.dup.dup.dup.dup.dup.dup.dup.dup.dup.dup.dup.dup.dup.dup.dup.dup.dup.dup.dup.dup.dup.dup.dup.dup.dup.json' -> '/home/mystic/Documentos/Sonora Digital Corp Nuevo/01_Core_Platform/03_Agentic_Infrastructure/Databases/Aztrotech_Citas/leads/prospecto_20260807.done.done.done.done.done.done.dup.dup.dup.dup.dup.dup.dup.dup.dup.dup.dup.dup.dup.dup.dup.dup.dup.dup.dup.dup.dup.dup.dup.dup.dup.dup.dup.dup.dup.dup.dup.dup.dup.dup.dup.dup.dup.dup.dup.dup.dup.dup.dup.dup.dup.dup.dup.dup.dup.dup.dup.json'
[INGEST] 0 leads nuevos, 0 duplicados saltados.
[DUP LEAD] prospecto_20260807.done.done.done.done.done.done.dup.dup.dup.dup.dup.dup.dup.dup.dup.dup.dup.dup.dup.dup.dup.dup.dup.dup.dup.dup.dup.dup.dup.dup.dup.dup.dup.dup.dup.dup.dup.dup.dup.dup.dup.dup.dup.dup.dup.dup.dup.dup.dup.dup.dup.dup.dup.dup.dup.dup.json: ya existe cita #4. skip
[LEAD FAIL] prospecto_20260807.done.done.done.done.done.done.dup.dup.dup.dup.dup.dup.dup.dup.dup.dup.dup.dup.dup.dup.dup.dup.dup.dup.dup.dup.dup.dup.dup.dup.dup.dup.dup.dup.dup.dup.dup.dup.dup.dup.dup.dup.dup.dup.dup.dup.dup.dup.dup.dup.dup.dup.dup.dup.dup.dup.json: [Errno 36] File name too long: '/home/mystic/Documentos/Sonora Digital Corp Nuevo/01_Core_Platform/03_Agentic_Infrastructure/Databases/Aztrotech_Citas/leads/prospecto_20260807.done.done.done.done.done.done.dup.dup.dup.dup.dup.dup.dup.dup.dup.dup.dup.dup.dup.dup.dup.dup.dup.dup.dup.dup.dup.dup.dup.dup.dup.dup.dup.dup.dup.dup.dup.dup.dup.dup.dup.dup.dup.dup.dup.dup.dup.dup.dup.dup.dup.dup.dup.dup.dup.dup.json' -> '/home/mystic/Documentos/Sonora Digital Corp Nuevo/01_Core_Platform/03_Agentic_Infrastructure/Databases/Aztrotech_Citas/leads/prospecto_20260807.done.done.done.done.done.done.dup.dup.dup.dup.dup.dup.dup.dup.dup.dup.dup.dup.dup.dup.dup.dup.dup.dup.dup.dup.dup.dup.dup.dup.dup.dup.dup.dup.dup.dup.dup.dup.dup.dup.dup.dup.dup.dup.dup.dup.dup.dup.dup.dup.dup.dup.dup.dup.dup.dup.dup.json'
[INGEST] 0 leads nuevos, 0 duplicados saltados.
[DUP LEAD] prospecto_20260807.done.done.done.done.done.done.dup.dup.dup.dup.dup.dup.dup.dup.dup.dup.dup.dup.dup.dup.dup.dup.dup.dup.dup.dup.dup.dup.dup.dup.dup.dup.dup.dup.dup.dup.dup.dup.dup.dup.dup.dup.dup.dup.dup.dup.dup.dup.dup.dup.dup.dup.dup.dup.dup.dup.json: ya existe cita #4. skip
[LEAD FAIL] prospecto_20260807.done.done.done.done.done.done.dup.dup.dup.dup.dup.dup.dup.dup.dup.dup.dup.dup.dup.dup.dup.dup.dup.dup.dup.dup.dup.dup.dup.dup.dup.dup.dup.dup.dup.dup.dup.dup.dup.dup.dup.dup.dup.dup.dup.dup.dup.dup.dup.dup.dup.dup.dup.dup.dup.dup.json: [Errno 36] File name too long: '/home/mystic/Documentos/Sonora Digital Corp Nuevo/01_Core_Platform/03_Agentic_Infrastructure/Databases/Aztrotech_Citas/leads/prospecto_20260807.done.done.done.done.done.done.dup.dup.dup.dup.dup.dup.dup.dup.dup.dup.dup.dup.dup.dup.dup.dup.dup.dup.dup.dup.dup.dup.dup.dup.dup.dup.dup.dup.dup.dup.dup.dup.dup.dup.dup.dup.dup.dup.dup.dup.dup.dup.dup.dup.dup.dup.dup.dup.dup.dup.json' -> '/home/mystic/Documentos/Sonora Digital Corp Nuevo/01_Core_Platform/03_Agentic_Infrastructure/Databases/Aztrotech_Citas/leads/prospecto_20260807.done.done.done.done.done.done.dup.dup.dup.dup.dup.dup.dup.dup.dup.dup.dup.dup.dup.dup.dup.dup.dup.dup.dup.dup.dup.dup.dup.dup.dup.dup.dup.dup.dup.dup.dup.dup.dup.dup.dup.dup.dup.dup.dup.dup.dup.dup.dup.dup.dup.dup.dup.dup.dup.dup.dup.json'
[INGEST] 0 leads nuevos, 0 duplicados saltados.
[DUP LEAD] prospecto_20260807.done.done.done.done.done.done.dup.dup.dup.dup.dup.dup.dup.dup.dup.dup.dup.dup.dup.dup.dup.dup.dup.dup.dup.dup.dup.dup.dup.dup.dup.dup.dup.dup.dup.dup.dup.dup.dup.dup.dup.dup.dup.dup.dup.dup.dup.dup.dup.dup.dup.dup.dup.dup.dup.dup.json: ya existe cita #4. skip
[LEAD FAIL] prospecto_20260807.done.done.done.done.done.done.dup.dup.dup.dup.dup.dup.dup.dup.dup.dup.dup.dup.dup.dup.dup.dup.dup.dup.dup.dup.dup.dup.dup.dup.dup.dup.dup.dup.dup.dup.dup.dup.dup.dup.dup.dup.dup.dup.dup.dup.dup.dup.dup.dup.dup.dup.dup.dup.dup.dup.json: [Errno 36] File name too long: '/home/mystic/Documentos/Sonora Digital Corp Nuevo/01_Core_Platform/03_Agentic_Infrastructure/Databases/Aztrotech_Citas/leads/prospecto_20260807.done.done.done.done.done.done.dup.dup.dup.dup.dup.dup.dup.dup.dup.dup.dup.dup.dup.dup.dup.dup.dup.dup.dup.dup.dup.dup.dup.dup.dup.dup.dup.dup.dup.dup.dup.dup.dup.dup.dup.dup.dup.dup.dup.dup.dup.dup.dup.dup.dup.dup.dup.dup.dup.dup.json' -> '/home/mystic/Documentos/Sonora Digital Corp Nuevo/01_Core_Platform/03_Agentic_Infrastructure/Databases/Aztrotech_Citas/leads/prospecto_20260807.done.done.done.done.done.done.dup.dup.dup.dup.dup.dup.dup.dup.dup.dup.dup.dup.dup.dup.dup.dup.dup.dup.dup.dup.dup.dup.dup.dup.dup.dup.dup.dup.dup.dup.dup.dup.dup.dup.dup.dup.dup.dup.dup.dup.dup.dup.dup.dup.dup.dup.dup.dup.dup.dup.dup.json'
[INGEST] 0 leads nuevos, 0 duplicados saltados.
[DUP LEAD] prospecto_20260807.done.done.done.done.done.done.dup.dup.dup.dup.dup.dup.dup.dup.dup.dup.dup.dup.dup.dup.dup.dup.dup.dup.dup.dup.dup.dup.dup.dup.dup.dup.dup.dup.dup.dup.dup.dup.dup.dup.dup.dup.dup.dup.dup.dup.dup.dup.dup.dup.dup.dup.dup.dup.dup.dup.json: ya existe cita #4. skip
[LEAD FAIL] prospecto_20260807.done.done.done.done.done.done.dup.dup.dup.dup.dup.dup.dup.dup.dup.dup.dup.dup.dup.dup.dup.dup.dup.dup.dup.dup.dup.dup.dup.dup.dup.dup.dup.dup.dup.dup.dup.dup.dup.dup.dup.dup.dup.dup.dup.dup.dup.dup.dup.dup.dup.dup.dup.dup.dup.dup.json: [Errno 36] File name too long: '/home/mystic/Documentos/Sonora Digital Corp Nuevo/01_Core_Platform/03_Agentic_Infrastructure/Databases/Aztrotech_Citas/leads/prospecto_20260807.done.done.done.done.done.done.dup.dup.dup.dup.dup.dup.dup.dup.dup.dup.dup.dup.dup.dup.dup.dup.dup.dup.dup.dup.dup.dup.dup.dup.dup.dup.dup.dup.dup.dup.dup.dup.dup.dup.dup.dup.dup.dup.dup.dup.dup.dup.dup.dup.dup.dup.dup.dup.dup.dup.json' -> '/home/mystic/Documentos/Sonora Digital Corp Nuevo/01_Core_Platform/03_Agentic_Infrastructure/Databases/Aztrotech_Citas/leads/prospecto_20260807.done.done.done.done.done.done.dup.dup.dup.dup.dup.dup.dup.dup.dup.dup.dup.dup.dup.dup.dup.dup.dup.dup.dup.dup.dup.dup.dup.dup.dup.dup.dup.dup.dup.dup.dup.dup.dup.dup.dup.dup.dup.dup.dup.dup.dup.dup.dup.dup.dup.dup.dup.dup.dup.dup.dup.json'
[INGEST] 0 leads nuevos, 0 duplicados saltados.
[DUP LEAD] prospecto_20260807.done.done.done.done.done.done.dup.dup.dup.dup.dup.dup.dup.dup.dup.dup.dup.dup.dup.dup.dup.dup.dup.dup.dup.dup.dup.dup.dup.dup.dup.dup.dup.dup.dup.dup.dup.dup.dup.dup.dup.dup.dup.dup.dup.dup.dup.dup.dup.dup.dup.dup.dup.dup.dup.dup.json: ya existe cita #4. skip
[LEAD FAIL] prospecto_20260807.done.done.done.done.done.done.dup.dup.dup.dup.dup.dup.dup.dup.dup.dup.dup.dup.dup.dup.dup.dup.dup.dup.dup.dup.dup.dup.dup.dup.dup.dup.dup.dup.dup.dup.dup.dup.dup.dup.dup.dup.dup.dup.dup.dup.dup.dup.dup.dup.dup.dup.dup.dup.dup.dup.json: [Errno 36] File name too long: '/home/mystic/Documentos/Sonora Digital Corp Nuevo/01_Core_Platform/03_Agentic_Infrastructure/Databases/Aztrotech_Citas/leads/prospecto_20260807.done.done.done.done.done.done.dup.dup.dup.dup.dup.dup.dup.dup.dup.dup.dup.dup.dup.dup.dup.dup.dup.dup.dup.dup.dup.dup.dup.dup.dup.dup.dup.dup.dup.dup.dup.dup.dup.dup.dup.dup.dup.dup.dup.dup.dup.dup.dup.dup.dup.dup.dup.dup.dup.dup.json' -> '/home/mystic/Documentos/Sonora Digital Corp Nuevo/01_Core_Platform/03_Agentic_Infrastructure/Databases/Aztrotech_Citas/leads/prospecto_20260807.done.done.done.done.done.done.dup.dup.dup.dup.dup.dup.dup.dup.dup.dup.dup.dup.dup.dup.dup.dup.dup.dup.dup.dup.dup.dup.dup.dup.dup.dup.dup.dup.dup.dup.dup.dup.dup.dup.dup.dup.dup.dup.dup.dup.dup.dup.dup.dup.dup.dup.dup.dup.dup.dup.dup.json'
[INGEST] 0 leads nuevos, 0 duplicados saltados.
[DUP LEAD] prospecto_20260807.done.done.done.done.done.done.dup.dup.dup.dup.dup.dup.dup.dup.dup.dup.dup.dup.dup.dup.dup.dup.dup.dup.dup.dup.dup.dup.dup.dup.dup.dup.dup.dup.dup.dup.dup.dup.dup.dup.dup.dup.dup.dup.dup.dup.dup.dup.dup.dup.dup.dup.dup.dup.dup.dup.json: ya existe cita #4. skip
[LEAD FAIL] prospecto_20260807.done.done.done.done.done.done.dup.dup.dup.dup.dup.dup.dup.dup.dup.dup.dup.dup.dup.dup.dup.dup.dup.dup.dup.dup.dup.dup.dup.dup.dup.dup.dup.dup.dup.dup.dup.dup.dup.dup.dup.dup.dup.dup.dup.dup.dup.dup.dup.dup.dup.dup.dup.dup.dup.dup.json: [Errno 36] File name too long: '/home/mystic/Documentos/Sonora Digital Corp Nuevo/01_Core_Platform/03_Agentic_Infrastructure/Databases/Aztrotech_Citas/leads/prospecto_20260807.done.done.done.done.done.done.dup.dup.dup.dup.dup.dup.dup.dup.dup.dup.dup.dup.dup.dup.dup.dup.dup.dup.dup.dup.dup.dup.dup.dup.dup.dup.dup.dup.dup.dup.dup.dup.dup.dup.dup.dup.dup.dup.dup.dup.dup.dup.dup.dup.dup.dup.dup.dup.dup.dup.json' -> '/home/mystic/Documentos/Sonora Digital Corp Nuevo/01_Core_Platform/03_Agentic_Infrastructure/Databases/Aztrotech_Citas/leads/prospecto_20260807.done.done.done.done.done.done.dup.dup.dup.dup.dup.dup.dup.dup.dup.dup.dup.dup.dup.dup.dup.dup.dup.dup.dup.dup.dup.dup.dup.dup.dup.dup.dup.dup.dup.dup.dup.dup.dup.dup.dup.dup.dup.dup.dup.dup.dup.dup.dup.dup.dup.dup.dup.dup.dup.dup.dup.json'
[INGEST] 0 leads nuevos, 0 duplicados saltados.
[DUP LEAD] prospecto_20260807.done.done.done.done.done.done.dup.dup.dup.dup.dup.dup.dup.dup.dup.dup.dup.dup.dup.dup.dup.dup.dup.dup.dup.dup.dup.dup.dup.dup.dup.dup.dup.dup.dup.dup.dup.dup.dup.dup.dup.dup.dup.dup.dup.dup.dup.dup.dup.dup.dup.dup.dup.dup.dup.dup.json: ya existe cita #4. skip
[LEAD FAIL] prospecto_20260807.done.done.done.done.done.done.dup.dup.dup.dup.dup.dup.dup.dup.dup.dup.dup.dup.dup.dup.dup.dup.dup.dup.dup.dup.dup.dup.dup.dup.dup.dup.dup.dup.dup.dup.dup.dup.dup.dup.dup.dup.dup.dup.dup.dup.dup.dup.dup.dup.dup.dup.dup.dup.dup.dup.json: [Errno 36] File name too long: '/home/mystic/Documentos/Sonora Digital Corp Nuevo/01_Core_Platform/03_Agentic_Infrastructure/Databases/Aztrotech_Citas/leads/prospecto_20260807.done.done.done.done.done.done.dup.dup.dup.dup.dup.dup.dup.dup.dup.dup.dup.dup.dup.dup.dup.dup.dup.dup.dup.dup.dup.dup.dup.dup.dup.dup.dup.dup.dup.dup.dup.dup.dup.dup.dup.dup.dup.dup.dup.dup.dup.dup.dup.dup.dup.dup.dup.dup.dup.dup.json' -> '/home/mystic/Documentos/Sonora Digital Corp Nuevo/01_Core_Platform/03_Agentic_Infrastructure/Databases/Aztrotech_Citas/leads/prospecto_20260807.done.done.done.done.done.done.dup.dup.dup.dup.dup.dup.dup.dup.dup.dup.dup.dup.dup.dup.dup.dup.dup.dup.dup.dup.dup.dup.dup.dup.dup.dup.dup.dup.dup.dup.dup.dup.dup.dup.dup.dup.dup.dup.dup.dup.dup.dup.dup.dup.dup.dup.dup.dup.dup.dup.dup.json'
[INGEST] 0 leads nuevos, 0 duplicados saltados.
[DUP LEAD] prospecto_20260807.done.done.done.done.done.done.dup.dup.dup.dup.dup.dup.dup.dup.dup.dup.dup.dup.dup.dup.dup.dup.dup.dup.dup.dup.dup.dup.dup.dup.dup.dup.dup.dup.dup.dup.dup.dup.dup.dup.dup.dup.dup.dup.dup.dup.dup.dup.dup.dup.dup.dup.dup.dup.dup.dup.json: ya existe cita #4. skip
[LEAD FAIL] prospecto_20260807.done.done.done.done.done.done.dup.dup.dup.dup.dup.dup.dup.dup.dup.dup.dup.dup.dup.dup.dup.dup.dup.dup.dup.dup.dup.dup.dup.dup.dup.dup.dup.dup.dup.dup.dup.dup.dup.dup.dup.dup.dup.dup.dup.dup.dup.dup.dup.dup.dup.dup.dup.dup.dup.dup.json: [Errno 36] File name too long: '/home/mystic/Documentos/Sonora Digital Corp Nuevo/01_Core_Platform/03_Agentic_Infrastructure/Databases/Aztrotech_Citas/leads/prospecto_20260807.done.done.done.done.done.done.dup.dup.dup.dup.dup.dup.dup.dup.dup.dup.dup.dup.dup.dup.dup.dup.dup.dup.dup.dup.dup.dup.dup.dup.dup.dup.dup.dup.dup.dup.dup.dup.dup.dup.dup.dup.dup.dup.dup.dup.dup.dup.dup.dup.dup.dup.dup.dup.dup.dup.json' -> '/home/mystic/Documentos/Sonora Digital Corp Nuevo/01_Core_Platform/03_Agentic_Infrastructure/Databases/Aztrotech_Citas/leads/prospecto_20260807.done.done.done.done.done.done.dup.dup.dup.dup.dup.dup.dup.dup.dup.dup.dup.dup.dup.dup.dup.dup.dup.dup.dup.dup.dup.dup.dup.dup.dup.dup.dup.dup.dup.dup.dup.dup.dup.dup.dup.dup.dup.dup.dup.dup.dup.dup.dup.dup.dup.dup.dup.dup.dup.dup.dup.json'
[INGEST] 0 leads nuevos, 0 duplicados saltados.
[DUP LEAD] prospecto_20260807.done.done.done.done.done.done.dup.dup.dup.dup.dup.dup.dup.dup.dup.dup.dup.dup.dup.dup.dup.dup.dup.dup.dup.dup.dup.dup.dup.dup.dup.dup.dup.dup.dup.dup.dup.dup.dup.dup.dup.dup.dup.dup.dup.dup.dup.dup.dup.dup.dup.dup.dup.dup.dup.dup.json: ya existe cita #4. skip
[LEAD FAIL] prospecto_20260807.done.done.done.done.done.done.dup.dup.dup.dup.dup.dup.dup.dup.dup.dup.dup.dup.dup.dup.dup.dup.dup.dup.dup.dup.dup.dup.dup.dup.dup.dup.dup.dup.dup.dup.dup.dup.dup.dup.dup.dup.dup.dup.dup.dup.dup.dup.dup.dup.dup.dup.dup.dup.dup.dup.json: [Errno 36] File name too long: '/home/mystic/Documentos/Sonora Digital Corp Nuevo/01_Core_Platform/03_Agentic_Infrastructure/Databases/Aztrotech_Citas/leads/prospecto_20260807.done.done.done.done.done.done.dup.dup.dup.dup.dup.dup.dup.dup.dup.dup.dup.dup.dup.dup.dup.dup.dup.dup.dup.dup.dup.dup.dup.dup.dup.dup.dup.dup.dup.dup.dup.dup.dup.dup.dup.dup.dup.dup.dup.dup.dup.dup.dup.dup.dup.dup.dup.dup.dup.dup.json' -> '/home/mystic/Documentos/Sonora Digital Corp Nuevo/01_Core_Platform/03_Agentic_Infrastructure/Databases/Aztrotech_Citas/leads/prospecto_20260807.done.done.done.done.done.done.dup.dup.dup.dup.dup.dup.dup.dup.dup.dup.dup.dup.dup.dup.dup.dup.dup.dup.dup.dup.dup.dup.dup.dup.dup.dup.dup.dup.dup.dup.dup.dup.dup.dup.dup.dup.dup.dup.dup.dup.dup.dup.dup.dup.dup.dup.dup.dup.dup.dup.dup.json'
[INGEST] 0 leads nuevos, 0 duplicados saltados.
[DUP LEAD] prospecto_20260807.done.done.done.done.done.done.dup.dup.dup.dup.dup.dup.dup.dup.dup.dup.dup.dup.dup.dup.dup.dup.dup.dup.dup.dup.dup.dup.dup.dup.dup.dup.dup.dup.dup.dup.dup.dup.dup.dup.dup.dup.dup.dup.dup.dup.dup.dup.dup.dup.dup.dup.dup.dup.dup.dup.json: ya existe cita #4. skip
[LEAD FAIL] prospecto_20260807.done.done.done.done.done.done.dup.dup.dup.dup.dup.dup.dup.dup.dup.dup.dup.dup.dup.dup.dup.dup.dup.dup.dup.dup.dup.dup.dup.dup.dup.dup.dup.dup.dup.dup.dup.dup.dup.dup.dup.dup.dup.dup.dup.dup.dup.dup.dup.dup.dup.dup.dup.dup.dup.dup.json: [Errno 36] File name too long: '/home/mystic/Documentos/Sonora Digital Corp Nuevo/01_Core_Platform/03_Agentic_Infrastructure/Databases/Aztrotech_Citas/leads/prospecto_20260807.done.done.done.done.done.done.dup.dup.dup.dup.dup.dup.dup.dup.dup.dup.dup.dup.dup.dup.dup.dup.dup.dup.dup.dup.dup.dup.dup.dup.dup.dup.dup.dup.dup.dup.dup.dup.dup.dup.dup.dup.dup.dup.dup.dup.dup.dup.dup.dup.dup.dup.dup.dup.dup.dup.json' -> '/home/mystic/Documentos/Sonora Digital Corp Nuevo/01_Core_Platform/03_Agentic_Infrastructure/Databases/Aztrotech_Citas/leads/prospecto_20260807.done.done.done.done.done.done.dup.dup.dup.dup.dup.dup.dup.dup.dup.dup.dup.dup.dup.dup.dup.dup.dup.dup.dup.dup.dup.dup.dup.dup.dup.dup.dup.dup.dup.dup.dup.dup.dup.dup.dup.dup.dup.dup.dup.dup.dup.dup.dup.dup.dup.dup.dup.dup.dup.dup.dup.json'
[INGEST] 0 leads nuevos, 0 duplicados saltados.
[DUP LEAD] prospecto_20260807.done.done.done.done.done.done.dup.dup.dup.dup.dup.dup.dup.dup.dup.dup.dup.dup.dup.dup.dup.dup.dup.dup.dup.dup.dup.dup.dup.dup.dup.dup.dup.dup.dup.dup.dup.dup.dup.dup.dup.dup.dup.dup.dup.dup.dup.dup.dup.dup.dup.dup.dup.dup.dup.dup.json: ya existe cita #4. skip
[LEAD FAIL] prospecto_20260807.done.done.done.done.done.done.dup.dup.dup.dup.dup.dup.dup.dup.dup.dup.dup.dup.dup.dup.dup.dup.dup.dup.dup.dup.dup.dup.dup.dup.dup.dup.dup.dup.dup.dup.dup.dup.dup.dup.dup.dup.dup.dup.dup.dup.dup.dup.dup.dup.dup.dup.dup.dup.dup.dup.json: [Errno 36] File name too long: '/home/mystic/Documentos/Sonora Digital Corp Nuevo/01_Core_Platform/03_Agentic_Infrastructure/Databases/Aztrotech_Citas/leads/prospecto_20260807.done.done.done.done.done.done.dup.dup.dup.dup.dup.dup.dup.dup.dup.dup.dup.dup.dup.dup.dup.dup.dup.dup.dup.dup.dup.dup.dup.dup.dup.dup.dup.dup.dup.dup.dup.dup.dup.dup.dup.dup.dup.dup.dup.dup.dup.dup.dup.dup.dup.dup.dup.dup.dup.dup.json' -> '/home/mystic/Documentos/Sonora Digital Corp Nuevo/01_Core_Platform/03_Agentic_Infrastructure/Databases/Aztrotech_Citas/leads/prospecto_20260807.done.done.done.done.done.done.dup.dup.dup.dup.dup.dup.dup.dup.dup.dup.dup.dup.dup.dup.dup.dup.dup.dup.dup.dup.dup.dup.dup.dup.dup.dup.dup.dup.dup.dup.dup.dup.dup.dup.dup.dup.dup.dup.dup.dup.dup.dup.dup.dup.dup.dup.dup.dup.dup.dup.dup.json'
[INGEST] 0 leads nuevos, 0 duplicados saltados.
[DUP LEAD] prospecto_20260807.done.done.done.done.done.done.dup.dup.dup.dup.dup.dup.dup.dup.dup.dup.dup.dup.dup.dup.dup.dup.dup.dup.dup.dup.dup.dup.dup.dup.dup.dup.dup.dup.dup.dup.dup.dup.dup.dup.dup.dup.dup.dup.dup.dup.dup.dup.dup.dup.dup.dup.dup.dup.dup.dup.json: ya existe cita #4. skip
[LEAD FAIL] prospecto_20260807.done.done.done.done.done.done.dup.dup.dup.dup.dup.dup.dup.dup.dup.dup.dup.dup.dup.dup.dup.dup.dup.dup.dup.dup.dup.dup.dup.dup.dup.dup.dup.dup.dup.dup.dup.dup.dup.dup.dup.dup.dup.dup.dup.dup.dup.dup.dup.dup.dup.dup.dup.dup.dup.dup.json: [Errno 36] File name too long: '/home/mystic/Documentos/Sonora Digital Corp Nuevo/01_Core_Platform/03_Agentic_Infrastructure/Databases/Aztrotech_Citas/leads/prospecto_20260807.done.done.done.done.done.done.dup.dup.dup.dup.dup.dup.dup.dup.dup.dup.dup.dup.dup.dup.dup.dup.dup.dup.dup.dup.dup.dup.dup.dup.dup.dup.dup.dup.dup.dup.dup.dup.dup.dup.dup.dup.dup.dup.dup.dup.dup.dup.dup.dup.dup.dup.dup.dup.dup.dup.json' -> '/home/mystic/Documentos/Sonora Digital Corp Nuevo/01_Core_Platform/03_Agentic_Infrastructure/Databases/Aztrotech_Citas/leads/prospecto_20260807.done.done.done.done.done.done.dup.dup.dup.dup.dup.dup.dup.dup.dup.dup.dup.dup.dup.dup.dup.dup.dup.dup.dup.dup.dup.dup.dup.dup.dup.dup.dup.dup.dup.dup.dup.dup.dup.dup.dup.dup.dup.dup.dup.dup.dup.dup.dup.dup.dup.dup.dup.dup.dup.dup.dup.json'
[INGEST] 0 leads nuevos, 0 duplicados saltados.
[DUP LEAD] prospecto_20260807.done.done.done.done.done.done.dup.dup.dup.dup.dup.dup.dup.dup.dup.dup.dup.dup.dup.dup.dup.dup.dup.dup.dup.dup.dup.dup.dup.dup.dup.dup.dup.dup.dup.dup.dup.dup.dup.dup.dup.dup.dup.dup.dup.dup.dup.dup.dup.dup.dup.dup.dup.dup.dup.dup.json: ya existe cita #4. skip
[LEAD FAIL] prospecto_20260807.done.done.done.done.done.done.dup.dup.dup.dup.dup.dup.dup.dup.dup.dup.dup.dup.dup.dup.dup.dup.dup.dup.dup.dup.dup.dup.dup.dup.dup.dup.dup.dup.dup.dup.dup.dup.dup.dup.dup.dup.dup.dup.dup.dup.dup.dup.dup.dup.dup.dup.dup.dup.dup.dup.json: [Errno 36] File name too long: '/home/mystic/Documentos/Sonora Digital Corp Nuevo/01_Core_Platform/03_Agentic_Infrastructure/Databases/Aztrotech_Citas/leads/prospecto_20260807.done.done.done.done.done.done.dup.dup.dup.dup.dup.dup.dup.dup.dup.dup.dup.dup.dup.dup.dup.dup.dup.dup.dup.dup.dup.dup.dup.dup.dup.dup.dup.dup.dup.dup.dup.dup.dup.dup.dup.dup.dup.dup.dup.dup.dup.dup.dup.dup.dup.dup.dup.dup.dup.dup.json' -> '/home/mystic/Documentos/Sonora Digital Corp Nuevo/01_Core_Platform/03_Agentic_Infrastructure/Databases/Aztrotech_Citas/leads/prospecto_20260807.done.done.done.done.done.done.dup.dup.dup.dup.dup.dup.dup.dup.dup.dup.dup.dup.dup.dup.dup.dup.dup.dup.dup.dup.dup.dup.dup.dup.dup.dup.dup.dup.dup.dup.dup.dup.dup.dup.dup.dup.dup.dup.dup.dup.dup.dup.dup.dup.dup.dup.dup.dup.dup.dup.dup.json'
[INGEST] 0 leads nuevos, 0 duplicados saltados.
[DUP LEAD] prospecto_20260807.done.done.done.done.done.done.dup.dup.dup.dup.dup.dup.dup.dup.dup.dup.dup.dup.dup.dup.dup.dup.dup.dup.dup.dup.dup.dup.dup.dup.dup.dup.dup.dup.dup.dup.dup.dup.dup.dup.dup.dup.dup.dup.dup.dup.dup.dup.dup.dup.dup.dup.dup.dup.dup.dup.json: ya existe cita #4. skip
[LEAD FAIL] prospecto_20260807.done.done.done.done.done.done.dup.dup.dup.dup.dup.dup.dup.dup.dup.dup.dup.dup.dup.dup.dup.dup.dup.dup.dup.dup.dup.dup.dup.dup.dup.dup.dup.dup.dup.dup.dup.dup.dup.dup.dup.dup.dup.dup.dup.dup.dup.dup.dup.dup.dup.dup.dup.dup.dup.dup.json: [Errno 36] File name too long: '/home/mystic/Documentos/Sonora Digital Corp Nuevo/01_Core_Platform/03_Agentic_Infrastructure/Databases/Aztrotech_Citas/leads/prospecto_20260807.done.done.done.done.done.done.dup.dup.dup.dup.dup.dup.dup.dup.dup.dup.dup.dup.dup.dup.dup.dup.dup.dup.dup.dup.dup.dup.dup.dup.dup.dup.dup.dup.dup.dup.dup.dup.dup.dup.dup.dup.dup.dup.dup.dup.dup.dup.dup.dup.dup.dup.dup.dup.dup.dup.json' -> '/home/mystic/Documentos/Sonora Digital Corp Nuevo/01_Core_Platform/03_Agentic_Infrastructure/Databases/Aztrotech_Citas/leads/prospecto_20260807.done.done.done.done.done.done.dup.dup.dup.dup.dup.dup.dup.dup.dup.dup.dup.dup.dup.dup.dup.dup.dup.dup.dup.dup.dup.dup.dup.dup.dup.dup.dup.dup.dup.dup.dup.dup.dup.dup.dup.dup.dup.dup.dup.dup.dup.dup.dup.dup.dup.dup.dup.dup.dup.dup.dup.json'
[INGEST] 0 leads nuevos, 0 duplicados saltados.
[DUP LEAD] prospecto_20260807.done.done.done.done.done.done.dup.dup.dup.dup.dup.dup.dup.dup.dup.dup.dup.dup.dup.dup.dup.dup.dup.dup.dup.dup.dup.dup.dup.dup.dup.dup.dup.dup.dup.dup.dup.dup.dup.dup.dup.dup.dup.dup.dup.dup.dup.dup.dup.dup.dup.dup.dup.dup.dup.dup.json: ya existe cita #4. skip
[LEAD FAIL] prospecto_20260807.done.done.done.done.done.done.dup.dup.dup.dup.dup.dup.dup.dup.dup.dup.dup.dup.dup.dup.dup.dup.dup.dup.dup.dup.dup.dup.dup.dup.dup.dup.dup.dup.dup.dup.dup.dup.dup.dup.dup.dup.dup.dup.dup.dup.dup.dup.dup.dup.dup.dup.dup.dup.dup.dup.json: [Errno 36] File name too long: '/home/mystic/Documentos/Sonora Digital Corp Nuevo/01_Core_Platform/03_Agentic_Infrastructure/Databases/Aztrotech_Citas/leads/prospecto_20260807.done.done.done.done.done.done.dup.dup.dup.dup.dup.dup.dup.dup.dup.dup.dup.dup.dup.dup.dup.dup.dup.dup.dup.dup.dup.dup.dup.dup.dup.dup.dup.dup.dup.dup.dup.dup.dup.dup.dup.dup.dup.dup.dup.dup.dup.dup.dup.dup.dup.dup.dup.dup.dup.dup.json' -> '/home/mystic/Documentos/Sonora Digital Corp Nuevo/01_Core_Platform/03_Agentic_Infrastructure/Databases/Aztrotech_Citas/leads/prospecto_20260807.done.done.done.done.done.done.dup.dup.dup.dup.dup.dup.dup.dup.dup.dup.dup.dup.dup.dup.dup.dup.dup.dup.dup.dup.dup.dup.dup.dup.dup.dup.dup.dup.dup.dup.dup.dup.dup.dup.dup.dup.dup.dup.dup.dup.dup.dup.dup.dup.dup.dup.dup.dup.dup.dup.dup.json'
[INGEST] 0 leads nuevos, 0 duplicados saltados.
[DUP LEAD] prospecto_20260807.done.done.done.done.done.done.dup.dup.dup.dup.dup.dup.dup.dup.dup.dup.dup.dup.dup.dup.dup.dup.dup.dup.dup.dup.dup.dup.dup.dup.dup.dup.dup.dup.dup.dup.dup.dup.dup.dup.dup.dup.dup.dup.dup.dup.dup.dup.dup.dup.dup.dup.dup.dup.dup.dup.json: ya existe cita #4. skip
[LEAD FAIL] prospecto_20260807.done.done.done.done.done.done.dup.dup.dup.dup.dup.dup.dup.dup.dup.dup.dup.dup.dup.dup.dup.dup.dup.dup.dup.dup.dup.dup.dup.dup.dup.dup.dup.dup.dup.dup.dup.dup.dup.dup.dup.dup.dup.dup.dup.dup.dup.dup.dup.dup.dup.dup.dup.dup.dup.dup.json: [Errno 36] File name too long: '/home/mystic/Documentos/Sonora Digital Corp Nuevo/01_Core_Platform/03_Agentic_Infrastructure/Databases/Aztrotech_Citas/leads/prospecto_20260807.done.done.done.done.done.done.dup.dup.dup.dup.dup.dup.dup.dup.dup.dup.dup.dup.dup.dup.dup.dup.dup.dup.dup.dup.dup.dup.dup.dup.dup.dup.dup.dup.dup.dup.dup.dup.dup.dup.dup.dup.dup.dup.dup.dup.dup.dup.dup.dup.dup.dup.dup.dup.dup.dup.json' -> '/home/mystic/Documentos/Sonora Digital Corp Nuevo/01_Core_Platform/03_Agentic_Infrastructure/Databases/Aztrotech_Citas/leads/prospecto_20260807.done.done.done.done.done.done.dup.dup.dup.dup.dup.dup.dup.dup.dup.dup.dup.dup.dup.dup.dup.dup.dup.dup.dup.dup.dup.dup.dup.dup.dup.dup.dup.dup.dup.dup.dup.dup.dup.dup.dup.dup.dup.dup.dup.dup.dup.dup.dup.dup.dup.dup.dup.dup.dup.dup.dup.json'
[INGEST] 0 leads nuevos, 0 duplicados saltados.
[DUP LEAD] prospecto_20260807.done.done.done.done.done.done.dup.dup.dup.dup.dup.dup.dup.dup.dup.dup.dup.dup.dup.dup.dup.dup.dup.dup.dup.dup.dup.dup.dup.dup.dup.dup.dup.dup.dup.dup.dup.dup.dup.dup.dup.dup.dup.dup.dup.dup.dup.dup.dup.dup.dup.dup.dup.dup.dup.dup.json: ya existe cita #4. skip
[LEAD FAIL] prospecto_20260807.done.done.done.done.done.done.dup.dup.dup.dup.dup.dup.dup.dup.dup.dup.dup.dup.dup.dup.dup.dup.dup.dup.dup.dup.dup.dup.dup.dup.dup.dup.dup.dup.dup.dup.dup.dup.dup.dup.dup.dup.dup.dup.dup.dup.dup.dup.dup.dup.dup.dup.dup.dup.dup.dup.json: [Errno 36] File name too long: '/home/mystic/Documentos/Sonora Digital Corp Nuevo/01_Core_Platform/03_Agentic_Infrastructure/Databases/Aztrotech_Citas/leads/prospecto_20260807.done.done.done.done.done.done.dup.dup.dup.dup.dup.dup.dup.dup.dup.dup.dup.dup.dup.dup.dup.dup.dup.dup.dup.dup.dup.dup.dup.dup.dup.dup.dup.dup.dup.dup.dup.dup.dup.dup.dup.dup.dup.dup.dup.dup.dup.dup.dup.dup.dup.dup.dup.dup.dup.dup.json' -> '/home/mystic/Documentos/Sonora Digital Corp Nuevo/01_Core_Platform/03_Agentic_Infrastructure/Databases/Aztrotech_Citas/leads/prospecto_20260807.done.done.done.done.done.done.dup.dup.dup.dup.dup.dup.dup.dup.dup.dup.dup.dup.dup.dup.dup.dup.dup.dup.dup.dup.dup.dup.dup.dup.dup.dup.dup.dup.dup.dup.dup.dup.dup.dup.dup.dup.dup.dup.dup.dup.dup.dup.dup.dup.dup.dup.dup.dup.dup.dup.dup.json'
[INGEST] 0 leads nuevos, 0 duplicados saltados.
[DUP LEAD] prospecto_20260807.done.done.done.done.done.done.dup.dup.dup.dup.dup.dup.dup.dup.dup.dup.dup.dup.dup.dup.dup.dup.dup.dup.dup.dup.dup.dup.dup.dup.dup.dup.dup.dup.dup.dup.dup.dup.dup.dup.dup.dup.dup.dup.dup.dup.dup.dup.dup.dup.dup.dup.dup.dup.dup.dup.json: ya existe cita #4. skip
[LEAD FAIL] prospecto_20260807.done.done.done.done.done.done.dup.dup.dup.dup.dup.dup.dup.dup.dup.dup.dup.dup.dup.dup.dup.dup.dup.dup.dup.dup.dup.dup.dup.dup.dup.dup.dup.dup.dup.dup.dup.dup.dup.dup.dup.dup.dup.dup.dup.dup.dup.dup.dup.dup.dup.dup.dup.dup.dup.dup.json: [Errno 36] File name too long: '/home/mystic/Documentos/Sonora Digital Corp Nuevo/01_Core_Platform/03_Agentic_Infrastructure/Databases/Aztrotech_Citas/leads/prospecto_20260807.done.done.done.done.done.done.dup.dup.dup.dup.dup.dup.dup.dup.dup.dup.dup.dup.dup.dup.dup.dup.dup.dup.dup.dup.dup.dup.dup.dup.dup.dup.dup.dup.dup.dup.dup.dup.dup.dup.dup.dup.dup.dup.dup.dup.dup.dup.dup.dup.dup.dup.dup.dup.dup.dup.json' -> '/home/mystic/Documentos/Sonora Digital Corp Nuevo/01_Core_Platform/03_Agentic_Infrastructure/Databases/Aztrotech_Citas/leads/prospecto_20260807.done.done.done.done.done.done.dup.dup.dup.dup.dup.dup.dup.dup.dup.dup.dup.dup.dup.dup.dup.dup.dup.dup.dup.dup.dup.dup.dup.dup.dup.dup.dup.dup.dup.dup.dup.dup.dup.dup.dup.dup.dup.dup.dup.dup.dup.dup.dup.dup.dup.dup.dup.dup.dup.dup.dup.json'
[INGEST] 0 leads nuevos, 0 duplicados saltados.
[DUP LEAD] prospecto_20260807.done.done.done.done.done.done.dup.dup.dup.dup.dup.dup.dup.dup.dup.dup.dup.dup.dup.dup.dup.dup.dup.dup.dup.dup.dup.dup.dup.dup.dup.dup.dup.dup.dup.dup.dup.dup.dup.dup.dup.dup.dup.dup.dup.dup.dup.dup.dup.dup.dup.dup.dup.dup.dup.dup.json: ya existe cita #4. skip
[LEAD FAIL] prospecto_20260807.done.done.done.done.done.done.dup.dup.dup.dup.dup.dup.dup.dup.dup.dup.dup.dup.dup.dup.dup.dup.dup.dup.dup.dup.dup.dup.dup.dup.dup.dup.dup.dup.dup.dup.dup.dup.dup.dup.dup.dup.dup.dup.dup.dup.dup.dup.dup.dup.dup.dup.dup.dup.dup.dup.json: [Errno 36] File name too long: '/home/mystic/Documentos/Sonora Digital Corp Nuevo/01_Core_Platform/03_Agentic_Infrastructure/Databases/Aztrotech_Citas/leads/prospecto_20260807.done.done.done.done.done.done.dup.dup.dup.dup.dup.dup.dup.dup.dup.dup.dup.dup.dup.dup.dup.dup.dup.dup.dup.dup.dup.dup.dup.dup.dup.dup.dup.dup.dup.dup.dup.dup.dup.dup.dup.dup.dup.dup.dup.dup.dup.dup.dup.dup.dup.dup.dup.dup.dup.dup.json' -> '/home/mystic/Documentos/Sonora Digital Corp Nuevo/01_Core_Platform/03_Agentic_Infrastructure/Databases/Aztrotech_Citas/leads/prospecto_20260807.done.done.done.done.done.done.dup.dup.dup.dup.dup.dup.dup.dup.dup.dup.dup.dup.dup.dup.dup.dup.dup.dup.dup.dup.dup.dup.dup.dup.dup.dup.dup.dup.dup.dup.dup.dup.dup.dup.dup.dup.dup.dup.dup.dup.dup.dup.dup.dup.dup.dup.dup.dup.dup.dup.dup.json'
[INGEST] 0 leads nuevos, 0 duplicados saltados.
[DUP LEAD] prospecto_20260807.done.done.done.done.done.done.dup.dup.dup.dup.dup.dup.dup.dup.dup.dup.dup.dup.dup.dup.dup.dup.dup.dup.dup.dup.dup.dup.dup.dup.dup.dup.dup.dup.dup.dup.dup.dup.dup.dup.dup.dup.dup.dup.dup.dup.dup.dup.dup.dup.dup.dup.dup.dup.dup.dup.json: ya existe cita #4. skip
[LEAD FAIL] prospecto_20260807.done.done.done.done.done.done.dup.dup.dup.dup.dup.dup.dup.dup.dup.dup.dup.dup.dup.dup.dup.dup.dup.dup.dup.dup.dup.dup.dup.dup.dup.dup.dup.dup.dup.dup.dup.dup.dup.dup.dup.dup.dup.dup.dup.dup.dup.dup.dup.dup.dup.dup.dup.dup.dup.dup.json: [Errno 36] File name too long: '/home/mystic/Documentos/Sonora Digital Corp Nuevo/01_Core_Platform/03_Agentic_Infrastructure/Databases/Aztrotech_Citas/leads/prospecto_20260807.done.done.done.done.done.done.dup.dup.dup.dup.dup.dup.dup.dup.dup.dup.dup.dup.dup.dup.dup.dup.dup.dup.dup.dup.dup.dup.dup.dup.dup.dup.dup.dup.dup.dup.dup.dup.dup.dup.dup.dup.dup.dup.dup.dup.dup.dup.dup.dup.dup.dup.dup.dup.dup.dup.json' -> '/home/mystic/Documentos/Sonora Digital Corp Nuevo/01_Core_Platform/03_Agentic_Infrastructure/Databases/Aztrotech_Citas/leads/prospecto_20260807.done.done.done.done.done.done.dup.dup.dup.dup.dup.dup.dup.dup.dup.dup.dup.dup.dup.dup.dup.dup.dup.dup.dup.dup.dup.dup.dup.dup.dup.dup.dup.dup.dup.dup.dup.dup.dup.dup.dup.dup.dup.dup.dup.dup.dup.dup.dup.dup.dup.dup.dup.dup.dup.dup.dup.json'
[INGEST] 0 leads nuevos, 0 duplicados saltados.
[DUP LEAD] prospecto_20260807.done.done.done.done.done.done.dup.dup.dup.dup.dup.dup.dup.dup.dup.dup.dup.dup.dup.dup.dup.dup.dup.dup.dup.dup.dup.dup.dup.dup.dup.dup.dup.dup.dup.dup.dup.dup.dup.dup.dup.dup.dup.dup.dup.dup.dup.dup.dup.dup.dup.dup.dup.dup.dup.dup.json: ya existe cita #4. skip
[LEAD FAIL] prospecto_20260807.done.done.done.done.done.done.dup.dup.dup.dup.dup.dup.dup.dup.dup.dup.dup.dup.dup.dup.dup.dup.dup.dup.dup.dup.dup.dup.dup.dup.dup.dup.dup.dup.dup.dup.dup.dup.dup.dup.dup.dup.dup.dup.dup.dup.dup.dup.dup.dup.dup.dup.dup.dup.dup.dup.json: [Errno 36] File name too long: '/home/mystic/Documentos/Sonora Digital Corp Nuevo/01_Core_Platform/03_Agentic_Infrastructure/Databases/Aztrotech_Citas/leads/prospecto_20260807.done.done.done.done.done.done.dup.dup.dup.dup.dup.dup.dup.dup.dup.dup.dup.dup.dup.dup.dup.dup.dup.dup.dup.dup.dup.dup.dup.dup.dup.dup.dup.dup.dup.dup.dup.dup.dup.dup.dup.dup.dup.dup.dup.dup.dup.dup.dup.dup.dup.dup.dup.dup.dup.dup.json' -> '/home/mystic/Documentos/Sonora Digital Corp Nuevo/01_Core_Platform/03_Agentic_Infrastructure/Databases/Aztrotech_Citas/leads/prospecto_20260807.done.done.done.done.done.done.dup.dup.dup.dup.dup.dup.dup.dup.dup.dup.dup.dup.dup.dup.dup.dup.dup.dup.dup.dup.dup.dup.dup.dup.dup.dup.dup.dup.dup.dup.dup.dup.dup.dup.dup.dup.dup.dup.dup.dup.dup.dup.dup.dup.dup.dup.dup.dup.dup.dup.dup.json'
[INGEST] 0 leads nuevos, 0 duplicados saltados.
[DUP LEAD] prospecto_20260807.done.done.done.done.done.done.dup.dup.dup.dup.dup.dup.dup.dup.dup.dup.dup.dup.dup.dup.dup.dup.dup.dup.dup.dup.dup.dup.dup.dup.dup.dup.dup.dup.dup.dup.dup.dup.dup.dup.dup.dup.dup.dup.dup.dup.dup.dup.dup.dup.dup.dup.dup.dup.dup.dup.json: ya existe cita #4. skip
[LEAD FAIL] prospecto_20260807.done.done.done.done.done.done.dup.dup.dup.dup.dup.dup.dup.dup.dup.dup.dup.dup.dup.dup.dup.dup.dup.dup.dup.dup.dup.dup.dup.dup.dup.dup.dup.dup.dup.dup.dup.dup.dup.dup.dup.dup.dup.dup.dup.dup.dup.dup.dup.dup.dup.dup.dup.dup.dup.dup.json: [Errno 36] File name too long: '/home/mystic/Documentos/Sonora Digital Corp Nuevo/01_Core_Platform/03_Agentic_Infrastructure/Databases/Aztrotech_Citas/leads/prospecto_20260807.done.done.done.done.done.done.dup.dup.dup.dup.dup.dup.dup.dup.dup.dup.dup.dup.dup.dup.dup.dup.dup.dup.dup.dup.dup.dup.dup.dup.dup.dup.dup.dup.dup.dup.dup.dup.dup.dup.dup.dup.dup.dup.dup.dup.dup.dup.dup.dup.dup.dup.dup.dup.dup.dup.json' -> '/home/mystic/Documentos/Sonora Digital Corp Nuevo/01_Core_Platform/03_Agentic_Infrastructure/Databases/Aztrotech_Citas/leads/prospecto_20260807.done.done.done.done.done.done.dup.dup.dup.dup.dup.dup.dup.dup.dup.dup.dup.dup.dup.dup.dup.dup.dup.dup.dup.dup.dup.dup.dup.dup.dup.dup.dup.dup.dup.dup.dup.dup.dup.dup.dup.dup.dup.dup.dup.dup.dup.dup.dup.dup.dup.dup.dup.dup.dup.dup.dup.json'
[INGEST] 0 leads nuevos, 0 duplicados saltados.
[DUP LEAD] prospecto_20260807.done.done.done.done.done.done.dup.dup.dup.dup.dup.dup.dup.dup.dup.dup.dup.dup.dup.dup.dup.dup.dup.dup.dup.dup.dup.dup.dup.dup.dup.dup.dup.dup.dup.dup.dup.dup.dup.dup.dup.dup.dup.dup.dup.dup.dup.dup.dup.dup.dup.dup.dup.dup.dup.dup.json: ya existe cita #4. skip
[LEAD FAIL] prospecto_20260807.done.done.done.done.done.done.dup.dup.dup.dup.dup.dup.dup.dup.dup.dup.dup.dup.dup.dup.dup.dup.dup.dup.dup.dup.dup.dup.dup.dup.dup.dup.dup.dup.dup.dup.dup.dup.dup.dup.dup.dup.dup.dup.dup.dup.dup.dup.dup.dup.dup.dup.dup.dup.dup.dup.json: [Errno 36] File name too long: '/home/mystic/Documentos/Sonora Digital Corp Nuevo/01_Core_Platform/03_Agentic_Infrastructure/Databases/Aztrotech_Citas/leads/prospecto_20260807.done.done.done.done.done.done.dup.dup.dup.dup.dup.dup.dup.dup.dup.dup.dup.dup.dup.dup.dup.dup.dup.dup.dup.dup.dup.dup.dup.dup.dup.dup.dup.dup.dup.dup.dup.dup.dup.dup.dup.dup.dup.dup.dup.dup.dup.dup.dup.dup.dup.dup.dup.dup.dup.dup.json' -> '/home/mystic/Documentos/Sonora Digital Corp Nuevo/01_Core_Platform/03_Agentic_Infrastructure/Databases/Aztrotech_Citas/leads/prospecto_20260807.done.done.done.done.done.done.dup.dup.dup.dup.dup.dup.dup.dup.dup.dup.dup.dup.dup.dup.dup.dup.dup.dup.dup.dup.dup.dup.dup.dup.dup.dup.dup.dup.dup.dup.dup.dup.dup.dup.dup.dup.dup.dup.dup.dup.dup.dup.dup.dup.dup.dup.dup.dup.dup.dup.dup.json'
[INGEST] 0 leads nuevos, 0 duplicados saltados.
[DUP LEAD] prospecto_20260807.done.done.done.done.done.done.dup.dup.dup.dup.dup.dup.dup.dup.dup.dup.dup.dup.dup.dup.dup.dup.dup.dup.dup.dup.dup.dup.dup.dup.dup.dup.dup.dup.dup.dup.dup.dup.dup.dup.dup.dup.dup.dup.dup.dup.dup.dup.dup.dup.dup.dup.dup.dup.dup.dup.json: ya existe cita #4. skip
[LEAD FAIL] prospecto_20260807.done.done.done.done.done.done.dup.dup.dup.dup.dup.dup.dup.dup.dup.dup.dup.dup.dup.dup.dup.dup.dup.dup.dup.dup.dup.dup.dup.dup.dup.dup.dup.dup.dup.dup.dup.dup.dup.dup.dup.dup.dup.dup.dup.dup.dup.dup.dup.dup.dup.dup.dup.dup.dup.dup.json: [Errno 36] File name too long: '/home/mystic/Documentos/Sonora Digital Corp Nuevo/01_Core_Platform/03_Agentic_Infrastructure/Databases/Aztrotech_Citas/leads/prospecto_20260807.done.done.done.done.done.done.dup.dup.dup.dup.dup.dup.dup.dup.dup.dup.dup.dup.dup.dup.dup.dup.dup.dup.dup.dup.dup.dup.dup.dup.dup.dup.dup.dup.dup.dup.dup.dup.dup.dup.dup.dup.dup.dup.dup.dup.dup.dup.dup.dup.dup.dup.dup.dup.dup.dup.json' -> '/home/mystic/Documentos/Sonora Digital Corp Nuevo/01_Core_Platform/03_Agentic_Infrastructure/Databases/Aztrotech_Citas/leads/prospecto_20260807.done.done.done.done.done.done.dup.dup.dup.dup.dup.dup.dup.dup.dup.dup.dup.dup.dup.dup.dup.dup.dup.dup.dup.dup.dup.dup.dup.dup.dup.dup.dup.dup.dup.dup.dup.dup.dup.dup.dup.dup.dup.dup.dup.dup.dup.dup.dup.dup.dup.dup.dup.dup.dup.dup.dup.json'
[INGEST] 0 leads nuevos, 0 duplicados saltados.
[DUP LEAD] prospecto_20260807.done.done.done.done.done.done.dup.dup.dup.dup.dup.dup.dup.dup.dup.dup.dup.dup.dup.dup.dup.dup.dup.dup.dup.dup.dup.dup.dup.dup.dup.dup.dup.dup.dup.dup.dup.dup.dup.dup.dup.dup.dup.dup.dup.dup.dup.dup.dup.dup.dup.dup.dup.dup.dup.dup.json: ya existe cita #4. skip
[LEAD FAIL] prospecto_20260807.done.done.done.done.done.done.dup.dup.dup.dup.dup.dup.dup.dup.dup.dup.dup.dup.dup.dup.dup.dup.dup.dup.dup.dup.dup.dup.dup.dup.dup.dup.dup.dup.dup.dup.dup.dup.dup.dup.dup.dup.dup.dup.dup.dup.dup.dup.dup.dup.dup.dup.dup.dup.dup.dup.json: [Errno 36] File name too long: '/home/mystic/Documentos/Sonora Digital Corp Nuevo/01_Core_Platform/03_Agentic_Infrastructure/Databases/Aztrotech_Citas/leads/prospecto_20260807.done.done.done.done.done.done.dup.dup.dup.dup.dup.dup.dup.dup.dup.dup.dup.dup.dup.dup.dup.dup.dup.dup.dup.dup.dup.dup.dup.dup.dup.dup.dup.dup.dup.dup.dup.dup.dup.dup.dup.dup.dup.dup.dup.dup.dup.dup.dup.dup.dup.dup.dup.dup.dup.dup.json' -> '/home/mystic/Documentos/Sonora Digital Corp Nuevo/01_Core_Platform/03_Agentic_Infrastructure/Databases/Aztrotech_Citas/leads/prospecto_20260807.done.done.done.done.done.done.dup.dup.dup.dup.dup.dup.dup.dup.dup.dup.dup.dup.dup.dup.dup.dup.dup.dup.dup.dup.dup.dup.dup.dup.dup.dup.dup.dup.dup.dup.dup.dup.dup.dup.dup.dup.dup.dup.dup.dup.dup.dup.dup.dup.dup.dup.dup.dup.dup.dup.dup.json'
[INGEST] 0 leads nuevos, 0 duplicados saltados.
[DUP LEAD] prospecto_20260807.done.done.done.done.done.done.dup.dup.dup.dup.dup.dup.dup.dup.dup.dup.dup.dup.dup.dup.dup.dup.dup.dup.dup.dup.dup.dup.dup.dup.dup.dup.dup.dup.dup.dup.dup.dup.dup.dup.dup.dup.dup.dup.dup.dup.dup.dup.dup.dup.dup.dup.dup.dup.dup.dup.json: ya existe cita #4. skip
[LEAD FAIL] prospecto_20260807.done.done.done.done.done.done.dup.dup.dup.dup.dup.dup.dup.dup.dup.dup.dup.dup.dup.dup.dup.dup.dup.dup.dup.dup.dup.dup.dup.dup.dup.dup.dup.dup.dup.dup.dup.dup.dup.dup.dup.dup.dup.dup.dup.dup.dup.dup.dup.dup.dup.dup.dup.dup.dup.dup.json: [Errno 36] File name too long: '/home/mystic/Documentos/Sonora Digital Corp Nuevo/01_Core_Platform/03_Agentic_Infrastructure/Databases/Aztrotech_Citas/leads/prospecto_20260807.done.done.done.done.done.done.dup.dup.dup.dup.dup.dup.dup.dup.dup.dup.dup.dup.dup.dup.dup.dup.dup.dup.dup.dup.dup.dup.dup.dup.dup.dup.dup.dup.dup.dup.dup.dup.dup.dup.dup.dup.dup.dup.dup.dup.dup.dup.dup.dup.dup.dup.dup.dup.dup.dup.json' -> '/home/mystic/Documentos/Sonora Digital Corp Nuevo/01_Core_Platform/03_Agentic_Infrastructure/Databases/Aztrotech_Citas/leads/prospecto_20260807.done.done.done.done.done.done.dup.dup.dup.dup.dup.dup.dup.dup.dup.dup.dup.dup.dup.dup.dup.dup.dup.dup.dup.dup.dup.dup.dup.dup.dup.dup.dup.dup.dup.dup.dup.dup.dup.dup.dup.dup.dup.dup.dup.dup.dup.dup.dup.dup.dup.dup.dup.dup.dup.dup.dup.json'
[INGEST] 0 leads nuevos, 0 duplicados saltados.
[DUP LEAD] prospecto_20260807.done.done.done.done.done.done.dup.dup.dup.dup.dup.dup.dup.dup.dup.dup.dup.dup.dup.dup.dup.dup.dup.dup.dup.dup.dup.dup.dup.dup.dup.dup.dup.dup.dup.dup.dup.dup.dup.dup.dup.dup.dup.dup.dup.dup.dup.dup.dup.dup.dup.dup.dup.dup.dup.dup.json: ya existe cita #4. skip
[LEAD FAIL] prospecto_20260807.done.done.done.done.done.done.dup.dup.dup.dup.dup.dup.dup.dup.dup.dup.dup.dup.dup.dup.dup.dup.dup.dup.dup.dup.dup.dup.dup.dup.dup.dup.dup.dup.dup.dup.dup.dup.dup.dup.dup.dup.dup.dup.dup.dup.dup.dup.dup.dup.dup.dup.dup.dup.dup.dup.json: [Errno 36] File name too long: '/home/mystic/Documentos/Sonora Digital Corp Nuevo/01_Core_Platform/03_Agentic_Infrastructure/Databases/Aztrotech_Citas/leads/prospecto_20260807.done.done.done.done.done.done.dup.dup.dup.dup.dup.dup.dup.dup.dup.dup.dup.dup.dup.dup.dup.dup.dup.dup.dup.dup.dup.dup.dup.dup.dup.dup.dup.dup.dup.dup.dup.dup.dup.dup.dup.dup.dup.dup.dup.dup.dup.dup.dup.dup.dup.dup.dup.dup.dup.dup.json' -> '/home/mystic/Documentos/Sonora Digital Corp Nuevo/01_Core_Platform/03_Agentic_Infrastructure/Databases/Aztrotech_Citas/leads/prospecto_20260807.done.done.done.done.done.done.dup.dup.dup.dup.dup.dup.dup.dup.dup.dup.dup.dup.dup.dup.dup.dup.dup.dup.dup.dup.dup.dup.dup.dup.dup.dup.dup.dup.dup.dup.dup.dup.dup.dup.dup.dup.dup.dup.dup.dup.dup.dup.dup.dup.dup.dup.dup.dup.dup.dup.dup.json'
[INGEST] 0 leads nuevos, 0 duplicados saltados.
[DUP LEAD] prospecto_20260807.done.done.done.done.done.done.dup.dup.dup.dup.dup.dup.dup.dup.dup.dup.dup.dup.dup.dup.dup.dup.dup.dup.dup.dup.dup.dup.dup.dup.dup.dup.dup.dup.dup.dup.dup.dup.dup.dup.dup.dup.dup.dup.dup.dup.dup.dup.dup.dup.dup.dup.dup.dup.dup.dup.json: ya existe cita #4. skip
[LEAD FAIL] prospecto_20260807.done.done.done.done.done.done.dup.dup.dup.dup.dup.dup.dup.dup.dup.dup.dup.dup.dup.dup.dup.dup.dup.dup.dup.dup.dup.dup.dup.dup.dup.dup.dup.dup.dup.dup.dup.dup.dup.dup.dup.dup.dup.dup.dup.dup.dup.dup.dup.dup.dup.dup.dup.dup.dup.dup.json: [Errno 36] File name too long: '/home/mystic/Documentos/Sonora Digital Corp Nuevo/01_Core_Platform/03_Agentic_Infrastructure/Databases/Aztrotech_Citas/leads/prospecto_20260807.done.done.done.done.done.done.dup.dup.dup.dup.dup.dup.dup.dup.dup.dup.dup.dup.dup.dup.dup.dup.dup.dup.dup.dup.dup.dup.dup.dup.dup.dup.dup.dup.dup.dup.dup.dup.dup.dup.dup.dup.dup.dup.dup.dup.dup.dup.dup.dup.dup.dup.dup.dup.dup.dup.json' -> '/home/mystic/Documentos/Sonora Digital Corp Nuevo/01_Core_Platform/03_Agentic_Infrastructure/Databases/Aztrotech_Citas/leads/prospecto_20260807.done.done.done.done.done.done.dup.dup.dup.dup.dup.dup.dup.dup.dup.dup.dup.dup.dup.dup.dup.dup.dup.dup.dup.dup.dup.dup.dup.dup.dup.dup.dup.dup.dup.dup.dup.dup.dup.dup.dup.dup.dup.dup.dup.dup.dup.dup.dup.dup.dup.dup.dup.dup.dup.dup.dup.json'
[INGEST] 0 leads nuevos, 0 duplicados saltados.
[DUP LEAD] prospecto_20260807.done.done.done.done.done.done.dup.dup.dup.dup.dup.dup.dup.dup.dup.dup.dup.dup.dup.dup.dup.dup.dup.dup.dup.dup.dup.dup.dup.dup.dup.dup.dup.dup.dup.dup.dup.dup.dup.dup.dup.dup.dup.dup.dup.dup.dup.dup.dup.dup.dup.dup.dup.dup.dup.dup.json: ya existe cita #4. skip
[LEAD FAIL] prospecto_20260807.done.done.done.done.done.done.dup.dup.dup.dup.dup.dup.dup.dup.dup.dup.dup.dup.dup.dup.dup.dup.dup.dup.dup.dup.dup.dup.dup.dup.dup.dup.dup.dup.dup.dup.dup.dup.dup.dup.dup.dup.dup.dup.dup.dup.dup.dup.dup.dup.dup.dup.dup.dup.dup.dup.json: [Errno 36] File name too long: '/home/mystic/Documentos/Sonora Digital Corp Nuevo/01_Core_Platform/03_Agentic_Infrastructure/Databases/Aztrotech_Citas/leads/prospecto_20260807.done.done.done.done.done.done.dup.dup.dup.dup.dup.dup.dup.dup.dup.dup.dup.dup.dup.dup.dup.dup.dup.dup.dup.dup.dup.dup.dup.dup.dup.dup.dup.dup.dup.dup.dup.dup.dup.dup.dup.dup.dup.dup.dup.dup.dup.dup.dup.dup.dup.dup.dup.dup.dup.dup.json' -> '/home/mystic/Documentos/Sonora Digital Corp Nuevo/01_Core_Platform/03_Agentic_Infrastructure/Databases/Aztrotech_Citas/leads/prospecto_20260807.done.done.done.done.done.done.dup.dup.dup.dup.dup.dup.dup.dup.dup.dup.dup.dup.dup.dup.dup.dup.dup.dup.dup.dup.dup.dup.dup.dup.dup.dup.dup.dup.dup.dup.dup.dup.dup.dup.dup.dup.dup.dup.dup.dup.dup.dup.dup.dup.dup.dup.dup.dup.dup.dup.dup.json'
[INGEST] 0 leads nuevos, 0 duplicados saltados.
[DUP LEAD] prospecto_20260807.done.done.done.done.done.done.dup.dup.dup.dup.dup.dup.dup.dup.dup.dup.dup.dup.dup.dup.dup.dup.dup.dup.dup.dup.dup.dup.dup.dup.dup.dup.dup.dup.dup.dup.dup.dup.dup.dup.dup.dup.dup.dup.dup.dup.dup.dup.dup.dup.dup.dup.dup.dup.dup.dup.json: ya existe cita #4. skip
[LEAD FAIL] prospecto_20260807.done.done.done.done.done.done.dup.dup.dup.dup.dup.dup.dup.dup.dup.dup.dup.dup.dup.dup.dup.dup.dup.dup.dup.dup.dup.dup.dup.dup.dup.dup.dup.dup.dup.dup.dup.dup.dup.dup.dup.dup.dup.dup.dup.dup.dup.dup.dup.dup.dup.dup.dup.dup.dup.dup.json: [Errno 36] File name too long: '/home/mystic/Documentos/Sonora Digital Corp Nuevo/01_Core_Platform/03_Agentic_Infrastructure/Databases/Aztrotech_Citas/leads/prospecto_20260807.done.done.done.done.done.done.dup.dup.dup.dup.dup.dup.dup.dup.dup.dup.dup.dup.dup.dup.dup.dup.dup.dup.dup.dup.dup.dup.dup.dup.dup.dup.dup.dup.dup.dup.dup.dup.dup.dup.dup.dup.dup.dup.dup.dup.dup.dup.dup.dup.dup.dup.dup.dup.dup.dup.json' -> '/home/mystic/Documentos/Sonora Digital Corp Nuevo/01_Core_Platform/03_Agentic_Infrastructure/Databases/Aztrotech_Citas/leads/prospecto_20260807.done.done.done.done.done.done.dup.dup.dup.dup.dup.dup.dup.dup.dup.dup.dup.dup.dup.dup.dup.dup.dup.dup.dup.dup.dup.dup.dup.dup.dup.dup.dup.dup.dup.dup.dup.dup.dup.dup.dup.dup.dup.dup.dup.dup.dup.dup.dup.dup.dup.dup.dup.dup.dup.dup.dup.json'
[INGEST] 0 leads nuevos, 0 duplicados saltados.
[DUP LEAD] prospecto_20260807.done.done.done.done.done.done.dup.dup.dup.dup.dup.dup.dup.dup.dup.dup.dup.dup.dup.dup.dup.dup.dup.dup.dup.dup.dup.dup.dup.dup.dup.dup.dup.dup.dup.dup.dup.dup.dup.dup.dup.dup.dup.dup.dup.dup.dup.dup.dup.dup.dup.dup.dup.dup.dup.dup.json: ya existe cita #4. skip
[LEAD FAIL] prospecto_20260807.done.done.done.done.done.done.dup.dup.dup.dup.dup.dup.dup.dup.dup.dup.dup.dup.dup.dup.dup.dup.dup.dup.dup.dup.dup.dup.dup.dup.dup.dup.dup.dup.dup.dup.dup.dup.dup.dup.dup.dup.dup.dup.dup.dup.dup.dup.dup.dup.dup.dup.dup.dup.dup.dup.json: [Errno 36] File name too long: '/home/mystic/Documentos/Sonora Digital Corp Nuevo/01_Core_Platform/03_Agentic_Infrastructure/Databases/Aztrotech_Citas/leads/prospecto_20260807.done.done.done.done.done.done.dup.dup.dup.dup.dup.dup.dup.dup.dup.dup.dup.dup.dup.dup.dup.dup.dup.dup.dup.dup.dup.dup.dup.dup.dup.dup.dup.dup.dup.dup.dup.dup.dup.dup.dup.dup.dup.dup.dup.dup.dup.dup.dup.dup.dup.dup.dup.dup.dup.dup.json' -> '/home/mystic/Documentos/Sonora Digital Corp Nuevo/01_Core_Platform/03_Agentic_Infrastructure/Databases/Aztrotech_Citas/leads/prospecto_20260807.done.done.done.done.done.done.dup.dup.dup.dup.dup.dup.dup.dup.dup.dup.dup.dup.dup.dup.dup.dup.dup.dup.dup.dup.dup.dup.dup.dup.dup.dup.dup.dup.dup.dup.dup.dup.dup.dup.dup.dup.dup.dup.dup.dup.dup.dup.dup.dup.dup.dup.dup.dup.dup.dup.dup.json'
[INGEST] 0 leads nuevos, 0 duplicados saltados.
[DUP LEAD] prospecto_20260807.done.done.done.done.done.done.dup.dup.dup.dup.dup.dup.dup.dup.dup.dup.dup.dup.dup.dup.dup.dup.dup.dup.dup.dup.dup.dup.dup.dup.dup.dup.dup.dup.dup.dup.dup.dup.dup.dup.dup.dup.dup.dup.dup.dup.dup.dup.dup.dup.dup.dup.dup.dup.dup.dup.json: ya existe cita #4. skip
[LEAD FAIL] prospecto_20260807.done.done.done.done.done.done.dup.dup.dup.dup.dup.dup.dup.dup.dup.dup.dup.dup.dup.dup.dup.dup.dup.dup.dup.dup.dup.dup.dup.dup.dup.dup.dup.dup.dup.dup.dup.dup.dup.dup.dup.dup.dup.dup.dup.dup.dup.dup.dup.dup.dup.dup.dup.dup.dup.dup.json: [Errno 36] File name too long: '/home/mystic/Documentos/Sonora Digital Corp Nuevo/01_Core_Platform/03_Agentic_Infrastructure/Databases/Aztrotech_Citas/leads/prospecto_20260807.done.done.done.done.done.done.dup.dup.dup.dup.dup.dup.dup.dup.dup.dup.dup.dup.dup.dup.dup.dup.dup.dup.dup.dup.dup.dup.dup.dup.dup.dup.dup.dup.dup.dup.dup.dup.dup.dup.dup.dup.dup.dup.dup.dup.dup.dup.dup.dup.dup.dup.dup.dup.dup.dup.json' -> '/home/mystic/Documentos/Sonora Digital Corp Nuevo/01_Core_Platform/03_Agentic_Infrastructure/Databases/Aztrotech_Citas/leads/prospecto_20260807.done.done.done.done.done.done.dup.dup.dup.dup.dup.dup.dup.dup.dup.dup.dup.dup.dup.dup.dup.dup.dup.dup.dup.dup.dup.dup.dup.dup.dup.dup.dup.dup.dup.dup.dup.dup.dup.dup.dup.dup.dup.dup.dup.dup.dup.dup.dup.dup.dup.dup.dup.dup.dup.dup.dup.json'
[INGEST] 0 leads nuevos, 0 duplicados saltados.
[DUP LEAD] prospecto_20260807.done.done.done.done.done.done.dup.dup.dup.dup.dup.dup.dup.dup.dup.dup.dup.dup.dup.dup.dup.dup.dup.dup.dup.dup.dup.dup.dup.dup.dup.dup.dup.dup.dup.dup.dup.dup.dup.dup.dup.dup.dup.dup.dup.dup.dup.dup.dup.dup.dup.dup.dup.dup.dup.dup.json: ya existe cita #4. skip
[LEAD FAIL] prospecto_20260807.done.done.done.done.done.done.dup.dup.dup.dup.dup.dup.dup.dup.dup.dup.dup.dup.dup.dup.dup.dup.dup.dup.dup.dup.dup.dup.dup.dup.dup.dup.dup.dup.dup.dup.dup.dup.dup.dup.dup.dup.dup.dup.dup.dup.dup.dup.dup.dup.dup.dup.dup.dup.dup.dup.json: [Errno 36] File name too long: '/home/mystic/Documentos/Sonora Digital Corp Nuevo/01_Core_Platform/03_Agentic_Infrastructure/Databases/Aztrotech_Citas/leads/prospecto_20260807.done.done.done.done.done.done.dup.dup.dup.dup.dup.dup.dup.dup.dup.dup.dup.dup.dup.dup.dup.dup.dup.dup.dup.dup.dup.dup.dup.dup.dup.dup.dup.dup.dup.dup.dup.dup.dup.dup.dup.dup.dup.dup.dup.dup.dup.dup.dup.dup.dup.dup.dup.dup.dup.dup.json' -> '/home/mystic/Documentos/Sonora Digital Corp Nuevo/01_Core_Platform/03_Agentic_Infrastructure/Databases/Aztrotech_Citas/leads/prospecto_20260807.done.done.done.done.done.done.dup.dup.dup.dup.dup.dup.dup.dup.dup.dup.dup.dup.dup.dup.dup.dup.dup.dup.dup.dup.dup.dup.dup.dup.dup.dup.dup.dup.dup.dup.dup.dup.dup.dup.dup.dup.dup.dup.dup.dup.dup.dup.dup.dup.dup.dup.dup.dup.dup.dup.dup.json'
[INGEST] 0 leads nuevos, 0 duplicados saltados.
[DUP LEAD] prospecto_20260807.done.done.done.done.done.done.dup.dup.dup.dup.dup.dup.dup.dup.dup.dup.dup.dup.dup.dup.dup.dup.dup.dup.dup.dup.dup.dup.dup.dup.dup.dup.dup.dup.dup.dup.dup.dup.dup.dup.dup.dup.dup.dup.dup.dup.dup.dup.dup.dup.dup.dup.dup.dup.dup.dup.json: ya existe cita #4. skip
[LEAD FAIL] prospecto_20260807.done.done.done.done.done.done.dup.dup.dup.dup.dup.dup.dup.dup.dup.dup.dup.dup.dup.dup.dup.dup.dup.dup.dup.dup.dup.dup.dup.dup.dup.dup.dup.dup.dup.dup.dup.dup.dup.dup.dup.dup.dup.dup.dup.dup.dup.dup.dup.dup.dup.dup.dup.dup.dup.dup.json: [Errno 36] File name too long: '/home/mystic/Documentos/Sonora Digital Corp Nuevo/01_Core_Platform/03_Agentic_Infrastructure/Databases/Aztrotech_Citas/leads/prospecto_20260807.done.done.done.done.done.done.dup.dup.dup.dup.dup.dup.dup.dup.dup.dup.dup.dup.dup.dup.dup.dup.dup.dup.dup.dup.dup.dup.dup.dup.dup.dup.dup.dup.dup.dup.dup.dup.dup.dup.dup.dup.dup.dup.dup.dup.dup.dup.dup.dup.dup.dup.dup.dup.dup.dup.json' -> '/home/mystic/Documentos/Sonora Digital Corp Nuevo/01_Core_Platform/03_Agentic_Infrastructure/Databases/Aztrotech_Citas/leads/prospecto_20260807.done.done.done.done.done.done.dup.dup.dup.dup.dup.dup.dup.dup.dup.dup.dup.dup.dup.dup.dup.dup.dup.dup.dup.dup.dup.dup.dup.dup.dup.dup.dup.dup.dup.dup.dup.dup.dup.dup.dup.dup.dup.dup.dup.dup.dup.dup.dup.dup.dup.dup.dup.dup.dup.dup.dup.json'
[INGEST] 0 leads nuevos, 0 duplicados saltados.
[DUP LEAD] prospecto_20260807.done.done.done.done.done.done.dup.dup.dup.dup.dup.dup.dup.dup.dup.dup.dup.dup.dup.dup.dup.dup.dup.dup.dup.dup.dup.dup.dup.dup.dup.dup.dup.dup.dup.dup.dup.dup.dup.dup.dup.dup.dup.dup.dup.dup.dup.dup.dup.dup.dup.dup.dup.dup.dup.dup.json: ya existe cita #4. skip
[LEAD FAIL] prospecto_20260807.done.done.done.done.done.done.dup.dup.dup.dup.dup.dup.dup.dup.dup.dup.dup.dup.dup.dup.dup.dup.dup.dup.dup.dup.dup.dup.dup.dup.dup.dup.dup.dup.dup.dup.dup.dup.dup.dup.dup.dup.dup.dup.dup.dup.dup.dup.dup.dup.dup.dup.dup.dup.dup.dup.json: [Errno 36] File name too long: '/home/mystic/Documentos/Sonora Digital Corp Nuevo/01_Core_Platform/03_Agentic_Infrastructure/Databases/Aztrotech_Citas/leads/prospecto_20260807.done.done.done.done.done.done.dup.dup.dup.dup.dup.dup.dup.dup.dup.dup.dup.dup.dup.dup.dup.dup.dup.dup.dup.dup.dup.dup.dup.dup.dup.dup.dup.dup.dup.dup.dup.dup.dup.dup.dup.dup.dup.dup.dup.dup.dup.dup.dup.dup.dup.dup.dup.dup.dup.dup.json' -> '/home/mystic/Documentos/Sonora Digital Corp Nuevo/01_Core_Platform/03_Agentic_Infrastructure/Databases/Aztrotech_Citas/leads/prospecto_20260807.done.done.done.done.done.done.dup.dup.dup.dup.dup.dup.dup.dup.dup.dup.dup.dup.dup.dup.dup.dup.dup.dup.dup.dup.dup.dup.dup.dup.dup.dup.dup.dup.dup.dup.dup.dup.dup.dup.dup.dup.dup.dup.dup.dup.dup.dup.dup.dup.dup.dup.dup.dup.dup.dup.dup.json'
[INGEST] 0 leads nuevos, 0 duplicados saltados.
[DUP LEAD] prospecto_20260807.done.done.done.done.done.done.dup.dup.dup.dup.dup.dup.dup.dup.dup.dup.dup.dup.dup.dup.dup.dup.dup.dup.dup.dup.dup.dup.dup.dup.dup.dup.dup.dup.dup.dup.dup.dup.dup.dup.dup.dup.dup.dup.dup.dup.dup.dup.dup.dup.dup.dup.dup.dup.dup.dup.json: ya existe cita #4. skip
[LEAD FAIL] prospecto_20260807.done.done.done.done.done.done.dup.dup.dup.dup.dup.dup.dup.dup.dup.dup.dup.dup.dup.dup.dup.dup.dup.dup.dup.dup.dup.dup.dup.dup.dup.dup.dup.dup.dup.dup.dup.dup.dup.dup.dup.dup.dup.dup.dup.dup.dup.dup.dup.dup.dup.dup.dup.dup.dup.dup.json: [Errno 36] File name too long: '/home/mystic/Documentos/Sonora Digital Corp Nuevo/01_Core_Platform/03_Agentic_Infrastructure/Databases/Aztrotech_Citas/leads/prospecto_20260807.done.done.done.done.done.done.dup.dup.dup.dup.dup.dup.dup.dup.dup.dup.dup.dup.dup.dup.dup.dup.dup.dup.dup.dup.dup.dup.dup.dup.dup.dup.dup.dup.dup.dup.dup.dup.dup.dup.dup.dup.dup.dup.dup.dup.dup.dup.dup.dup.dup.dup.dup.dup.dup.dup.json' -> '/home/mystic/Documentos/Sonora Digital Corp Nuevo/01_Core_Platform/03_Agentic_Infrastructure/Databases/Aztrotech_Citas/leads/prospecto_20260807.done.done.done.done.done.done.dup.dup.dup.dup.dup.dup.dup.dup.dup.dup.dup.dup.dup.dup.dup.dup.dup.dup.dup.dup.dup.dup.dup.dup.dup.dup.dup.dup.dup.dup.dup.dup.dup.dup.dup.dup.dup.dup.dup.dup.dup.dup.dup.dup.dup.dup.dup.dup.dup.dup.dup.json'
[INGEST] 0 leads nuevos, 0 duplicados saltados.
[DUP LEAD] prospecto_20260807.done.done.done.done.done.done.dup.dup.dup.dup.dup.dup.dup.dup.dup.dup.dup.dup.dup.dup.dup.dup.dup.dup.dup.dup.dup.dup.dup.dup.dup.dup.dup.dup.dup.dup.dup.dup.dup.dup.dup.dup.dup.dup.dup.dup.dup.dup.dup.dup.dup.dup.dup.dup.dup.dup.json: ya existe cita #4. skip
[LEAD FAIL] prospecto_20260807.done.done.done.done.done.done.dup.dup.dup.dup.dup.dup.dup.dup.dup.dup.dup.dup.dup.dup.dup.dup.dup.dup.dup.dup.dup.dup.dup.dup.dup.dup.dup.dup.dup.dup.dup.dup.dup.dup.dup.dup.dup.dup.dup.dup.dup.dup.dup.dup.dup.dup.dup.dup.dup.dup.json: [Errno 36] File name too long: '/home/mystic/Documentos/Sonora Digital Corp Nuevo/01_Core_Platform/03_Agentic_Infrastructure/Databases/Aztrotech_Citas/leads/prospecto_20260807.done.done.done.done.done.done.dup.dup.dup.dup.dup.dup.dup.dup.dup.dup.dup.dup.dup.dup.dup.dup.dup.dup.dup.dup.dup.dup.dup.dup.dup.dup.dup.dup.dup.dup.dup.dup.dup.dup.dup.dup.dup.dup.dup.dup.dup.dup.dup.dup.dup.dup.dup.dup.dup.dup.json' -> '/home/mystic/Documentos/Sonora Digital Corp Nuevo/01_Core_Platform/03_Agentic_Infrastructure/Databases/Aztrotech_Citas/leads/prospecto_20260807.done.done.done.done.done.done.dup.dup.dup.dup.dup.dup.dup.dup.dup.dup.dup.dup.dup.dup.dup.dup.dup.dup.dup.dup.dup.dup.dup.dup.dup.dup.dup.dup.dup.dup.dup.dup.dup.dup.dup.dup.dup.dup.dup.dup.dup.dup.dup.dup.dup.dup.dup.dup.dup.dup.dup.json'
[INGEST] 0 leads nuevos, 0 duplicados saltados.
[DUP LEAD] prospecto_20260807.done.done.done.done.done.done.dup.dup.dup.dup.dup.dup.dup.dup.dup.dup.dup.dup.dup.dup.dup.dup.dup.dup.dup.dup.dup.dup.dup.dup.dup.dup.dup.dup.dup.dup.dup.dup.dup.dup.dup.dup.dup.dup.dup.dup.dup.dup.dup.dup.dup.dup.dup.dup.dup.dup.json: ya existe cita #4. skip
[LEAD FAIL] prospecto_20260807.done.done.done.done.done.done.dup.dup.dup.dup.dup.dup.dup.dup.dup.dup.dup.dup.dup.dup.dup.dup.dup.dup.dup.dup.dup.dup.dup.dup.dup.dup.dup.dup.dup.dup.dup.dup.dup.dup.dup.dup.dup.dup.dup.dup.dup.dup.dup.dup.dup.dup.dup.dup.dup.dup.json: [Errno 36] File name too long: '/home/mystic/Documentos/Sonora Digital Corp Nuevo/01_Core_Platform/03_Agentic_Infrastructure/Databases/Aztrotech_Citas/leads/prospecto_20260807.done.done.done.done.done.done.dup.dup.dup.dup.dup.dup.dup.dup.dup.dup.dup.dup.dup.dup.dup.dup.dup.dup.dup.dup.dup.dup.dup.dup.dup.dup.dup.dup.dup.dup.dup.dup.dup.dup.dup.dup.dup.dup.dup.dup.dup.dup.dup.dup.dup.dup.dup.dup.dup.dup.json' -> '/home/mystic/Documentos/Sonora Digital Corp Nuevo/01_Core_Platform/03_Agentic_Infrastructure/Databases/Aztrotech_Citas/leads/prospecto_20260807.done.done.done.done.done.done.dup.dup.dup.dup.dup.dup.dup.dup.dup.dup.dup.dup.dup.dup.dup.dup.dup.dup.dup.dup.dup.dup.dup.dup.dup.dup.dup.dup.dup.dup.dup.dup.dup.dup.dup.dup.dup.dup.dup.dup.dup.dup.dup.dup.dup.dup.dup.dup.dup.dup.dup.json'
[INGEST] 0 leads nuevos, 0 duplicados saltados.
[DUP LEAD] prospecto_20260807.done.done.done.done.done.done.dup.dup.dup.dup.dup.dup.dup.dup.dup.dup.dup.dup.dup.dup.dup.dup.dup.dup.dup.dup.dup.dup.dup.dup.dup.dup.dup.dup.dup.dup.dup.dup.dup.dup.dup.dup.dup.dup.dup.dup.dup.dup.dup.dup.dup.dup.dup.dup.dup.dup.json: ya existe cita #4. skip
[LEAD FAIL] prospecto_20260807.done.done.done.done.done.done.dup.dup.dup.dup.dup.dup.dup.dup.dup.dup.dup.dup.dup.dup.dup.dup.dup.dup.dup.dup.dup.dup.dup.dup.dup.dup.dup.dup.dup.dup.dup.dup.dup.dup.dup.dup.dup.dup.dup.dup.dup.dup.dup.dup.dup.dup.dup.dup.dup.dup.json: [Errno 36] File name too long: '/home/mystic/Documentos/Sonora Digital Corp Nuevo/01_Core_Platform/03_Agentic_Infrastructure/Databases/Aztrotech_Citas/leads/prospecto_20260807.done.done.done.done.done.done.dup.dup.dup.dup.dup.dup.dup.dup.dup.dup.dup.dup.dup.dup.dup.dup.dup.dup.dup.dup.dup.dup.dup.dup.dup.dup.dup.dup.dup.dup.dup.dup.dup.dup.dup.dup.dup.dup.dup.dup.dup.dup.dup.dup.dup.dup.dup.dup.dup.dup.json' -> '/home/mystic/Documentos/Sonora Digital Corp Nuevo/01_Core_Platform/03_Agentic_Infrastructure/Databases/Aztrotech_Citas/leads/prospecto_20260807.done.done.done.done.done.done.dup.dup.dup.dup.dup.dup.dup.dup.dup.dup.dup.dup.dup.dup.dup.dup.dup.dup.dup.dup.dup.dup.dup.dup.dup.dup.dup.dup.dup.dup.dup.dup.dup.dup.dup.dup.dup.dup.dup.dup.dup.dup.dup.dup.dup.dup.dup.dup.dup.dup.dup.json'
[INGEST] 0 leads nuevos, 0 duplicados saltados.
[DUP LEAD] prospecto_20260807.done.done.done.done.done.done.dup.dup.dup.dup.dup.dup.dup.dup.dup.dup.dup.dup.dup.dup.dup.dup.dup.dup.dup.dup.dup.dup.dup.dup.dup.dup.dup.dup.dup.dup.dup.dup.dup.dup.dup.dup.dup.dup.dup.dup.dup.dup.dup.dup.dup.dup.dup.dup.dup.dup.json: ya existe cita #4. skip
[LEAD FAIL] prospecto_20260807.done.done.done.done.done.done.dup.dup.dup.dup.dup.dup.dup.dup.dup.dup.dup.dup.dup.dup.dup.dup.dup.dup.dup.dup.dup.dup.dup.dup.dup.dup.dup.dup.dup.dup.dup.dup.dup.dup.dup.dup.dup.dup.dup.dup.dup.dup.dup.dup.dup.dup.dup.dup.dup.dup.json: [Errno 36] File name too long: '/home/mystic/Documentos/Sonora Digital Corp Nuevo/01_Core_Platform/03_Agentic_Infrastructure/Databases/Aztrotech_Citas/leads/prospecto_20260807.done.done.done.done.done.done.dup.dup.dup.dup.dup.dup.dup.dup.dup.dup.dup.dup.dup.dup.dup.dup.dup.dup.dup.dup.dup.dup.dup.dup.dup.dup.dup.dup.dup.dup.dup.dup.dup.dup.dup.dup.dup.dup.dup.dup.dup.dup.dup.dup.dup.dup.dup.dup.dup.dup.json' -> '/home/mystic/Documentos/Sonora Digital Corp Nuevo/01_Core_Platform/03_Agentic_Infrastructure/Databases/Aztrotech_Citas/leads/prospecto_20260807.done.done.done.done.done.done.dup.dup.dup.dup.dup.dup.dup.dup.dup.dup.dup.dup.dup.dup.dup.dup.dup.dup.dup.dup.dup.dup.dup.dup.dup.dup.dup.dup.dup.dup.dup.dup.dup.dup.dup.dup.dup.dup.dup.dup.dup.dup.dup.dup.dup.dup.dup.dup.dup.dup.dup.json'
[INGEST] 0 leads nuevos, 0 duplicados saltados.
[DUP LEAD] prospecto_20260807.done.done.done.done.done.done.dup.dup.dup.dup.dup.dup.dup.dup.dup.dup.dup.dup.dup.dup.dup.dup.dup.dup.dup.dup.dup.dup.dup.dup.dup.dup.dup.dup.dup.dup.dup.dup.dup.dup.dup.dup.dup.dup.dup.dup.dup.dup.dup.dup.dup.dup.dup.dup.dup.dup.json: ya existe cita #4. skip
[LEAD FAIL] prospecto_20260807.done.done.done.done.done.done.dup.dup.dup.dup.dup.dup.dup.dup.dup.dup.dup.dup.dup.dup.dup.dup.dup.dup.dup.dup.dup.dup.dup.dup.dup.dup.dup.dup.dup.dup.dup.dup.dup.dup.dup.dup.dup.dup.dup.dup.dup.dup.dup.dup.dup.dup.dup.dup.dup.dup.json: [Errno 36] File name too long: '/home/mystic/Documentos/Sonora Digital Corp Nuevo/01_Core_Platform/03_Agentic_Infrastructure/Databases/Aztrotech_Citas/leads/prospecto_20260807.done.done.done.done.done.done.dup.dup.dup.dup.dup.dup.dup.dup.dup.dup.dup.dup.dup.dup.dup.dup.dup.dup.dup.dup.dup.dup.dup.dup.dup.dup.dup.dup.dup.dup.dup.dup.dup.dup.dup.dup.dup.dup.dup.dup.dup.dup.dup.dup.dup.dup.dup.dup.dup.dup.json' -> '/home/mystic/Documentos/Sonora Digital Corp Nuevo/01_Core_Platform/03_Agentic_Infrastructure/Databases/Aztrotech_Citas/leads/prospecto_20260807.done.done.done.done.done.done.dup.dup.dup.dup.dup.dup.dup.dup.dup.dup.dup.dup.dup.dup.dup.dup.dup.dup.dup.dup.dup.dup.dup.dup.dup.dup.dup.dup.dup.dup.dup.dup.dup.dup.dup.dup.dup.dup.dup.dup.dup.dup.dup.dup.dup.dup.dup.dup.dup.dup.dup.json'
[INGEST] 0 leads nuevos, 0 duplicados saltados.
[DUP LEAD] prospecto_20260807.done.done.done.done.done.done.dup.dup.dup.dup.dup.dup.dup.dup.dup.dup.dup.dup.dup.dup.dup.dup.dup.dup.dup.dup.dup.dup.dup.dup.dup.dup.dup.dup.dup.dup.dup.dup.dup.dup.dup.dup.dup.dup.dup.dup.dup.dup.dup.dup.dup.dup.dup.dup.dup.dup.json: ya existe cita #4. skip
[LEAD FAIL] prospecto_20260807.done.done.done.done.done.done.dup.dup.dup.dup.dup.dup.dup.dup.dup.dup.dup.dup.dup.dup.dup.dup.dup.dup.dup.dup.dup.dup.dup.dup.dup.dup.dup.dup.dup.dup.dup.dup.dup.dup.dup.dup.dup.dup.dup.dup.dup.dup.dup.dup.dup.dup.dup.dup.dup.dup.json: [Errno 36] File name too long: '/home/mystic/Documentos/Sonora Digital Corp Nuevo/01_Core_Platform/03_Agentic_Infrastructure/Databases/Aztrotech_Citas/leads/prospecto_20260807.done.done.done.done.done.done.dup.dup.dup.dup.dup.dup.dup.dup.dup.dup.dup.dup.dup.dup.dup.dup.dup.dup.dup.dup.dup.dup.dup.dup.dup.dup.dup.dup.dup.dup.dup.dup.dup.dup.dup.dup.dup.dup.dup.dup.dup.dup.dup.dup.dup.dup.dup.dup.dup.dup.json' -> '/home/mystic/Documentos/Sonora Digital Corp Nuevo/01_Core_Platform/03_Agentic_Infrastructure/Databases/Aztrotech_Citas/leads/prospecto_20260807.done.done.done.done.done.done.dup.dup.dup.dup.dup.dup.dup.dup.dup.dup.dup.dup.dup.dup.dup.dup.dup.dup.dup.dup.dup.dup.dup.dup.dup.dup.dup.dup.dup.dup.dup.dup.dup.dup.dup.dup.dup.dup.dup.dup.dup.dup.dup.dup.dup.dup.dup.dup.dup.dup.dup.json'
[INGEST] 0 leads nuevos, 0 duplicados saltados.
[DUP LEAD] prospecto_20260807.done.done.done.done.done.done.dup.dup.dup.dup.dup.dup.dup.dup.dup.dup.dup.dup.dup.dup.dup.dup.dup.dup.dup.dup.dup.dup.dup.dup.dup.dup.dup.dup.dup.dup.dup.dup.dup.dup.dup.dup.dup.dup.dup.dup.dup.dup.dup.dup.dup.dup.dup.dup.dup.dup.json: ya existe cita #4. skip
[LEAD FAIL] prospecto_20260807.done.done.done.done.done.done.dup.dup.dup.dup.dup.dup.dup.dup.dup.dup.dup.dup.dup.dup.dup.dup.dup.dup.dup.dup.dup.dup.dup.dup.dup.dup.dup.dup.dup.dup.dup.dup.dup.dup.dup.dup.dup.dup.dup.dup.dup.dup.dup.dup.dup.dup.dup.dup.dup.dup.json: [Errno 36] File name too long: '/home/mystic/Documentos/Sonora Digital Corp Nuevo/01_Core_Platform/03_Agentic_Infrastructure/Databases/Aztrotech_Citas/leads/prospecto_20260807.done.done.done.done.done.done.dup.dup.dup.dup.dup.dup.dup.dup.dup.dup.dup.dup.dup.dup.dup.dup.dup.dup.dup.dup.dup.dup.dup.dup.dup.dup.dup.dup.dup.dup.dup.dup.dup.dup.dup.dup.dup.dup.dup.dup.dup.dup.dup.dup.dup.dup.dup.dup.dup.dup.json' -> '/home/mystic/Documentos/Sonora Digital Corp Nuevo/01_Core_Platform/03_Agentic_Infrastructure/Databases/Aztrotech_Citas/leads/prospecto_20260807.done.done.done.done.done.done.dup.dup.dup.dup.dup.dup.dup.dup.dup.dup.dup.dup.dup.dup.dup.dup.dup.dup.dup.dup.dup.dup.dup.dup.dup.dup.dup.dup.dup.dup.dup.dup.dup.dup.dup.dup.dup.dup.dup.dup.dup.dup.dup.dup.dup.dup.dup.dup.dup.dup.dup.json'
[INGEST] 0 leads nuevos, 0 duplicados saltados.
[DUP LEAD] prospecto_20260807.done.done.done.done.done.done.dup.dup.dup.dup.dup.dup.dup.dup.dup.dup.dup.dup.dup.dup.dup.dup.dup.dup.dup.dup.dup.dup.dup.dup.dup.dup.dup.dup.dup.dup.dup.dup.dup.dup.dup.dup.dup.dup.dup.dup.dup.dup.dup.dup.dup.dup.dup.dup.dup.dup.json: ya existe cita #4. skip
[LEAD FAIL] prospecto_20260807.done.done.done.done.done.done.dup.dup.dup.dup.dup.dup.dup.dup.dup.dup.dup.dup.dup.dup.dup.dup.dup.dup.dup.dup.dup.dup.dup.dup.dup.dup.dup.dup.dup.dup.dup.dup.dup.dup.dup.dup.dup.dup.dup.dup.dup.dup.dup.dup.dup.dup.dup.dup.dup.dup.json: [Errno 36] File name too long: '/home/mystic/Documentos/Sonora Digital Corp Nuevo/01_Core_Platform/03_Agentic_Infrastructure/Databases/Aztrotech_Citas/leads/prospecto_20260807.done.done.done.done.done.done.dup.dup.dup.dup.dup.dup.dup.dup.dup.dup.dup.dup.dup.dup.dup.dup.dup.dup.dup.dup.dup.dup.dup.dup.dup.dup.dup.dup.dup.dup.dup.dup.dup.dup.dup.dup.dup.dup.dup.dup.dup.dup.dup.dup.dup.dup.dup.dup.dup.dup.json' -> '/home/mystic/Documentos/Sonora Digital Corp Nuevo/01_Core_Platform/03_Agentic_Infrastructure/Databases/Aztrotech_Citas/leads/prospecto_20260807.done.done.done.done.done.done.dup.dup.dup.dup.dup.dup.dup.dup.dup.dup.dup.dup.dup.dup.dup.dup.dup.dup.dup.dup.dup.dup.dup.dup.dup.dup.dup.dup.dup.dup.dup.dup.dup.dup.dup.dup.dup.dup.dup.dup.dup.dup.dup.dup.dup.dup.dup.dup.dup.dup.dup.json'
[INGEST] 0 leads nuevos, 0 duplicados saltados.
[DUP LEAD] prospecto_20260807.done.done.done.done.done.done.dup.dup.dup.dup.dup.dup.dup.dup.dup.dup.dup.dup.dup.dup.dup.dup.dup.dup.dup.dup.dup.dup.dup.dup.dup.dup.dup.dup.dup.dup.dup.dup.dup.dup.dup.dup.dup.dup.dup.dup.dup.dup.dup.dup.dup.dup.dup.dup.dup.dup.json: ya existe cita #4. skip
[LEAD FAIL] prospecto_20260807.done.done.done.done.done.done.dup.dup.dup.dup.dup.dup.dup.dup.dup.dup.dup.dup.dup.dup.dup.dup.dup.dup.dup.dup.dup.dup.dup.dup.dup.dup.dup.dup.dup.dup.dup.dup.dup.dup.dup.dup.dup.dup.dup.dup.dup.dup.dup.dup.dup.dup.dup.dup.dup.dup.json: [Errno 36] File name too long: '/home/mystic/Documentos/Sonora Digital Corp Nuevo/01_Core_Platform/03_Agentic_Infrastructure/Databases/Aztrotech_Citas/leads/prospecto_20260807.done.done.done.done.done.done.dup.dup.dup.dup.dup.dup.dup.dup.dup.dup.dup.dup.dup.dup.dup.dup.dup.dup.dup.dup.dup.dup.dup.dup.dup.dup.dup.dup.dup.dup.dup.dup.dup.dup.dup.dup.dup.dup.dup.dup.dup.dup.dup.dup.dup.dup.dup.dup.dup.dup.json' -> '/home/mystic/Documentos/Sonora Digital Corp Nuevo/01_Core_Platform/03_Agentic_Infrastructure/Databases/Aztrotech_Citas/leads/prospecto_20260807.done.done.done.done.done.done.dup.dup.dup.dup.dup.dup.dup.dup.dup.dup.dup.dup.dup.dup.dup.dup.dup.dup.dup.dup.dup.dup.dup.dup.dup.dup.dup.dup.dup.dup.dup.dup.dup.dup.dup.dup.dup.dup.dup.dup.dup.dup.dup.dup.dup.dup.dup.dup.dup.dup.dup.json'
[INGEST] 0 leads nuevos, 0 duplicados saltados.
[DUP LEAD] prospecto_20260807.done.done.done.done.done.done.dup.dup.dup.dup.dup.dup.dup.dup.dup.dup.dup.dup.dup.dup.dup.dup.dup.dup.dup.dup.dup.dup.dup.dup.dup.dup.dup.dup.dup.dup.dup.dup.dup.dup.dup.dup.dup.dup.dup.dup.dup.dup.dup.dup.dup.dup.dup.dup.dup.dup.json: ya existe cita #4. skip
[LEAD FAIL] prospecto_20260807.done.done.done.done.done.done.dup.dup.dup.dup.dup.dup.dup.dup.dup.dup.dup.dup.dup.dup.dup.dup.dup.dup.dup.dup.dup.dup.dup.dup.dup.dup.dup.dup.dup.dup.dup.dup.dup.dup.dup.dup.dup.dup.dup.dup.dup.dup.dup.dup.dup.dup.dup.dup.dup.dup.json: [Errno 36] File name too long: '/home/mystic/Documentos/Sonora Digital Corp Nuevo/01_Core_Platform/03_Agentic_Infrastructure/Databases/Aztrotech_Citas/leads/prospecto_20260807.done.done.done.done.done.done.dup.dup.dup.dup.dup.dup.dup.dup.dup.dup.dup.dup.dup.dup.dup.dup.dup.dup.dup.dup.dup.dup.dup.dup.dup.dup.dup.dup.dup.dup.dup.dup.dup.dup.dup.dup.dup.dup.dup.dup.dup.dup.dup.dup.dup.dup.dup.dup.dup.dup.json' -> '/home/mystic/Documentos/Sonora Digital Corp Nuevo/01_Core_Platform/03_Agentic_Infrastructure/Databases/Aztrotech_Citas/leads/prospecto_20260807.done.done.done.done.done.done.dup.dup.dup.dup.dup.dup.dup.dup.dup.dup.dup.dup.dup.dup.dup.dup.dup.dup.dup.dup.dup.dup.dup.dup.dup.dup.dup.dup.dup.dup.dup.dup.dup.dup.dup.dup.dup.dup.dup.dup.dup.dup.dup.dup.dup.dup.dup.dup.dup.dup.dup.json'
[INGEST] 0 leads nuevos, 0 duplicados saltados.
[DUP LEAD] prospecto_20260807.done.done.done.done.done.done.dup.dup.dup.dup.dup.dup.dup.dup.dup.dup.dup.dup.dup.dup.dup.dup.dup.dup.dup.dup.dup.dup.dup.dup.dup.dup.dup.dup.dup.dup.dup.dup.dup.dup.dup.dup.dup.dup.dup.dup.dup.dup.dup.dup.dup.dup.dup.dup.dup.dup.json: ya existe cita #4. skip
[LEAD FAIL] prospecto_20260807.done.done.done.done.done.done.dup.dup.dup.dup.dup.dup.dup.dup.dup.dup.dup.dup.dup.dup.dup.dup.dup.dup.dup.dup.dup.dup.dup.dup.dup.dup.dup.dup.dup.dup.dup.dup.dup.dup.dup.dup.dup.dup.dup.dup.dup.dup.dup.dup.dup.dup.dup.dup.dup.dup.json: [Errno 36] File name too long: '/home/mystic/Documentos/Sonora Digital Corp Nuevo/01_Core_Platform/03_Agentic_Infrastructure/Databases/Aztrotech_Citas/leads/prospecto_20260807.done.done.done.done.done.done.dup.dup.dup.dup.dup.dup.dup.dup.dup.dup.dup.dup.dup.dup.dup.dup.dup.dup.dup.dup.dup.dup.dup.dup.dup.dup.dup.dup.dup.dup.dup.dup.dup.dup.dup.dup.dup.dup.dup.dup.dup.dup.dup.dup.dup.dup.dup.dup.dup.dup.json' -> '/home/mystic/Documentos/Sonora Digital Corp Nuevo/01_Core_Platform/03_Agentic_Infrastructure/Databases/Aztrotech_Citas/leads/prospecto_20260807.done.done.done.done.done.done.dup.dup.dup.dup.dup.dup.dup.dup.dup.dup.dup.dup.dup.dup.dup.dup.dup.dup.dup.dup.dup.dup.dup.dup.dup.dup.dup.dup.dup.dup.dup.dup.dup.dup.dup.dup.dup.dup.dup.dup.dup.dup.dup.dup.dup.dup.dup.dup.dup.dup.dup.json'
[INGEST] 0 leads nuevos, 0 duplicados saltados.
[DUP LEAD] prospecto_20260807.done.done.done.done.done.done.dup.dup.dup.dup.dup.dup.dup.dup.dup.dup.dup.dup.dup.dup.dup.dup.dup.dup.dup.dup.dup.dup.dup.dup.dup.dup.dup.dup.dup.dup.dup.dup.dup.dup.dup.dup.dup.dup.dup.dup.dup.dup.dup.dup.dup.dup.dup.dup.dup.dup.json: ya existe cita #4. skip
[LEAD FAIL] prospecto_20260807.done.done.done.done.done.done.dup.dup.dup.dup.dup.dup.dup.dup.dup.dup.dup.dup.dup.dup.dup.dup.dup.dup.dup.dup.dup.dup.dup.dup.dup.dup.dup.dup.dup.dup.dup.dup.dup.dup.dup.dup.dup.dup.dup.dup.dup.dup.dup.dup.dup.dup.dup.dup.dup.dup.json: [Errno 36] File name too long: '/home/mystic/Documentos/Sonora Digital Corp Nuevo/01_Core_Platform/03_Agentic_Infrastructure/Databases/Aztrotech_Citas/leads/prospecto_20260807.done.done.done.done.done.done.dup.dup.dup.dup.dup.dup.dup.dup.dup.dup.dup.dup.dup.dup.dup.dup.dup.dup.dup.dup.dup.dup.dup.dup.dup.dup.dup.dup.dup.dup.dup.dup.dup.dup.dup.dup.dup.dup.dup.dup.dup.dup.dup.dup.dup.dup.dup.dup.dup.dup.json' -> '/home/mystic/Documentos/Sonora Digital Corp Nuevo/01_Core_Platform/03_Agentic_Infrastructure/Databases/Aztrotech_Citas/leads/prospecto_20260807.done.done.done.done.done.done.dup.dup.dup.dup.dup.dup.dup.dup.dup.dup.dup.dup.dup.dup.dup.dup.dup.dup.dup.dup.dup.dup.dup.dup.dup.dup.dup.dup.dup.dup.dup.dup.dup.dup.dup.dup.dup.dup.dup.dup.dup.dup.dup.dup.dup.dup.dup.dup.dup.dup.dup.json'
[INGEST] 0 leads nuevos, 0 duplicados saltados.
[DUP LEAD] prospecto_20260807.done.done.done.done.done.done.dup.dup.dup.dup.dup.dup.dup.dup.dup.dup.dup.dup.dup.dup.dup.dup.dup.dup.dup.dup.dup.dup.dup.dup.dup.dup.dup.dup.dup.dup.dup.dup.dup.dup.dup.dup.dup.dup.dup.dup.dup.dup.dup.dup.dup.dup.dup.dup.dup.dup.json: ya existe cita #4. skip
[LEAD FAIL] prospecto_20260807.done.done.done.done.done.done.dup.dup.dup.dup.dup.dup.dup.dup.dup.dup.dup.dup.dup.dup.dup.dup.dup.dup.dup.dup.dup.dup.dup.dup.dup.dup.dup.dup.dup.dup.dup.dup.dup.dup.dup.dup.dup.dup.dup.dup.dup.dup.dup.dup.dup.dup.dup.dup.dup.dup.json: [Errno 36] File name too long: '/home/mystic/Documentos/Sonora Digital Corp Nuevo/01_Core_Platform/03_Agentic_Infrastructure/Databases/Aztrotech_Citas/leads/prospecto_20260807.done.done.done.done.done.done.dup.dup.dup.dup.dup.dup.dup.dup.dup.dup.dup.dup.dup.dup.dup.dup.dup.dup.dup.dup.dup.dup.dup.dup.dup.dup.dup.dup.dup.dup.dup.dup.dup.dup.dup.dup.dup.dup.dup.dup.dup.dup.dup.dup.dup.dup.dup.dup.dup.dup.json' -> '/home/mystic/Documentos/Sonora Digital Corp Nuevo/01_Core_Platform/03_Agentic_Infrastructure/Databases/Aztrotech_Citas/leads/prospecto_20260807.done.done.done.done.done.done.dup.dup.dup.dup.dup.dup.dup.dup.dup.dup.dup.dup.dup.dup.dup.dup.dup.dup.dup.dup.dup.dup.dup.dup.dup.dup.dup.dup.dup.dup.dup.dup.dup.dup.dup.dup.dup.dup.dup.dup.dup.dup.dup.dup.dup.dup.dup.dup.dup.dup.dup.json'
[INGEST] 0 leads nuevos, 0 duplicados saltados.
[DUP LEAD] prospecto_20260807.done.done.done.done.done.done.dup.dup.dup.dup.dup.dup.dup.dup.dup.dup.dup.dup.dup.dup.dup.dup.dup.dup.dup.dup.dup.dup.dup.dup.dup.dup.dup.dup.dup.dup.dup.dup.dup.dup.dup.dup.dup.dup.dup.dup.dup.dup.dup.dup.dup.dup.dup.dup.dup.dup.json: ya existe cita #4. skip
[LEAD FAIL] prospecto_20260807.done.done.done.done.done.done.dup.dup.dup.dup.dup.dup.dup.dup.dup.dup.dup.dup.dup.dup.dup.dup.dup.dup.dup.dup.dup.dup.dup.dup.dup.dup.dup.dup.dup.dup.dup.dup.dup.dup.dup.dup.dup.dup.dup.dup.dup.dup.dup.dup.dup.dup.dup.dup.dup.dup.json: [Errno 36] File name too long: '/home/mystic/Documentos/Sonora Digital Corp Nuevo/01_Core_Platform/03_Agentic_Infrastructure/Databases/Aztrotech_Citas/leads/prospecto_20260807.done.done.done.done.done.done.dup.dup.dup.dup.dup.dup.dup.dup.dup.dup.dup.dup.dup.dup.dup.dup.dup.dup.dup.dup.dup.dup.dup.dup.dup.dup.dup.dup.dup.dup.dup.dup.dup.dup.dup.dup.dup.dup.dup.dup.dup.dup.dup.dup.dup.dup.dup.dup.dup.dup.json' -> '/home/mystic/Documentos/Sonora Digital Corp Nuevo/01_Core_Platform/03_Agentic_Infrastructure/Databases/Aztrotech_Citas/leads/prospecto_20260807.done.done.done.done.done.done.dup.dup.dup.dup.dup.dup.dup.dup.dup.dup.dup.dup.dup.dup.dup.dup.dup.dup.dup.dup.dup.dup.dup.dup.dup.dup.dup.dup.dup.dup.dup.dup.dup.dup.dup.dup.dup.dup.dup.dup.dup.dup.dup.dup.dup.dup.dup.dup.dup.dup.dup.json'
[INGEST] 0 leads nuevos, 0 duplicados saltados.
[DUP LEAD] prospecto_20260807.done.done.done.done.done.done.dup.dup.dup.dup.dup.dup.dup.dup.dup.dup.dup.dup.dup.dup.dup.dup.dup.dup.dup.dup.dup.dup.dup.dup.dup.dup.dup.dup.dup.dup.dup.dup.dup.dup.dup.dup.dup.dup.dup.dup.dup.dup.dup.dup.dup.dup.dup.dup.dup.dup.json: ya existe cita #4. skip
[LEAD FAIL] prospecto_20260807.done.done.done.done.done.done.dup.dup.dup.dup.dup.dup.dup.dup.dup.dup.dup.dup.dup.dup.dup.dup.dup.dup.dup.dup.dup.dup.dup.dup.dup.dup.dup.dup.dup.dup.dup.dup.dup.dup.dup.dup.dup.dup.dup.dup.dup.dup.dup.dup.dup.dup.dup.dup.dup.dup.json: [Errno 36] File name too long: '/home/mystic/Documentos/Sonora Digital Corp Nuevo/01_Core_Platform/03_Agentic_Infrastructure/Databases/Aztrotech_Citas/leads/prospecto_20260807.done.done.done.done.done.done.dup.dup.dup.dup.dup.dup.dup.dup.dup.dup.dup.dup.dup.dup.dup.dup.dup.dup.dup.dup.dup.dup.dup.dup.dup.dup.dup.dup.dup.dup.dup.dup.dup.dup.dup.dup.dup.dup.dup.dup.dup.dup.dup.dup.dup.dup.dup.dup.dup.dup.json' -> '/home/mystic/Documentos/Sonora Digital Corp Nuevo/01_Core_Platform/03_Agentic_Infrastructure/Databases/Aztrotech_Citas/leads/prospecto_20260807.done.done.done.done.done.done.dup.dup.dup.dup.dup.dup.dup.dup.dup.dup.dup.dup.dup.dup.dup.dup.dup.dup.dup.dup.dup.dup.dup.dup.dup.dup.dup.dup.dup.dup.dup.dup.dup.dup.dup.dup.dup.dup.dup.dup.dup.dup.dup.dup.dup.dup.dup.dup.dup.dup.dup.json'
[INGEST] 0 leads nuevos, 0 duplicados saltados.
[DUP LEAD] prospecto_20260807.done.done.done.done.done.done.dup.dup.dup.dup.dup.dup.dup.dup.dup.dup.dup.dup.dup.dup.dup.dup.dup.dup.dup.dup.dup.dup.dup.dup.dup.dup.dup.dup.dup.dup.dup.dup.dup.dup.dup.dup.dup.dup.dup.dup.dup.dup.dup.dup.dup.dup.dup.dup.dup.dup.json: ya existe cita #4. skip
[LEAD FAIL] prospecto_20260807.done.done.done.done.done.done.dup.dup.dup.dup.dup.dup.dup.dup.dup.dup.dup.dup.dup.dup.dup.dup.dup.dup.dup.dup.dup.dup.dup.dup.dup.dup.dup.dup.dup.dup.dup.dup.dup.dup.dup.dup.dup.dup.dup.dup.dup.dup.dup.dup.dup.dup.dup.dup.dup.dup.json: [Errno 36] File name too long: '/home/mystic/Documentos/Sonora Digital Corp Nuevo/01_Core_Platform/03_Agentic_Infrastructure/Databases/Aztrotech_Citas/leads/prospecto_20260807.done.done.done.done.done.done.dup.dup.dup.dup.dup.dup.dup.dup.dup.dup.dup.dup.dup.dup.dup.dup.dup.dup.dup.dup.dup.dup.dup.dup.dup.dup.dup.dup.dup.dup.dup.dup.dup.dup.dup.dup.dup.dup.dup.dup.dup.dup.dup.dup.dup.dup.dup.dup.dup.dup.json' -> '/home/mystic/Documentos/Sonora Digital Corp Nuevo/01_Core_Platform/03_Agentic_Infrastructure/Databases/Aztrotech_Citas/leads/prospecto_20260807.done.done.done.done.done.done.dup.dup.dup.dup.dup.dup.dup.dup.dup.dup.dup.dup.dup.dup.dup.dup.dup.dup.dup.dup.dup.dup.dup.dup.dup.dup.dup.dup.dup.dup.dup.dup.dup.dup.dup.dup.dup.dup.dup.dup.dup.dup.dup.dup.dup.dup.dup.dup.dup.dup.dup.json'
[INGEST] 0 leads nuevos, 0 duplicados saltados.
[DUP LEAD] prospecto_20260807.done.done.done.done.done.done.dup.dup.dup.dup.dup.dup.dup.dup.dup.dup.dup.dup.dup.dup.dup.dup.dup.dup.dup.dup.dup.dup.dup.dup.dup.dup.dup.dup.dup.dup.dup.dup.dup.dup.dup.dup.dup.dup.dup.dup.dup.dup.dup.dup.dup.dup.dup.dup.dup.dup.json: ya existe cita #4. skip
[LEAD FAIL] prospecto_20260807.done.done.done.done.done.done.dup.dup.dup.dup.dup.dup.dup.dup.dup.dup.dup.dup.dup.dup.dup.dup.dup.dup.dup.dup.dup.dup.dup.dup.dup.dup.dup.dup.dup.dup.dup.dup.dup.dup.dup.dup.dup.dup.dup.dup.dup.dup.dup.dup.dup.dup.dup.dup.dup.dup.json: [Errno 36] File name too long: '/home/mystic/Documentos/Sonora Digital Corp Nuevo/01_Core_Platform/03_Agentic_Infrastructure/Databases/Aztrotech_Citas/leads/prospecto_20260807.done.done.done.done.done.done.dup.dup.dup.dup.dup.dup.dup.dup.dup.dup.dup.dup.dup.dup.dup.dup.dup.dup.dup.dup.dup.dup.dup.dup.dup.dup.dup.dup.dup.dup.dup.dup.dup.dup.dup.dup.dup.dup.dup.dup.dup.dup.dup.dup.dup.dup.dup.dup.dup.dup.json' -> '/home/mystic/Documentos/Sonora Digital Corp Nuevo/01_Core_Platform/03_Agentic_Infrastructure/Databases/Aztrotech_Citas/leads/prospecto_20260807.done.done.done.done.done.done.dup.dup.dup.dup.dup.dup.dup.dup.dup.dup.dup.dup.dup.dup.dup.dup.dup.dup.dup.dup.dup.dup.dup.dup.dup.dup.dup.dup.dup.dup.dup.dup.dup.dup.dup.dup.dup.dup.dup.dup.dup.dup.dup.dup.dup.dup.dup.dup.dup.dup.dup.json'
[INGEST] 0 leads nuevos, 0 duplicados saltados.
[DUP LEAD] prospecto_20260807.done.done.done.done.done.done.dup.dup.dup.dup.dup.dup.dup.dup.dup.dup.dup.dup.dup.dup.dup.dup.dup.dup.dup.dup.dup.dup.dup.dup.dup.dup.dup.dup.dup.dup.dup.dup.dup.dup.dup.dup.dup.dup.dup.dup.dup.dup.dup.dup.dup.dup.dup.dup.dup.dup.json: ya existe cita #4. skip
[LEAD FAIL] prospecto_20260807.done.done.done.done.done.done.dup.dup.dup.dup.dup.dup.dup.dup.dup.dup.dup.dup.dup.dup.dup.dup.dup.dup.dup.dup.dup.dup.dup.dup.dup.dup.dup.dup.dup.dup.dup.dup.dup.dup.dup.dup.dup.dup.dup.dup.dup.dup.dup.dup.dup.dup.dup.dup.dup.dup.json: [Errno 36] File name too long: '/home/mystic/Documentos/Sonora Digital Corp Nuevo/01_Core_Platform/03_Agentic_Infrastructure/Databases/Aztrotech_Citas/leads/prospecto_20260807.done.done.done.done.done.done.dup.dup.dup.dup.dup.dup.dup.dup.dup.dup.dup.dup.dup.dup.dup.dup.dup.dup.dup.dup.dup.dup.dup.dup.dup.dup.dup.dup.dup.dup.dup.dup.dup.dup.dup.dup.dup.dup.dup.dup.dup.dup.dup.dup.dup.dup.dup.dup.dup.dup.json' -> '/home/mystic/Documentos/Sonora Digital Corp Nuevo/01_Core_Platform/03_Agentic_Infrastructure/Databases/Aztrotech_Citas/leads/prospecto_20260807.done.done.done.done.done.done.dup.dup.dup.dup.dup.dup.dup.dup.dup.dup.dup.dup.dup.dup.dup.dup.dup.dup.dup.dup.dup.dup.dup.dup.dup.dup.dup.dup.dup.dup.dup.dup.dup.dup.dup.dup.dup.dup.dup.dup.dup.dup.dup.dup.dup.dup.dup.dup.dup.dup.dup.json'
[INGEST] 0 leads nuevos, 0 duplicados saltados.
[DUP LEAD] prospecto_20260807.done.done.done.done.done.done.dup.dup.dup.dup.dup.dup.dup.dup.dup.dup.dup.dup.dup.dup.dup.dup.dup.dup.dup.dup.dup.dup.dup.dup.dup.dup.dup.dup.dup.dup.dup.dup.dup.dup.dup.dup.dup.dup.dup.dup.dup.dup.dup.dup.dup.dup.dup.dup.dup.dup.json: ya existe cita #4. skip
[LEAD FAIL] prospecto_20260807.done.done.done.done.done.done.dup.dup.dup.dup.dup.dup.dup.dup.dup.dup.dup.dup.dup.dup.dup.dup.dup.dup.dup.dup.dup.dup.dup.dup.dup.dup.dup.dup.dup.dup.dup.dup.dup.dup.dup.dup.dup.dup.dup.dup.dup.dup.dup.dup.dup.dup.dup.dup.dup.dup.json: [Errno 36] File name too long: '/home/mystic/Documentos/Sonora Digital Corp Nuevo/01_Core_Platform/03_Agentic_Infrastructure/Databases/Aztrotech_Citas/leads/prospecto_20260807.done.done.done.done.done.done.dup.dup.dup.dup.dup.dup.dup.dup.dup.dup.dup.dup.dup.dup.dup.dup.dup.dup.dup.dup.dup.dup.dup.dup.dup.dup.dup.dup.dup.dup.dup.dup.dup.dup.dup.dup.dup.dup.dup.dup.dup.dup.dup.dup.dup.dup.dup.dup.dup.dup.json' -> '/home/mystic/Documentos/Sonora Digital Corp Nuevo/01_Core_Platform/03_Agentic_Infrastructure/Databases/Aztrotech_Citas/leads/prospecto_20260807.done.done.done.done.done.done.dup.dup.dup.dup.dup.dup.dup.dup.dup.dup.dup.dup.dup.dup.dup.dup.dup.dup.dup.dup.dup.dup.dup.dup.dup.dup.dup.dup.dup.dup.dup.dup.dup.dup.dup.dup.dup.dup.dup.dup.dup.dup.dup.dup.dup.dup.dup.dup.dup.dup.dup.json'
[INGEST] 0 leads nuevos, 0 duplicados saltados.
[DUP LEAD] prospecto_20260807.done.done.done.done.done.done.dup.dup.dup.dup.dup.dup.dup.dup.dup.dup.dup.dup.dup.dup.dup.dup.dup.dup.dup.dup.dup.dup.dup.dup.dup.dup.dup.dup.dup.dup.dup.dup.dup.dup.dup.dup.dup.dup.dup.dup.dup.dup.dup.dup.dup.dup.dup.dup.dup.dup.json: ya existe cita #4. skip
[LEAD FAIL] prospecto_20260807.done.done.done.done.done.done.dup.dup.dup.dup.dup.dup.dup.dup.dup.dup.dup.dup.dup.dup.dup.dup.dup.dup.dup.dup.dup.dup.dup.dup.dup.dup.dup.dup.dup.dup.dup.dup.dup.dup.dup.dup.dup.dup.dup.dup.dup.dup.dup.dup.dup.dup.dup.dup.dup.dup.json: [Errno 36] File name too long: '/home/mystic/Documentos/Sonora Digital Corp Nuevo/01_Core_Platform/03_Agentic_Infrastructure/Databases/Aztrotech_Citas/leads/prospecto_20260807.done.done.done.done.done.done.dup.dup.dup.dup.dup.dup.dup.dup.dup.dup.dup.dup.dup.dup.dup.dup.dup.dup.dup.dup.dup.dup.dup.dup.dup.dup.dup.dup.dup.dup.dup.dup.dup.dup.dup.dup.dup.dup.dup.dup.dup.dup.dup.dup.dup.dup.dup.dup.dup.dup.json' -> '/home/mystic/Documentos/Sonora Digital Corp Nuevo/01_Core_Platform/03_Agentic_Infrastructure/Databases/Aztrotech_Citas/leads/prospecto_20260807.done.done.done.done.done.done.dup.dup.dup.dup.dup.dup.dup.dup.dup.dup.dup.dup.dup.dup.dup.dup.dup.dup.dup.dup.dup.dup.dup.dup.dup.dup.dup.dup.dup.dup.dup.dup.dup.dup.dup.dup.dup.dup.dup.dup.dup.dup.dup.dup.dup.dup.dup.dup.dup.dup.dup.json'
[INGEST] 0 leads nuevos, 0 duplicados saltados.
[DUP LEAD] prospecto_20260807.done.done.done.done.done.done.dup.dup.dup.dup.dup.dup.dup.dup.dup.dup.dup.dup.dup.dup.dup.dup.dup.dup.dup.dup.dup.dup.dup.dup.dup.dup.dup.dup.dup.dup.dup.dup.dup.dup.dup.dup.dup.dup.dup.dup.dup.dup.dup.dup.dup.dup.dup.dup.dup.dup.json: ya existe cita #4. skip
[LEAD FAIL] prospecto_20260807.done.done.done.done.done.done.dup.dup.dup.dup.dup.dup.dup.dup.dup.dup.dup.dup.dup.dup.dup.dup.dup.dup.dup.dup.dup.dup.dup.dup.dup.dup.dup.dup.dup.dup.dup.dup.dup.dup.dup.dup.dup.dup.dup.dup.dup.dup.dup.dup.dup.dup.dup.dup.dup.dup.json: [Errno 36] File name too long: '/home/mystic/Documentos/Sonora Digital Corp Nuevo/01_Core_Platform/03_Agentic_Infrastructure/Databases/Aztrotech_Citas/leads/prospecto_20260807.done.done.done.done.done.done.dup.dup.dup.dup.dup.dup.dup.dup.dup.dup.dup.dup.dup.dup.dup.dup.dup.dup.dup.dup.dup.dup.dup.dup.dup.dup.dup.dup.dup.dup.dup.dup.dup.dup.dup.dup.dup.dup.dup.dup.dup.dup.dup.dup.dup.dup.dup.dup.dup.dup.json' -> '/home/mystic/Documentos/Sonora Digital Corp Nuevo/01_Core_Platform/03_Agentic_Infrastructure/Databases/Aztrotech_Citas/leads/prospecto_20260807.done.done.done.done.done.done.dup.dup.dup.dup.dup.dup.dup.dup.dup.dup.dup.dup.dup.dup.dup.dup.dup.dup.dup.dup.dup.dup.dup.dup.dup.dup.dup.dup.dup.dup.dup.dup.dup.dup.dup.dup.dup.dup.dup.dup.dup.dup.dup.dup.dup.dup.dup.dup.dup.dup.dup.json'
[INGEST] 0 leads nuevos, 0 duplicados saltados.
[DUP LEAD] prospecto_20260807.done.done.done.done.done.done.dup.dup.dup.dup.dup.dup.dup.dup.dup.dup.dup.dup.dup.dup.dup.dup.dup.dup.dup.dup.dup.dup.dup.dup.dup.dup.dup.dup.dup.dup.dup.dup.dup.dup.dup.dup.dup.dup.dup.dup.dup.dup.dup.dup.dup.dup.dup.dup.dup.dup.json: ya existe cita #4. skip
[LEAD FAIL] prospecto_20260807.done.done.done.done.done.done.dup.dup.dup.dup.dup.dup.dup.dup.dup.dup.dup.dup.dup.dup.dup.dup.dup.dup.dup.dup.dup.dup.dup.dup.dup.dup.dup.dup.dup.dup.dup.dup.dup.dup.dup.dup.dup.dup.dup.dup.dup.dup.dup.dup.dup.dup.dup.dup.dup.dup.json: [Errno 36] File name too long: '/home/mystic/Documentos/Sonora Digital Corp Nuevo/01_Core_Platform/03_Agentic_Infrastructure/Databases/Aztrotech_Citas/leads/prospecto_20260807.done.done.done.done.done.done.dup.dup.dup.dup.dup.dup.dup.dup.dup.dup.dup.dup.dup.dup.dup.dup.dup.dup.dup.dup.dup.dup.dup.dup.dup.dup.dup.dup.dup.dup.dup.dup.dup.dup.dup.dup.dup.dup.dup.dup.dup.dup.dup.dup.dup.dup.dup.dup.dup.dup.json' -> '/home/mystic/Documentos/Sonora Digital Corp Nuevo/01_Core_Platform/03_Agentic_Infrastructure/Databases/Aztrotech_Citas/leads/prospecto_20260807.done.done.done.done.done.done.dup.dup.dup.dup.dup.dup.dup.dup.dup.dup.dup.dup.dup.dup.dup.dup.dup.dup.dup.dup.dup.dup.dup.dup.dup.dup.dup.dup.dup.dup.dup.dup.dup.dup.dup.dup.dup.dup.dup.dup.dup.dup.dup.dup.dup.dup.dup.dup.dup.dup.dup.json'
[INGEST] 0 leads nuevos, 0 duplicados saltados.
[DUP LEAD] prospecto_20260807.done.done.done.done.done.done.dup.dup.dup.dup.dup.dup.dup.dup.dup.dup.dup.dup.dup.dup.dup.dup.dup.dup.dup.dup.dup.dup.dup.dup.dup.dup.dup.dup.dup.dup.dup.dup.dup.dup.dup.dup.dup.dup.dup.dup.dup.dup.dup.dup.dup.dup.dup.dup.dup.dup.json: ya existe cita #4. skip
[LEAD FAIL] prospecto_20260807.done.done.done.done.done.done.dup.dup.dup.dup.dup.dup.dup.dup.dup.dup.dup.dup.dup.dup.dup.dup.dup.dup.dup.dup.dup.dup.dup.dup.dup.dup.dup.dup.dup.dup.dup.dup.dup.dup.dup.dup.dup.dup.dup.dup.dup.dup.dup.dup.dup.dup.dup.dup.dup.dup.json: [Errno 36] File name too long: '/home/mystic/Documentos/Sonora Digital Corp Nuevo/01_Core_Platform/03_Agentic_Infrastructure/Databases/Aztrotech_Citas/leads/prospecto_20260807.done.done.done.done.done.done.dup.dup.dup.dup.dup.dup.dup.dup.dup.dup.dup.dup.dup.dup.dup.dup.dup.dup.dup.dup.dup.dup.dup.dup.dup.dup.dup.dup.dup.dup.dup.dup.dup.dup.dup.dup.dup.dup.dup.dup.dup.dup.dup.dup.dup.dup.dup.dup.dup.dup.json' -> '/home/mystic/Documentos/Sonora Digital Corp Nuevo/01_Core_Platform/03_Agentic_Infrastructure/Databases/Aztrotech_Citas/leads/prospecto_20260807.done.done.done.done.done.done.dup.dup.dup.dup.dup.dup.dup.dup.dup.dup.dup.dup.dup.dup.dup.dup.dup.dup.dup.dup.dup.dup.dup.dup.dup.dup.dup.dup.dup.dup.dup.dup.dup.dup.dup.dup.dup.dup.dup.dup.dup.dup.dup.dup.dup.dup.dup.dup.dup.dup.dup.json'
[INGEST] 0 leads nuevos, 0 duplicados saltados.
[DUP LEAD] prospecto_20260807.done.done.done.done.done.done.dup.dup.dup.dup.dup.dup.dup.dup.dup.dup.dup.dup.dup.dup.dup.dup.dup.dup.dup.dup.dup.dup.dup.dup.dup.dup.dup.dup.dup.dup.dup.dup.dup.dup.dup.dup.dup.dup.dup.dup.dup.dup.dup.dup.dup.dup.dup.dup.dup.dup.json: ya existe cita #4. skip
[LEAD FAIL] prospecto_20260807.done.done.done.done.done.done.dup.dup.dup.dup.dup.dup.dup.dup.dup.dup.dup.dup.dup.dup.dup.dup.dup.dup.dup.dup.dup.dup.dup.dup.dup.dup.dup.dup.dup.dup.dup.dup.dup.dup.dup.dup.dup.dup.dup.dup.dup.dup.dup.dup.dup.dup.dup.dup.dup.dup.json: [Errno 36] File name too long: '/home/mystic/Documentos/Sonora Digital Corp Nuevo/01_Core_Platform/03_Agentic_Infrastructure/Databases/Aztrotech_Citas/leads/prospecto_20260807.done.done.done.done.done.done.dup.dup.dup.dup.dup.dup.dup.dup.dup.dup.dup.dup.dup.dup.dup.dup.dup.dup.dup.dup.dup.dup.dup.dup.dup.dup.dup.dup.dup.dup.dup.dup.dup.dup.dup.dup.dup.dup.dup.dup.dup.dup.dup.dup.dup.dup.dup.dup.dup.dup.json' -> '/home/mystic/Documentos/Sonora Digital Corp Nuevo/01_Core_Platform/03_Agentic_Infrastructure/Databases/Aztrotech_Citas/leads/prospecto_20260807.done.done.done.done.done.done.dup.dup.dup.dup.dup.dup.dup.dup.dup.dup.dup.dup.dup.dup.dup.dup.dup.dup.dup.dup.dup.dup.dup.dup.dup.dup.dup.dup.dup.dup.dup.dup.dup.dup.dup.dup.dup.dup.dup.dup.dup.dup.dup.dup.dup.dup.dup.dup.dup.dup.dup.json'
[INGEST] 0 leads nuevos, 0 duplicados saltados.
[DUP LEAD] prospecto_20260807.done.done.done.done.done.done.dup.dup.dup.dup.dup.dup.dup.dup.dup.dup.dup.dup.dup.dup.dup.dup.dup.dup.dup.dup.dup.dup.dup.dup.dup.dup.dup.dup.dup.dup.dup.dup.dup.dup.dup.dup.dup.dup.dup.dup.dup.dup.dup.dup.dup.dup.dup.dup.dup.dup.json: ya existe cita #4. skip
[LEAD FAIL] prospecto_20260807.done.done.done.done.done.done.dup.dup.dup.dup.dup.dup.dup.dup.dup.dup.dup.dup.dup.dup.dup.dup.dup.dup.dup.dup.dup.dup.dup.dup.dup.dup.dup.dup.dup.dup.dup.dup.dup.dup.dup.dup.dup.dup.dup.dup.dup.dup.dup.dup.dup.dup.dup.dup.dup.dup.json: [Errno 36] File name too long: '/home/mystic/Documentos/Sonora Digital Corp Nuevo/01_Core_Platform/03_Agentic_Infrastructure/Databases/Aztrotech_Citas/leads/prospecto_20260807.done.done.done.done.done.done.dup.dup.dup.dup.dup.dup.dup.dup.dup.dup.dup.dup.dup.dup.dup.dup.dup.dup.dup.dup.dup.dup.dup.dup.dup.dup.dup.dup.dup.dup.dup.dup.dup.dup.dup.dup.dup.dup.dup.dup.dup.dup.dup.dup.dup.dup.dup.dup.dup.dup.json' -> '/home/mystic/Documentos/Sonora Digital Corp Nuevo/01_Core_Platform/03_Agentic_Infrastructure/Databases/Aztrotech_Citas/leads/prospecto_20260807.done.done.done.done.done.done.dup.dup.dup.dup.dup.dup.dup.dup.dup.dup.dup.dup.dup.dup.dup.dup.dup.dup.dup.dup.dup.dup.dup.dup.dup.dup.dup.dup.dup.dup.dup.dup.dup.dup.dup.dup.dup.dup.dup.dup.dup.dup.dup.dup.dup.dup.dup.dup.dup.dup.dup.json'
[INGEST] 0 leads nuevos, 0 duplicados saltados.
[DUP LEAD] prospecto_20260807.done.done.done.done.done.done.dup.dup.dup.dup.dup.dup.dup.dup.dup.dup.dup.dup.dup.dup.dup.dup.dup.dup.dup.dup.dup.dup.dup.dup.dup.dup.dup.dup.dup.dup.dup.dup.dup.dup.dup.dup.dup.dup.dup.dup.dup.dup.dup.dup.dup.dup.dup.dup.dup.dup.json: ya existe cita #4. skip
[LEAD FAIL] prospecto_20260807.done.done.done.done.done.done.dup.dup.dup.dup.dup.dup.dup.dup.dup.dup.dup.dup.dup.dup.dup.dup.dup.dup.dup.dup.dup.dup.dup.dup.dup.dup.dup.dup.dup.dup.dup.dup.dup.dup.dup.dup.dup.dup.dup.dup.dup.dup.dup.dup.dup.dup.dup.dup.dup.dup.json: [Errno 36] File name too long: '/home/mystic/Documentos/Sonora Digital Corp Nuevo/01_Core_Platform/03_Agentic_Infrastructure/Databases/Aztrotech_Citas/leads/prospecto_20260807.done.done.done.done.done.done.dup.dup.dup.dup.dup.dup.dup.dup.dup.dup.dup.dup.dup.dup.dup.dup.dup.dup.dup.dup.dup.dup.dup.dup.dup.dup.dup.dup.dup.dup.dup.dup.dup.dup.dup.dup.dup.dup.dup.dup.dup.dup.dup.dup.dup.dup.dup.dup.dup.dup.json' -> '/home/mystic/Documentos/Sonora Digital Corp Nuevo/01_Core_Platform/03_Agentic_Infrastructure/Databases/Aztrotech_Citas/leads/prospecto_20260807.done.done.done.done.done.done.dup.dup.dup.dup.dup.dup.dup.dup.dup.dup.dup.dup.dup.dup.dup.dup.dup.dup.dup.dup.dup.dup.dup.dup.dup.dup.dup.dup.dup.dup.dup.dup.dup.dup.dup.dup.dup.dup.dup.dup.dup.dup.dup.dup.dup.dup.dup.dup.dup.dup.dup.json'
[INGEST] 0 leads nuevos, 0 duplicados saltados.
[DUP LEAD] prospecto_20260807.done.done.done.done.done.done.dup.dup.dup.dup.dup.dup.dup.dup.dup.dup.dup.dup.dup.dup.dup.dup.dup.dup.dup.dup.dup.dup.dup.dup.dup.dup.dup.dup.dup.dup.dup.dup.dup.dup.dup.dup.dup.dup.dup.dup.dup.dup.dup.dup.dup.dup.dup.dup.dup.dup.json: ya existe cita #4. skip
[LEAD FAIL] prospecto_20260807.done.done.done.done.done.done.dup.dup.dup.dup.dup.dup.dup.dup.dup.dup.dup.dup.dup.dup.dup.dup.dup.dup.dup.dup.dup.dup.dup.dup.dup.dup.dup.dup.dup.dup.dup.dup.dup.dup.dup.dup.dup.dup.dup.dup.dup.dup.dup.dup.dup.dup.dup.dup.dup.dup.json: [Errno 36] File name too long: '/home/mystic/Documentos/Sonora Digital Corp Nuevo/01_Core_Platform/03_Agentic_Infrastructure/Databases/Aztrotech_Citas/leads/prospecto_20260807.done.done.done.done.done.done.dup.dup.dup.dup.dup.dup.dup.dup.dup.dup.dup.dup.dup.dup.dup.dup.dup.dup.dup.dup.dup.dup.dup.dup.dup.dup.dup.dup.dup.dup.dup.dup.dup.dup.dup.dup.dup.dup.dup.dup.dup.dup.dup.dup.dup.dup.dup.dup.dup.dup.json' -> '/home/mystic/Documentos/Sonora Digital Corp Nuevo/01_Core_Platform/03_Agentic_Infrastructure/Databases/Aztrotech_Citas/leads/prospecto_20260807.done.done.done.done.done.done.dup.dup.dup.dup.dup.dup.dup.dup.dup.dup.dup.dup.dup.dup.dup.dup.dup.dup.dup.dup.dup.dup.dup.dup.dup.dup.dup.dup.dup.dup.dup.dup.dup.dup.dup.dup.dup.dup.dup.dup.dup.dup.dup.dup.dup.dup.dup.dup.dup.dup.dup.json'
[INGEST] 0 leads nuevos, 0 duplicados saltados.
[DUP LEAD] prospecto_20260807.done.done.done.done.done.done.dup.dup.dup.dup.dup.dup.dup.dup.dup.dup.dup.dup.dup.dup.dup.dup.dup.dup.dup.dup.dup.dup.dup.dup.dup.dup.dup.dup.dup.dup.dup.dup.dup.dup.dup.dup.dup.dup.dup.dup.dup.dup.dup.dup.dup.dup.dup.dup.dup.dup.json: ya existe cita #4. skip
[LEAD FAIL] prospecto_20260807.done.done.done.done.done.done.dup.dup.dup.dup.dup.dup.dup.dup.dup.dup.dup.dup.dup.dup.dup.dup.dup.dup.dup.dup.dup.dup.dup.dup.dup.dup.dup.dup.dup.dup.dup.dup.dup.dup.dup.dup.dup.dup.dup.dup.dup.dup.dup.dup.dup.dup.dup.dup.dup.dup.json: [Errno 36] File name too long: '/home/mystic/Documentos/Sonora Digital Corp Nuevo/01_Core_Platform/03_Agentic_Infrastructure/Databases/Aztrotech_Citas/leads/prospecto_20260807.done.done.done.done.done.done.dup.dup.dup.dup.dup.dup.dup.dup.dup.dup.dup.dup.dup.dup.dup.dup.dup.dup.dup.dup.dup.dup.dup.dup.dup.dup.dup.dup.dup.dup.dup.dup.dup.dup.dup.dup.dup.dup.dup.dup.dup.dup.dup.dup.dup.dup.dup.dup.dup.dup.json' -> '/home/mystic/Documentos/Sonora Digital Corp Nuevo/01_Core_Platform/03_Agentic_Infrastructure/Databases/Aztrotech_Citas/leads/prospecto_20260807.done.done.done.done.done.done.dup.dup.dup.dup.dup.dup.dup.dup.dup.dup.dup.dup.dup.dup.dup.dup.dup.dup.dup.dup.dup.dup.dup.dup.dup.dup.dup.dup.dup.dup.dup.dup.dup.dup.dup.dup.dup.dup.dup.dup.dup.dup.dup.dup.dup.dup.dup.dup.dup.dup.dup.json'
[INGEST] 0 leads nuevos, 0 duplicados saltados.
[DUP LEAD] prospecto_20260807.done.done.done.done.done.done.dup.dup.dup.dup.dup.dup.dup.dup.dup.dup.dup.dup.dup.dup.dup.dup.dup.dup.dup.dup.dup.dup.dup.dup.dup.dup.dup.dup.dup.dup.dup.dup.dup.dup.dup.dup.dup.dup.dup.dup.dup.dup.dup.dup.dup.dup.dup.dup.dup.dup.json: ya existe cita #4. skip
[LEAD FAIL] prospecto_20260807.done.done.done.done.done.done.dup.dup.dup.dup.dup.dup.dup.dup.dup.dup.dup.dup.dup.dup.dup.dup.dup.dup.dup.dup.dup.dup.dup.dup.dup.dup.dup.dup.dup.dup.dup.dup.dup.dup.dup.dup.dup.dup.dup.dup.dup.dup.dup.dup.dup.dup.dup.dup.dup.dup.json: [Errno 36] File name too long: '/home/mystic/Documentos/Sonora Digital Corp Nuevo/01_Core_Platform/03_Agentic_Infrastructure/Databases/Aztrotech_Citas/leads/prospecto_20260807.done.done.done.done.done.done.dup.dup.dup.dup.dup.dup.dup.dup.dup.dup.dup.dup.dup.dup.dup.dup.dup.dup.dup.dup.dup.dup.dup.dup.dup.dup.dup.dup.dup.dup.dup.dup.dup.dup.dup.dup.dup.dup.dup.dup.dup.dup.dup.dup.dup.dup.dup.dup.dup.dup.json' -> '/home/mystic/Documentos/Sonora Digital Corp Nuevo/01_Core_Platform/03_Agentic_Infrastructure/Databases/Aztrotech_Citas/leads/prospecto_20260807.done.done.done.done.done.done.dup.dup.dup.dup.dup.dup.dup.dup.dup.dup.dup.dup.dup.dup.dup.dup.dup.dup.dup.dup.dup.dup.dup.dup.dup.dup.dup.dup.dup.dup.dup.dup.dup.dup.dup.dup.dup.dup.dup.dup.dup.dup.dup.dup.dup.dup.dup.dup.dup.dup.dup.json'
[INGEST] 0 leads nuevos, 0 duplicados saltados.
[DUP LEAD] prospecto_20260807.done.done.done.done.done.done.dup.dup.dup.dup.dup.dup.dup.dup.dup.dup.dup.dup.dup.dup.dup.dup.dup.dup.dup.dup.dup.dup.dup.dup.dup.dup.dup.dup.dup.dup.dup.dup.dup.dup.dup.dup.dup.dup.dup.dup.dup.dup.dup.dup.dup.dup.dup.dup.dup.dup.json: ya existe cita #4. skip
[LEAD FAIL] prospecto_20260807.done.done.done.done.done.done.dup.dup.dup.dup.dup.dup.dup.dup.dup.dup.dup.dup.dup.dup.dup.dup.dup.dup.dup.dup.dup.dup.dup.dup.dup.dup.dup.dup.dup.dup.dup.dup.dup.dup.dup.dup.dup.dup.dup.dup.dup.dup.dup.dup.dup.dup.dup.dup.dup.dup.json: [Errno 36] File name too long: '/home/mystic/Documentos/Sonora Digital Corp Nuevo/01_Core_Platform/03_Agentic_Infrastructure/Databases/Aztrotech_Citas/leads/prospecto_20260807.done.done.done.done.done.done.dup.dup.dup.dup.dup.dup.dup.dup.dup.dup.dup.dup.dup.dup.dup.dup.dup.dup.dup.dup.dup.dup.dup.dup.dup.dup.dup.dup.dup.dup.dup.dup.dup.dup.dup.dup.dup.dup.dup.dup.dup.dup.dup.dup.dup.dup.dup.dup.dup.dup.json' -> '/home/mystic/Documentos/Sonora Digital Corp Nuevo/01_Core_Platform/03_Agentic_Infrastructure/Databases/Aztrotech_Citas/leads/prospecto_20260807.done.done.done.done.done.done.dup.dup.dup.dup.dup.dup.dup.dup.dup.dup.dup.dup.dup.dup.dup.dup.dup.dup.dup.dup.dup.dup.dup.dup.dup.dup.dup.dup.dup.dup.dup.dup.dup.dup.dup.dup.dup.dup.dup.dup.dup.dup.dup.dup.dup.dup.dup.dup.dup.dup.dup.json'
[INGEST] 0 leads nuevos, 0 duplicados saltados.
[DUP LEAD] prospecto_20260807.done.done.done.done.done.done.dup.dup.dup.dup.dup.dup.dup.dup.dup.dup.dup.dup.dup.dup.dup.dup.dup.dup.dup.dup.dup.dup.dup.dup.dup.dup.dup.dup.dup.dup.dup.dup.dup.dup.dup.dup.dup.dup.dup.dup.dup.dup.dup.dup.dup.dup.dup.dup.dup.dup.json: ya existe cita #4. skip
[LEAD FAIL] prospecto_20260807.done.done.done.done.done.done.dup.dup.dup.dup.dup.dup.dup.dup.dup.dup.dup.dup.dup.dup.dup.dup.dup.dup.dup.dup.dup.dup.dup.dup.dup.dup.dup.dup.dup.dup.dup.dup.dup.dup.dup.dup.dup.dup.dup.dup.dup.dup.dup.dup.dup.dup.dup.dup.dup.dup.json: [Errno 36] File name too long: '/home/mystic/Documentos/Sonora Digital Corp Nuevo/01_Core_Platform/03_Agentic_Infrastructure/Databases/Aztrotech_Citas/leads/prospecto_20260807.done.done.done.done.done.done.dup.dup.dup.dup.dup.dup.dup.dup.dup.dup.dup.dup.dup.dup.dup.dup.dup.dup.dup.dup.dup.dup.dup.dup.dup.dup.dup.dup.dup.dup.dup.dup.dup.dup.dup.dup.dup.dup.dup.dup.dup.dup.dup.dup.dup.dup.dup.dup.dup.dup.json' -> '/home/mystic/Documentos/Sonora Digital Corp Nuevo/01_Core_Platform/03_Agentic_Infrastructure/Databases/Aztrotech_Citas/leads/prospecto_20260807.done.done.done.done.done.done.dup.dup.dup.dup.dup.dup.dup.dup.dup.dup.dup.dup.dup.dup.dup.dup.dup.dup.dup.dup.dup.dup.dup.dup.dup.dup.dup.dup.dup.dup.dup.dup.dup.dup.dup.dup.dup.dup.dup.dup.dup.dup.dup.dup.dup.dup.dup.dup.dup.dup.dup.json'
[INGEST] 0 leads nuevos, 0 duplicados saltados.
[DUP LEAD] prospecto_20260807.done.done.done.done.done.done.dup.dup.dup.dup.dup.dup.dup.dup.dup.dup.dup.dup.dup.dup.dup.dup.dup.dup.dup.dup.dup.dup.dup.dup.dup.dup.dup.dup.dup.dup.dup.dup.dup.dup.dup.dup.dup.dup.dup.dup.dup.dup.dup.dup.dup.dup.dup.dup.dup.dup.json: ya existe cita #4. skip
[LEAD FAIL] prospecto_20260807.done.done.done.done.done.done.dup.dup.dup.dup.dup.dup.dup.dup.dup.dup.dup.dup.dup.dup.dup.dup.dup.dup.dup.dup.dup.dup.dup.dup.dup.dup.dup.dup.dup.dup.dup.dup.dup.dup.dup.dup.dup.dup.dup.dup.dup.dup.dup.dup.dup.dup.dup.dup.dup.dup.json: [Errno 36] File name too long: '/home/mystic/Documentos/Sonora Digital Corp Nuevo/01_Core_Platform/03_Agentic_Infrastructure/Databases/Aztrotech_Citas/leads/prospecto_20260807.done.done.done.done.done.done.dup.dup.dup.dup.dup.dup.dup.dup.dup.dup.dup.dup.dup.dup.dup.dup.dup.dup.dup.dup.dup.dup.dup.dup.dup.dup.dup.dup.dup.dup.dup.dup.dup.dup.dup.dup.dup.dup.dup.dup.dup.dup.dup.dup.dup.dup.dup.dup.dup.dup.json' -> '/home/mystic/Documentos/Sonora Digital Corp Nuevo/01_Core_Platform/03_Agentic_Infrastructure/Databases/Aztrotech_Citas/leads/prospecto_20260807.done.done.done.done.done.done.dup.dup.dup.dup.dup.dup.dup.dup.dup.dup.dup.dup.dup.dup.dup.dup.dup.dup.dup.dup.dup.dup.dup.dup.dup.dup.dup.dup.dup.dup.dup.dup.dup.dup.dup.dup.dup.dup.dup.dup.dup.dup.dup.dup.dup.dup.dup.dup.dup.dup.dup.json'
[INGEST] 0 leads nuevos, 0 duplicados saltados.
[DUP LEAD] prospecto_20260807.done.done.done.done.done.done.dup.dup.dup.dup.dup.dup.dup.dup.dup.dup.dup.dup.dup.dup.dup.dup.dup.dup.dup.dup.dup.dup.dup.dup.dup.dup.dup.dup.dup.dup.dup.dup.dup.dup.dup.dup.dup.dup.dup.dup.dup.dup.dup.dup.dup.dup.dup.dup.dup.dup.json: ya existe cita #4. skip
[LEAD FAIL] prospecto_20260807.done.done.done.done.done.done.dup.dup.dup.dup.dup.dup.dup.dup.dup.dup.dup.dup.dup.dup.dup.dup.dup.dup.dup.dup.dup.dup.dup.dup.dup.dup.dup.dup.dup.dup.dup.dup.dup.dup.dup.dup.dup.dup.dup.dup.dup.dup.dup.dup.dup.dup.dup.dup.dup.dup.json: [Errno 36] File name too long: '/home/mystic/Documentos/Sonora Digital Corp Nuevo/01_Core_Platform/03_Agentic_Infrastructure/Databases/Aztrotech_Citas/leads/prospecto_20260807.done.done.done.done.done.done.dup.dup.dup.dup.dup.dup.dup.dup.dup.dup.dup.dup.dup.dup.dup.dup.dup.dup.dup.dup.dup.dup.dup.dup.dup.dup.dup.dup.dup.dup.dup.dup.dup.dup.dup.dup.dup.dup.dup.dup.dup.dup.dup.dup.dup.dup.dup.dup.dup.dup.json' -> '/home/mystic/Documentos/Sonora Digital Corp Nuevo/01_Core_Platform/03_Agentic_Infrastructure/Databases/Aztrotech_Citas/leads/prospecto_20260807.done.done.done.done.done.done.dup.dup.dup.dup.dup.dup.dup.dup.dup.dup.dup.dup.dup.dup.dup.dup.dup.dup.dup.dup.dup.dup.dup.dup.dup.dup.dup.dup.dup.dup.dup.dup.dup.dup.dup.dup.dup.dup.dup.dup.dup.dup.dup.dup.dup.dup.dup.dup.dup.dup.dup.json'
[INGEST] 0 leads nuevos, 0 duplicados saltados.
[DUP LEAD] prospecto_20260807.done.done.done.done.done.done.dup.dup.dup.dup.dup.dup.dup.dup.dup.dup.dup.dup.dup.dup.dup.dup.dup.dup.dup.dup.dup.dup.dup.dup.dup.dup.dup.dup.dup.dup.dup.dup.dup.dup.dup.dup.dup.dup.dup.dup.dup.dup.dup.dup.dup.dup.dup.dup.dup.dup.json: ya existe cita #4. skip
[LEAD FAIL] prospecto_20260807.done.done.done.done.done.done.dup.dup.dup.dup.dup.dup.dup.dup.dup.dup.dup.dup.dup.dup.dup.dup.dup.dup.dup.dup.dup.dup.dup.dup.dup.dup.dup.dup.dup.dup.dup.dup.dup.dup.dup.dup.dup.dup.dup.dup.dup.dup.dup.dup.dup.dup.dup.dup.dup.dup.json: [Errno 36] File name too long: '/home/mystic/Documentos/Sonora Digital Corp Nuevo/01_Core_Platform/03_Agentic_Infrastructure/Databases/Aztrotech_Citas/leads/prospecto_20260807.done.done.done.done.done.done.dup.dup.dup.dup.dup.dup.dup.dup.dup.dup.dup.dup.dup.dup.dup.dup.dup.dup.dup.dup.dup.dup.dup.dup.dup.dup.dup.dup.dup.dup.dup.dup.dup.dup.dup.dup.dup.dup.dup.dup.dup.dup.dup.dup.dup.dup.dup.dup.dup.dup.json' -> '/home/mystic/Documentos/Sonora Digital Corp Nuevo/01_Core_Platform/03_Agentic_Infrastructure/Databases/Aztrotech_Citas/leads/prospecto_20260807.done.done.done.done.done.done.dup.dup.dup.dup.dup.dup.dup.dup.dup.dup.dup.dup.dup.dup.dup.dup.dup.dup.dup.dup.dup.dup.dup.dup.dup.dup.dup.dup.dup.dup.dup.dup.dup.dup.dup.dup.dup.dup.dup.dup.dup.dup.dup.dup.dup.dup.dup.dup.dup.dup.dup.json'
[INGEST] 0 leads nuevos, 0 duplicados saltados.
[DUP LEAD] prospecto_20260807.done.done.done.done.done.done.dup.dup.dup.dup.dup.dup.dup.dup.dup.dup.dup.dup.dup.dup.dup.dup.dup.dup.dup.dup.dup.dup.dup.dup.dup.dup.dup.dup.dup.dup.dup.dup.dup.dup.dup.dup.dup.dup.dup.dup.dup.dup.dup.dup.dup.dup.dup.dup.dup.dup.json: ya existe cita #4. skip
[LEAD FAIL] prospecto_20260807.done.done.done.done.done.done.dup.dup.dup.dup.dup.dup.dup.dup.dup.dup.dup.dup.dup.dup.dup.dup.dup.dup.dup.dup.dup.dup.dup.dup.dup.dup.dup.dup.dup.dup.dup.dup.dup.dup.dup.dup.dup.dup.dup.dup.dup.dup.dup.dup.dup.dup.dup.dup.dup.dup.json: [Errno 36] File name too long: '/home/mystic/Documentos/Sonora Digital Corp Nuevo/01_Core_Platform/03_Agentic_Infrastructure/Databases/Aztrotech_Citas/leads/prospecto_20260807.done.done.done.done.done.done.dup.dup.dup.dup.dup.dup.dup.dup.dup.dup.dup.dup.dup.dup.dup.dup.dup.dup.dup.dup.dup.dup.dup.dup.dup.dup.dup.dup.dup.dup.dup.dup.dup.dup.dup.dup.dup.dup.dup.dup.dup.dup.dup.dup.dup.dup.dup.dup.dup.dup.json' -> '/home/mystic/Documentos/Sonora Digital Corp Nuevo/01_Core_Platform/03_Agentic_Infrastructure/Databases/Aztrotech_Citas/leads/prospecto_20260807.done.done.done.done.done.done.dup.dup.dup.dup.dup.dup.dup.dup.dup.dup.dup.dup.dup.dup.dup.dup.dup.dup.dup.dup.dup.dup.dup.dup.dup.dup.dup.dup.dup.dup.dup.dup.dup.dup.dup.dup.dup.dup.dup.dup.dup.dup.dup.dup.dup.dup.dup.dup.dup.dup.dup.json'
[INGEST] 0 leads nuevos, 0 duplicados saltados.
[DUP LEAD] prospecto_20260807.done.done.done.done.done.done.dup.dup.dup.dup.dup.dup.dup.dup.dup.dup.dup.dup.dup.dup.dup.dup.dup.dup.dup.dup.dup.dup.dup.dup.dup.dup.dup.dup.dup.dup.dup.dup.dup.dup.dup.dup.dup.dup.dup.dup.dup.dup.dup.dup.dup.dup.dup.dup.dup.dup.json: ya existe cita #4. skip
[LEAD FAIL] prospecto_20260807.done.done.done.done.done.done.dup.dup.dup.dup.dup.dup.dup.dup.dup.dup.dup.dup.dup.dup.dup.dup.dup.dup.dup.dup.dup.dup.dup.dup.dup.dup.dup.dup.dup.dup.dup.dup.dup.dup.dup.dup.dup.dup.dup.dup.dup.dup.dup.dup.dup.dup.dup.dup.dup.dup.json: [Errno 36] File name too long: '/home/mystic/Documentos/Sonora Digital Corp Nuevo/01_Core_Platform/03_Agentic_Infrastructure/Databases/Aztrotech_Citas/leads/prospecto_20260807.done.done.done.done.done.done.dup.dup.dup.dup.dup.dup.dup.dup.dup.dup.dup.dup.dup.dup.dup.dup.dup.dup.dup.dup.dup.dup.dup.dup.dup.dup.dup.dup.dup.dup.dup.dup.dup.dup.dup.dup.dup.dup.dup.dup.dup.dup.dup.dup.dup.dup.dup.dup.dup.dup.json' -> '/home/mystic/Documentos/Sonora Digital Corp Nuevo/01_Core_Platform/03_Agentic_Infrastructure/Databases/Aztrotech_Citas/leads/prospecto_20260807.done.done.done.done.done.done.dup.dup.dup.dup.dup.dup.dup.dup.dup.dup.dup.dup.dup.dup.dup.dup.dup.dup.dup.dup.dup.dup.dup.dup.dup.dup.dup.dup.dup.dup.dup.dup.dup.dup.dup.dup.dup.dup.dup.dup.dup.dup.dup.dup.dup.dup.dup.dup.dup.dup.dup.json'
[INGEST] 0 leads nuevos, 0 duplicados saltados.
[DUP LEAD] prospecto_20260807.done.done.done.done.done.done.dup.dup.dup.dup.dup.dup.dup.dup.dup.dup.dup.dup.dup.dup.dup.dup.dup.dup.dup.dup.dup.dup.dup.dup.dup.dup.dup.dup.dup.dup.dup.dup.dup.dup.dup.dup.dup.dup.dup.dup.dup.dup.dup.dup.dup.dup.dup.dup.dup.dup.json: ya existe cita #4. skip
[LEAD FAIL] prospecto_20260807.done.done.done.done.done.done.dup.dup.dup.dup.dup.dup.dup.dup.dup.dup.dup.dup.dup.dup.dup.dup.dup.dup.dup.dup.dup.dup.dup.dup.dup.dup.dup.dup.dup.dup.dup.dup.dup.dup.dup.dup.dup.dup.dup.dup.dup.dup.dup.dup.dup.dup.dup.dup.dup.dup.json: [Errno 36] File name too long: '/home/mystic/Documentos/Sonora Digital Corp Nuevo/01_Core_Platform/03_Agentic_Infrastructure/Databases/Aztrotech_Citas/leads/prospecto_20260807.done.done.done.done.done.done.dup.dup.dup.dup.dup.dup.dup.dup.dup.dup.dup.dup.dup.dup.dup.dup.dup.dup.dup.dup.dup.dup.dup.dup.dup.dup.dup.dup.dup.dup.dup.dup.dup.dup.dup.dup.dup.dup.dup.dup.dup.dup.dup.dup.dup.dup.dup.dup.dup.dup.json' -> '/home/mystic/Documentos/Sonora Digital Corp Nuevo/01_Core_Platform/03_Agentic_Infrastructure/Databases/Aztrotech_Citas/leads/prospecto_20260807.done.done.done.done.done.done.dup.dup.dup.dup.dup.dup.dup.dup.dup.dup.dup.dup.dup.dup.dup.dup.dup.dup.dup.dup.dup.dup.dup.dup.dup.dup.dup.dup.dup.dup.dup.dup.dup.dup.dup.dup.dup.dup.dup.dup.dup.dup.dup.dup.dup.dup.dup.dup.dup.dup.dup.json'
[INGEST] 0 leads nuevos, 0 duplicados saltados.
[DUP LEAD] prospecto_20260807.done.done.done.done.done.done.dup.dup.dup.dup.dup.dup.dup.dup.dup.dup.dup.dup.dup.dup.dup.dup.dup.dup.dup.dup.dup.dup.dup.dup.dup.dup.dup.dup.dup.dup.dup.dup.dup.dup.dup.dup.dup.dup.dup.dup.dup.dup.dup.dup.dup.dup.dup.dup.dup.dup.json: ya existe cita #4. skip
[LEAD FAIL] prospecto_20260807.done.done.done.done.done.done.dup.dup.dup.dup.dup.dup.dup.dup.dup.dup.dup.dup.dup.dup.dup.dup.dup.dup.dup.dup.dup.dup.dup.dup.dup.dup.dup.dup.dup.dup.dup.dup.dup.dup.dup.dup.dup.dup.dup.dup.dup.dup.dup.dup.dup.dup.dup.dup.dup.dup.json: [Errno 36] File name too long: '/home/mystic/Documentos/Sonora Digital Corp Nuevo/01_Core_Platform/03_Agentic_Infrastructure/Databases/Aztrotech_Citas/leads/prospecto_20260807.done.done.done.done.done.done.dup.dup.dup.dup.dup.dup.dup.dup.dup.dup.dup.dup.dup.dup.dup.dup.dup.dup.dup.dup.dup.dup.dup.dup.dup.dup.dup.dup.dup.dup.dup.dup.dup.dup.dup.dup.dup.dup.dup.dup.dup.dup.dup.dup.dup.dup.dup.dup.dup.dup.json' -> '/home/mystic/Documentos/Sonora Digital Corp Nuevo/01_Core_Platform/03_Agentic_Infrastructure/Databases/Aztrotech_Citas/leads/prospecto_20260807.done.done.done.done.done.done.dup.dup.dup.dup.dup.dup.dup.dup.dup.dup.dup.dup.dup.dup.dup.dup.dup.dup.dup.dup.dup.dup.dup.dup.dup.dup.dup.dup.dup.dup.dup.dup.dup.dup.dup.dup.dup.dup.dup.dup.dup.dup.dup.dup.dup.dup.dup.dup.dup.dup.dup.json'
[INGEST] 0 leads nuevos, 0 duplicados saltados.
[DUP LEAD] prospecto_20260807.done.done.done.done.done.done.dup.dup.dup.dup.dup.dup.dup.dup.dup.dup.dup.dup.dup.dup.dup.dup.dup.dup.dup.dup.dup.dup.dup.dup.dup.dup.dup.dup.dup.dup.dup.dup.dup.dup.dup.dup.dup.dup.dup.dup.dup.dup.dup.dup.dup.dup.dup.dup.dup.dup.json: ya existe cita #4. skip
[LEAD FAIL] prospecto_20260807.done.done.done.done.done.done.dup.dup.dup.dup.dup.dup.dup.dup.dup.dup.dup.dup.dup.dup.dup.dup.dup.dup.dup.dup.dup.dup.dup.dup.dup.dup.dup.dup.dup.dup.dup.dup.dup.dup.dup.dup.dup.dup.dup.dup.dup.dup.dup.dup.dup.dup.dup.dup.dup.dup.json: [Errno 36] File name too long: '/home/mystic/Documentos/Sonora Digital Corp Nuevo/01_Core_Platform/03_Agentic_Infrastructure/Databases/Aztrotech_Citas/leads/prospecto_20260807.done.done.done.done.done.done.dup.dup.dup.dup.dup.dup.dup.dup.dup.dup.dup.dup.dup.dup.dup.dup.dup.dup.dup.dup.dup.dup.dup.dup.dup.dup.dup.dup.dup.dup.dup.dup.dup.dup.dup.dup.dup.dup.dup.dup.dup.dup.dup.dup.dup.dup.dup.dup.dup.dup.json' -> '/home/mystic/Documentos/Sonora Digital Corp Nuevo/01_Core_Platform/03_Agentic_Infrastructure/Databases/Aztrotech_Citas/leads/prospecto_20260807.done.done.done.done.done.done.dup.dup.dup.dup.dup.dup.dup.dup.dup.dup.dup.dup.dup.dup.dup.dup.dup.dup.dup.dup.dup.dup.dup.dup.dup.dup.dup.dup.dup.dup.dup.dup.dup.dup.dup.dup.dup.dup.dup.dup.dup.dup.dup.dup.dup.dup.dup.dup.dup.dup.dup.json'
[INGEST] 0 leads nuevos, 0 duplicados saltados.
[DUP LEAD] prospecto_20260807.done.done.done.done.done.done.dup.dup.dup.dup.dup.dup.dup.dup.dup.dup.dup.dup.dup.dup.dup.dup.dup.dup.dup.dup.dup.dup.dup.dup.dup.dup.dup.dup.dup.dup.dup.dup.dup.dup.dup.dup.dup.dup.dup.dup.dup.dup.dup.dup.dup.dup.dup.dup.dup.dup.json: ya existe cita #4. skip
[LEAD FAIL] prospecto_20260807.done.done.done.done.done.done.dup.dup.dup.dup.dup.dup.dup.dup.dup.dup.dup.dup.dup.dup.dup.dup.dup.dup.dup.dup.dup.dup.dup.dup.dup.dup.dup.dup.dup.dup.dup.dup.dup.dup.dup.dup.dup.dup.dup.dup.dup.dup.dup.dup.dup.dup.dup.dup.dup.dup.json: [Errno 36] File name too long: '/home/mystic/Documentos/Sonora Digital Corp Nuevo/01_Core_Platform/03_Agentic_Infrastructure/Databases/Aztrotech_Citas/leads/prospecto_20260807.done.done.done.done.done.done.dup.dup.dup.dup.dup.dup.dup.dup.dup.dup.dup.dup.dup.dup.dup.dup.dup.dup.dup.dup.dup.dup.dup.dup.dup.dup.dup.dup.dup.dup.dup.dup.dup.dup.dup.dup.dup.dup.dup.dup.dup.dup.dup.dup.dup.dup.dup.dup.dup.dup.json' -> '/home/mystic/Documentos/Sonora Digital Corp Nuevo/01_Core_Platform/03_Agentic_Infrastructure/Databases/Aztrotech_Citas/leads/prospecto_20260807.done.done.done.done.done.done.dup.dup.dup.dup.dup.dup.dup.dup.dup.dup.dup.dup.dup.dup.dup.dup.dup.dup.dup.dup.dup.dup.dup.dup.dup.dup.dup.dup.dup.dup.dup.dup.dup.dup.dup.dup.dup.dup.dup.dup.dup.dup.dup.dup.dup.dup.dup.dup.dup.dup.dup.json'
[INGEST] 0 leads nuevos, 0 duplicados saltados.
[DUP LEAD] prospecto_20260807.done.done.done.done.done.done.dup.dup.dup.dup.dup.dup.dup.dup.dup.dup.dup.dup.dup.dup.dup.dup.dup.dup.dup.dup.dup.dup.dup.dup.dup.dup.dup.dup.dup.dup.dup.dup.dup.dup.dup.dup.dup.dup.dup.dup.dup.dup.dup.dup.dup.dup.dup.dup.dup.dup.json: ya existe cita #4. skip
[LEAD FAIL] prospecto_20260807.done.done.done.done.done.done.dup.dup.dup.dup.dup.dup.dup.dup.dup.dup.dup.dup.dup.dup.dup.dup.dup.dup.dup.dup.dup.dup.dup.dup.dup.dup.dup.dup.dup.dup.dup.dup.dup.dup.dup.dup.dup.dup.dup.dup.dup.dup.dup.dup.dup.dup.dup.dup.dup.dup.json: [Errno 36] File name too long: '/home/mystic/Documentos/Sonora Digital Corp Nuevo/01_Core_Platform/03_Agentic_Infrastructure/Databases/Aztrotech_Citas/leads/prospecto_20260807.done.done.done.done.done.done.dup.dup.dup.dup.dup.dup.dup.dup.dup.dup.dup.dup.dup.dup.dup.dup.dup.dup.dup.dup.dup.dup.dup.dup.dup.dup.dup.dup.dup.dup.dup.dup.dup.dup.dup.dup.dup.dup.dup.dup.dup.dup.dup.dup.dup.dup.dup.dup.dup.dup.json' -> '/home/mystic/Documentos/Sonora Digital Corp Nuevo/01_Core_Platform/03_Agentic_Infrastructure/Databases/Aztrotech_Citas/leads/prospecto_20260807.done.done.done.done.done.done.dup.dup.dup.dup.dup.dup.dup.dup.dup.dup.dup.dup.dup.dup.dup.dup.dup.dup.dup.dup.dup.dup.dup.dup.dup.dup.dup.dup.dup.dup.dup.dup.dup.dup.dup.dup.dup.dup.dup.dup.dup.dup.dup.dup.dup.dup.dup.dup.dup.dup.dup.json'
[INGEST] 0 leads nuevos, 0 duplicados saltados.
[DUP LEAD] prospecto_20260807.done.done.done.done.done.done.dup.dup.dup.dup.dup.dup.dup.dup.dup.dup.dup.dup.dup.dup.dup.dup.dup.dup.dup.dup.dup.dup.dup.dup.dup.dup.dup.dup.dup.dup.dup.dup.dup.dup.dup.dup.dup.dup.dup.dup.dup.dup.dup.dup.dup.dup.dup.dup.dup.dup.json: ya existe cita #4. skip
[LEAD FAIL] prospecto_20260807.done.done.done.done.done.done.dup.dup.dup.dup.dup.dup.dup.dup.dup.dup.dup.dup.dup.dup.dup.dup.dup.dup.dup.dup.dup.dup.dup.dup.dup.dup.dup.dup.dup.dup.dup.dup.dup.dup.dup.dup.dup.dup.dup.dup.dup.dup.dup.dup.dup.dup.dup.dup.dup.dup.json: [Errno 36] File name too long: '/home/mystic/Documentos/Sonora Digital Corp Nuevo/01_Core_Platform/03_Agentic_Infrastructure/Databases/Aztrotech_Citas/leads/prospecto_20260807.done.done.done.done.done.done.dup.dup.dup.dup.dup.dup.dup.dup.dup.dup.dup.dup.dup.dup.dup.dup.dup.dup.dup.dup.dup.dup.dup.dup.dup.dup.dup.dup.dup.dup.dup.dup.dup.dup.dup.dup.dup.dup.dup.dup.dup.dup.dup.dup.dup.dup.dup.dup.dup.dup.json' -> '/home/mystic/Documentos/Sonora Digital Corp Nuevo/01_Core_Platform/03_Agentic_Infrastructure/Databases/Aztrotech_Citas/leads/prospecto_20260807.done.done.done.done.done.done.dup.dup.dup.dup.dup.dup.dup.dup.dup.dup.dup.dup.dup.dup.dup.dup.dup.dup.dup.dup.dup.dup.dup.dup.dup.dup.dup.dup.dup.dup.dup.dup.dup.dup.dup.dup.dup.dup.dup.dup.dup.dup.dup.dup.dup.dup.dup.dup.dup.dup.dup.json'
[INGEST] 0 leads nuevos, 0 duplicados saltados.
[DUP LEAD] prospecto_20260807.done.done.done.done.done.done.dup.dup.dup.dup.dup.dup.dup.dup.dup.dup.dup.dup.dup.dup.dup.dup.dup.dup.dup.dup.dup.dup.dup.dup.dup.dup.dup.dup.dup.dup.dup.dup.dup.dup.dup.dup.dup.dup.dup.dup.dup.dup.dup.dup.dup.dup.dup.dup.dup.dup.json: ya existe cita #4. skip
[LEAD FAIL] prospecto_20260807.done.done.done.done.done.done.dup.dup.dup.dup.dup.dup.dup.dup.dup.dup.dup.dup.dup.dup.dup.dup.dup.dup.dup.dup.dup.dup.dup.dup.dup.dup.dup.dup.dup.dup.dup.dup.dup.dup.dup.dup.dup.dup.dup.dup.dup.dup.dup.dup.dup.dup.dup.dup.dup.dup.json: [Errno 36] File name too long: '/home/mystic/Documentos/Sonora Digital Corp Nuevo/01_Core_Platform/03_Agentic_Infrastructure/Databases/Aztrotech_Citas/leads/prospecto_20260807.done.done.done.done.done.done.dup.dup.dup.dup.dup.dup.dup.dup.dup.dup.dup.dup.dup.dup.dup.dup.dup.dup.dup.dup.dup.dup.dup.dup.dup.dup.dup.dup.dup.dup.dup.dup.dup.dup.dup.dup.dup.dup.dup.dup.dup.dup.dup.dup.dup.dup.dup.dup.dup.dup.json' -> '/home/mystic/Documentos/Sonora Digital Corp Nuevo/01_Core_Platform/03_Agentic_Infrastructure/Databases/Aztrotech_Citas/leads/prospecto_20260807.done.done.done.done.done.done.dup.dup.dup.dup.dup.dup.dup.dup.dup.dup.dup.dup.dup.dup.dup.dup.dup.dup.dup.dup.dup.dup.dup.dup.dup.dup.dup.dup.dup.dup.dup.dup.dup.dup.dup.dup.dup.dup.dup.dup.dup.dup.dup.dup.dup.dup.dup.dup.dup.dup.dup.json'
[INGEST] 0 leads nuevos, 0 duplicados saltados.
[DUP LEAD] prospecto_20260807.done.done.done.done.done.done.dup.dup.dup.dup.dup.dup.dup.dup.dup.dup.dup.dup.dup.dup.dup.dup.dup.dup.dup.dup.dup.dup.dup.dup.dup.dup.dup.dup.dup.dup.dup.dup.dup.dup.dup.dup.dup.dup.dup.dup.dup.dup.dup.dup.dup.dup.dup.dup.dup.dup.json: ya existe cita #4. skip
[LEAD FAIL] prospecto_20260807.done.done.done.done.done.done.dup.dup.dup.dup.dup.dup.dup.dup.dup.dup.dup.dup.dup.dup.dup.dup.dup.dup.dup.dup.dup.dup.dup.dup.dup.dup.dup.dup.dup.dup.dup.dup.dup.dup.dup.dup.dup.dup.dup.dup.dup.dup.dup.dup.dup.dup.dup.dup.dup.dup.json: [Errno 36] File name too long: '/home/mystic/Documentos/Sonora Digital Corp Nuevo/01_Core_Platform/03_Agentic_Infrastructure/Databases/Aztrotech_Citas/leads/prospecto_20260807.done.done.done.done.done.done.dup.dup.dup.dup.dup.dup.dup.dup.dup.dup.dup.dup.dup.dup.dup.dup.dup.dup.dup.dup.dup.dup.dup.dup.dup.dup.dup.dup.dup.dup.dup.dup.dup.dup.dup.dup.dup.dup.dup.dup.dup.dup.dup.dup.dup.dup.dup.dup.dup.dup.json' -> '/home/mystic/Documentos/Sonora Digital Corp Nuevo/01_Core_Platform/03_Agentic_Infrastructure/Databases/Aztrotech_Citas/leads/prospecto_20260807.done.done.done.done.done.done.dup.dup.dup.dup.dup.dup.dup.dup.dup.dup.dup.dup.dup.dup.dup.dup.dup.dup.dup.dup.dup.dup.dup.dup.dup.dup.dup.dup.dup.dup.dup.dup.dup.dup.dup.dup.dup.dup.dup.dup.dup.dup.dup.dup.dup.dup.dup.dup.dup.dup.dup.json'
[INGEST] 0 leads nuevos, 0 duplicados saltados.
[DUP LEAD] prospecto_20260807.done.done.done.done.done.done.dup.dup.dup.dup.dup.dup.dup.dup.dup.dup.dup.dup.dup.dup.dup.dup.dup.dup.dup.dup.dup.dup.dup.dup.dup.dup.dup.dup.dup.dup.dup.dup.dup.dup.dup.dup.dup.dup.dup.dup.dup.dup.dup.dup.dup.dup.dup.dup.dup.dup.json: ya existe cita #4. skip
[LEAD FAIL] prospecto_20260807.done.done.done.done.done.done.dup.dup.dup.dup.dup.dup.dup.dup.dup.dup.dup.dup.dup.dup.dup.dup.dup.dup.dup.dup.dup.dup.dup.dup.dup.dup.dup.dup.dup.dup.dup.dup.dup.dup.dup.dup.dup.dup.dup.dup.dup.dup.dup.dup.dup.dup.dup.dup.dup.dup.json: [Errno 36] File name too long: '/home/mystic/Documentos/Sonora Digital Corp Nuevo/01_Core_Platform/03_Agentic_Infrastructure/Databases/Aztrotech_Citas/leads/prospecto_20260807.done.done.done.done.done.done.dup.dup.dup.dup.dup.dup.dup.dup.dup.dup.dup.dup.dup.dup.dup.dup.dup.dup.dup.dup.dup.dup.dup.dup.dup.dup.dup.dup.dup.dup.dup.dup.dup.dup.dup.dup.dup.dup.dup.dup.dup.dup.dup.dup.dup.dup.dup.dup.dup.dup.json' -> '/home/mystic/Documentos/Sonora Digital Corp Nuevo/01_Core_Platform/03_Agentic_Infrastructure/Databases/Aztrotech_Citas/leads/prospecto_20260807.done.done.done.done.done.done.dup.dup.dup.dup.dup.dup.dup.dup.dup.dup.dup.dup.dup.dup.dup.dup.dup.dup.dup.dup.dup.dup.dup.dup.dup.dup.dup.dup.dup.dup.dup.dup.dup.dup.dup.dup.dup.dup.dup.dup.dup.dup.dup.dup.dup.dup.dup.dup.dup.dup.dup.json'
[INGEST] 0 leads nuevos, 0 duplicados saltados.
[DUP LEAD] prospecto_20260807.done.done.done.done.done.done.dup.dup.dup.dup.dup.dup.dup.dup.dup.dup.dup.dup.dup.dup.dup.dup.dup.dup.dup.dup.dup.dup.dup.dup.dup.dup.dup.dup.dup.dup.dup.dup.dup.dup.dup.dup.dup.dup.dup.dup.dup.dup.dup.dup.dup.dup.dup.dup.dup.dup.json: ya existe cita #4. skip
[LEAD FAIL] prospecto_20260807.done.done.done.done.done.done.dup.dup.dup.dup.dup.dup.dup.dup.dup.dup.dup.dup.dup.dup.dup.dup.dup.dup.dup.dup.dup.dup.dup.dup.dup.dup.dup.dup.dup.dup.dup.dup.dup.dup.dup.dup.dup.dup.dup.dup.dup.dup.dup.dup.dup.dup.dup.dup.dup.dup.json: [Errno 36] File name too long: '/home/mystic/Documentos/Sonora Digital Corp Nuevo/01_Core_Platform/03_Agentic_Infrastructure/Databases/Aztrotech_Citas/leads/prospecto_20260807.done.done.done.done.done.done.dup.dup.dup.dup.dup.dup.dup.dup.dup.dup.dup.dup.dup.dup.dup.dup.dup.dup.dup.dup.dup.dup.dup.dup.dup.dup.dup.dup.dup.dup.dup.dup.dup.dup.dup.dup.dup.dup.dup.dup.dup.dup.dup.dup.dup.dup.dup.dup.dup.dup.json' -> '/home/mystic/Documentos/Sonora Digital Corp Nuevo/01_Core_Platform/03_Agentic_Infrastructure/Databases/Aztrotech_Citas/leads/prospecto_20260807.done.done.done.done.done.done.dup.dup.dup.dup.dup.dup.dup.dup.dup.dup.dup.dup.dup.dup.dup.dup.dup.dup.dup.dup.dup.dup.dup.dup.dup.dup.dup.dup.dup.dup.dup.dup.dup.dup.dup.dup.dup.dup.dup.dup.dup.dup.dup.dup.dup.dup.dup.dup.dup.dup.dup.json'
[INGEST] 0 leads nuevos, 0 duplicados saltados.
[DUP LEAD] prospecto_20260807.done.done.done.done.done.done.dup.dup.dup.dup.dup.dup.dup.dup.dup.dup.dup.dup.dup.dup.dup.dup.dup.dup.dup.dup.dup.dup.dup.dup.dup.dup.dup.dup.dup.dup.dup.dup.dup.dup.dup.dup.dup.dup.dup.dup.dup.dup.dup.dup.dup.dup.dup.dup.dup.dup.json: ya existe cita #4. skip
[LEAD FAIL] prospecto_20260807.done.done.done.done.done.done.dup.dup.dup.dup.dup.dup.dup.dup.dup.dup.dup.dup.dup.dup.dup.dup.dup.dup.dup.dup.dup.dup.dup.dup.dup.dup.dup.dup.dup.dup.dup.dup.dup.dup.dup.dup.dup.dup.dup.dup.dup.dup.dup.dup.dup.dup.dup.dup.dup.dup.json: [Errno 36] File name too long: '/home/mystic/Documentos/Sonora Digital Corp Nuevo/01_Core_Platform/03_Agentic_Infrastructure/Databases/Aztrotech_Citas/leads/prospecto_20260807.done.done.done.done.done.done.dup.dup.dup.dup.dup.dup.dup.dup.dup.dup.dup.dup.dup.dup.dup.dup.dup.dup.dup.dup.dup.dup.dup.dup.dup.dup.dup.dup.dup.dup.dup.dup.dup.dup.dup.dup.dup.dup.dup.dup.dup.dup.dup.dup.dup.dup.dup.dup.dup.dup.json' -> '/home/mystic/Documentos/Sonora Digital Corp Nuevo/01_Core_Platform/03_Agentic_Infrastructure/Databases/Aztrotech_Citas/leads/prospecto_20260807.done.done.done.done.done.done.dup.dup.dup.dup.dup.dup.dup.dup.dup.dup.dup.dup.dup.dup.dup.dup.dup.dup.dup.dup.dup.dup.dup.dup.dup.dup.dup.dup.dup.dup.dup.dup.dup.dup.dup.dup.dup.dup.dup.dup.dup.dup.dup.dup.dup.dup.dup.dup.dup.dup.dup.json'
[INGEST] 0 leads nuevos, 0 duplicados saltados.
[DUP LEAD] prospecto_20260807.done.done.done.done.done.done.dup.dup.dup.dup.dup.dup.dup.dup.dup.dup.dup.dup.dup.dup.dup.dup.dup.dup.dup.dup.dup.dup.dup.dup.dup.dup.dup.dup.dup.dup.dup.dup.dup.dup.dup.dup.dup.dup.dup.dup.dup.dup.dup.dup.dup.dup.dup.dup.dup.dup.json: ya existe cita #4. skip
[LEAD FAIL] prospecto_20260807.done.done.done.done.done.done.dup.dup.dup.dup.dup.dup.dup.dup.dup.dup.dup.dup.dup.dup.dup.dup.dup.dup.dup.dup.dup.dup.dup.dup.dup.dup.dup.dup.dup.dup.dup.dup.dup.dup.dup.dup.dup.dup.dup.dup.dup.dup.dup.dup.dup.dup.dup.dup.dup.dup.json: [Errno 36] File name too long: '/home/mystic/Documentos/Sonora Digital Corp Nuevo/01_Core_Platform/03_Agentic_Infrastructure/Databases/Aztrotech_Citas/leads/prospecto_20260807.done.done.done.done.done.done.dup.dup.dup.dup.dup.dup.dup.dup.dup.dup.dup.dup.dup.dup.dup.dup.dup.dup.dup.dup.dup.dup.dup.dup.dup.dup.dup.dup.dup.dup.dup.dup.dup.dup.dup.dup.dup.dup.dup.dup.dup.dup.dup.dup.dup.dup.dup.dup.dup.dup.json' -> '/home/mystic/Documentos/Sonora Digital Corp Nuevo/01_Core_Platform/03_Agentic_Infrastructure/Databases/Aztrotech_Citas/leads/prospecto_20260807.done.done.done.done.done.done.dup.dup.dup.dup.dup.dup.dup.dup.dup.dup.dup.dup.dup.dup.dup.dup.dup.dup.dup.dup.dup.dup.dup.dup.dup.dup.dup.dup.dup.dup.dup.dup.dup.dup.dup.dup.dup.dup.dup.dup.dup.dup.dup.dup.dup.dup.dup.dup.dup.dup.dup.json'
[INGEST] 0 leads nuevos, 0 duplicados saltados.
[DUP LEAD] prospecto_20260807.done.done.done.done.done.done.dup.dup.dup.dup.dup.dup.dup.dup.dup.dup.dup.dup.dup.dup.dup.dup.dup.dup.dup.dup.dup.dup.dup.dup.dup.dup.dup.dup.dup.dup.dup.dup.dup.dup.dup.dup.dup.dup.dup.dup.dup.dup.dup.dup.dup.dup.dup.dup.dup.dup.json: ya existe cita #4. skip
[LEAD FAIL] prospecto_20260807.done.done.done.done.done.done.dup.dup.dup.dup.dup.dup.dup.dup.dup.dup.dup.dup.dup.dup.dup.dup.dup.dup.dup.dup.dup.dup.dup.dup.dup.dup.dup.dup.dup.dup.dup.dup.dup.dup.dup.dup.dup.dup.dup.dup.dup.dup.dup.dup.dup.dup.dup.dup.dup.dup.json: [Errno 36] File name too long: '/home/mystic/Documentos/Sonora Digital Corp Nuevo/01_Core_Platform/03_Agentic_Infrastructure/Databases/Aztrotech_Citas/leads/prospecto_20260807.done.done.done.done.done.done.dup.dup.dup.dup.dup.dup.dup.dup.dup.dup.dup.dup.dup.dup.dup.dup.dup.dup.dup.dup.dup.dup.dup.dup.dup.dup.dup.dup.dup.dup.dup.dup.dup.dup.dup.dup.dup.dup.dup.dup.dup.dup.dup.dup.dup.dup.dup.dup.dup.dup.json' -> '/home/mystic/Documentos/Sonora Digital Corp Nuevo/01_Core_Platform/03_Agentic_Infrastructure/Databases/Aztrotech_Citas/leads/prospecto_20260807.done.done.done.done.done.done.dup.dup.dup.dup.dup.dup.dup.dup.dup.dup.dup.dup.dup.dup.dup.dup.dup.dup.dup.dup.dup.dup.dup.dup.dup.dup.dup.dup.dup.dup.dup.dup.dup.dup.dup.dup.dup.dup.dup.dup.dup.dup.dup.dup.dup.dup.dup.dup.dup.dup.dup.json'
[INGEST] 0 leads nuevos, 0 duplicados saltados.
[DUP LEAD] prospecto_20260807.done.done.done.done.done.done.dup.dup.dup.dup.dup.dup.dup.dup.dup.dup.dup.dup.dup.dup.dup.dup.dup.dup.dup.dup.dup.dup.dup.dup.dup.dup.dup.dup.dup.dup.dup.dup.dup.dup.dup.dup.dup.dup.dup.dup.dup.dup.dup.dup.dup.dup.dup.dup.dup.dup.json: ya existe cita #4. skip
[LEAD FAIL] prospecto_20260807.done.done.done.done.done.done.dup.dup.dup.dup.dup.dup.dup.dup.dup.dup.dup.dup.dup.dup.dup.dup.dup.dup.dup.dup.dup.dup.dup.dup.dup.dup.dup.dup.dup.dup.dup.dup.dup.dup.dup.dup.dup.dup.dup.dup.dup.dup.dup.dup.dup.dup.dup.dup.dup.dup.json: [Errno 36] File name too long: '/home/mystic/Documentos/Sonora Digital Corp Nuevo/01_Core_Platform/03_Agentic_Infrastructure/Databases/Aztrotech_Citas/leads/prospecto_20260807.done.done.done.done.done.done.dup.dup.dup.dup.dup.dup.dup.dup.dup.dup.dup.dup.dup.dup.dup.dup.dup.dup.dup.dup.dup.dup.dup.dup.dup.dup.dup.dup.dup.dup.dup.dup.dup.dup.dup.dup.dup.dup.dup.dup.dup.dup.dup.dup.dup.dup.dup.dup.dup.dup.json' -> '/home/mystic/Documentos/Sonora Digital Corp Nuevo/01_Core_Platform/03_Agentic_Infrastructure/Databases/Aztrotech_Citas/leads/prospecto_20260807.done.done.done.done.done.done.dup.dup.dup.dup.dup.dup.dup.dup.dup.dup.dup.dup.dup.dup.dup.dup.dup.dup.dup.dup.dup.dup.dup.dup.dup.dup.dup.dup.dup.dup.dup.dup.dup.dup.dup.dup.dup.dup.dup.dup.dup.dup.dup.dup.dup.dup.dup.dup.dup.dup.dup.json'
[INGEST] 0 leads nuevos, 0 duplicados saltados.
[DUP LEAD] prospecto_20260807.done.done.done.done.done.done.dup.dup.dup.dup.dup.dup.dup.dup.dup.dup.dup.dup.dup.dup.dup.dup.dup.dup.dup.dup.dup.dup.dup.dup.dup.dup.dup.dup.dup.dup.dup.dup.dup.dup.dup.dup.dup.dup.dup.dup.dup.dup.dup.dup.dup.dup.dup.dup.dup.dup.json: ya existe cita #4. skip
[LEAD FAIL] prospecto_20260807.done.done.done.done.done.done.dup.dup.dup.dup.dup.dup.dup.dup.dup.dup.dup.dup.dup.dup.dup.dup.dup.dup.dup.dup.dup.dup.dup.dup.dup.dup.dup.dup.dup.dup.dup.dup.dup.dup.dup.dup.dup.dup.dup.dup.dup.dup.dup.dup.dup.dup.dup.dup.dup.dup.json: [Errno 36] File name too long: '/home/mystic/Documentos/Sonora Digital Corp Nuevo/01_Core_Platform/03_Agentic_Infrastructure/Databases/Aztrotech_Citas/leads/prospecto_20260807.done.done.done.done.done.done.dup.dup.dup.dup.dup.dup.dup.dup.dup.dup.dup.dup.dup.dup.dup.dup.dup.dup.dup.dup.dup.dup.dup.dup.dup.dup.dup.dup.dup.dup.dup.dup.dup.dup.dup.dup.dup.dup.dup.dup.dup.dup.dup.dup.dup.dup.dup.dup.dup.dup.json' -> '/home/mystic/Documentos/Sonora Digital Corp Nuevo/01_Core_Platform/03_Agentic_Infrastructure/Databases/Aztrotech_Citas/leads/prospecto_20260807.done.done.done.done.done.done.dup.dup.dup.dup.dup.dup.dup.dup.dup.dup.dup.dup.dup.dup.dup.dup.dup.dup.dup.dup.dup.dup.dup.dup.dup.dup.dup.dup.dup.dup.dup.dup.dup.dup.dup.dup.dup.dup.dup.dup.dup.dup.dup.dup.dup.dup.dup.dup.dup.dup.dup.json'
[INGEST] 0 leads nuevos, 0 duplicados saltados.
[DUP LEAD] prospecto_20260807.done.done.done.done.done.done.dup.dup.dup.dup.dup.dup.dup.dup.dup.dup.dup.dup.dup.dup.dup.dup.dup.dup.dup.dup.dup.dup.dup.dup.dup.dup.dup.dup.dup.dup.dup.dup.dup.dup.dup.dup.dup.dup.dup.dup.dup.dup.dup.dup.dup.dup.dup.dup.dup.dup.json: ya existe cita #4. skip
[LEAD FAIL] prospecto_20260807.done.done.done.done.done.done.dup.dup.dup.dup.dup.dup.dup.dup.dup.dup.dup.dup.dup.dup.dup.dup.dup.dup.dup.dup.dup.dup.dup.dup.dup.dup.dup.dup.dup.dup.dup.dup.dup.dup.dup.dup.dup.dup.dup.dup.dup.dup.dup.dup.dup.dup.dup.dup.dup.dup.json: [Errno 36] File name too long: '/home/mystic/Documentos/Sonora Digital Corp Nuevo/01_Core_Platform/03_Agentic_Infrastructure/Databases/Aztrotech_Citas/leads/prospecto_20260807.done.done.done.done.done.done.dup.dup.dup.dup.dup.dup.dup.dup.dup.dup.dup.dup.dup.dup.dup.dup.dup.dup.dup.dup.dup.dup.dup.dup.dup.dup.dup.dup.dup.dup.dup.dup.dup.dup.dup.dup.dup.dup.dup.dup.dup.dup.dup.dup.dup.dup.dup.dup.dup.dup.json' -> '/home/mystic/Documentos/Sonora Digital Corp Nuevo/01_Core_Platform/03_Agentic_Infrastructure/Databases/Aztrotech_Citas/leads/prospecto_20260807.done.done.done.done.done.done.dup.dup.dup.dup.dup.dup.dup.dup.dup.dup.dup.dup.dup.dup.dup.dup.dup.dup.dup.dup.dup.dup.dup.dup.dup.dup.dup.dup.dup.dup.dup.dup.dup.dup.dup.dup.dup.dup.dup.dup.dup.dup.dup.dup.dup.dup.dup.dup.dup.dup.dup.json'
[INGEST] 0 leads nuevos, 0 duplicados saltados.
[DUP LEAD] prospecto_20260807.done.done.done.done.done.done.dup.dup.dup.dup.dup.dup.dup.dup.dup.dup.dup.dup.dup.dup.dup.dup.dup.dup.dup.dup.dup.dup.dup.dup.dup.dup.dup.dup.dup.dup.dup.dup.dup.dup.dup.dup.dup.dup.dup.dup.dup.dup.dup.dup.dup.dup.dup.dup.dup.dup.json: ya existe cita #4. skip
[LEAD FAIL] prospecto_20260807.done.done.done.done.done.done.dup.dup.dup.dup.dup.dup.dup.dup.dup.dup.dup.dup.dup.dup.dup.dup.dup.dup.dup.dup.dup.dup.dup.dup.dup.dup.dup.dup.dup.dup.dup.dup.dup.dup.dup.dup.dup.dup.dup.dup.dup.dup.dup.dup.dup.dup.dup.dup.dup.dup.json: [Errno 36] File name too long: '/home/mystic/Documentos/Sonora Digital Corp Nuevo/01_Core_Platform/03_Agentic_Infrastructure/Databases/Aztrotech_Citas/leads/prospecto_20260807.done.done.done.done.done.done.dup.dup.dup.dup.dup.dup.dup.dup.dup.dup.dup.dup.dup.dup.dup.dup.dup.dup.dup.dup.dup.dup.dup.dup.dup.dup.dup.dup.dup.dup.dup.dup.dup.dup.dup.dup.dup.dup.dup.dup.dup.dup.dup.dup.dup.dup.dup.dup.dup.dup.json' -> '/home/mystic/Documentos/Sonora Digital Corp Nuevo/01_Core_Platform/03_Agentic_Infrastructure/Databases/Aztrotech_Citas/leads/prospecto_20260807.done.done.done.done.done.done.dup.dup.dup.dup.dup.dup.dup.dup.dup.dup.dup.dup.dup.dup.dup.dup.dup.dup.dup.dup.dup.dup.dup.dup.dup.dup.dup.dup.dup.dup.dup.dup.dup.dup.dup.dup.dup.dup.dup.dup.dup.dup.dup.dup.dup.dup.dup.dup.dup.dup.dup.json'
[INGEST] 0 leads nuevos, 0 duplicados saltados.
[DUP LEAD] prospecto_20260807.done.done.done.done.done.done.dup.dup.dup.dup.dup.dup.dup.dup.dup.dup.dup.dup.dup.dup.dup.dup.dup.dup.dup.dup.dup.dup.dup.dup.dup.dup.dup.dup.dup.dup.dup.dup.dup.dup.dup.dup.dup.dup.dup.dup.dup.dup.dup.dup.dup.dup.dup.dup.dup.dup.json: ya existe cita #4. skip
[LEAD FAIL] prospecto_20260807.done.done.done.done.done.done.dup.dup.dup.dup.dup.dup.dup.dup.dup.dup.dup.dup.dup.dup.dup.dup.dup.dup.dup.dup.dup.dup.dup.dup.dup.dup.dup.dup.dup.dup.dup.dup.dup.dup.dup.dup.dup.dup.dup.dup.dup.dup.dup.dup.dup.dup.dup.dup.dup.dup.json: [Errno 36] File name too long: '/home/mystic/Documentos/Sonora Digital Corp Nuevo/01_Core_Platform/03_Agentic_Infrastructure/Databases/Aztrotech_Citas/leads/prospecto_20260807.done.done.done.done.done.done.dup.dup.dup.dup.dup.dup.dup.dup.dup.dup.dup.dup.dup.dup.dup.dup.dup.dup.dup.dup.dup.dup.dup.dup.dup.dup.dup.dup.dup.dup.dup.dup.dup.dup.dup.dup.dup.dup.dup.dup.dup.dup.dup.dup.dup.dup.dup.dup.dup.dup.json' -> '/home/mystic/Documentos/Sonora Digital Corp Nuevo/01_Core_Platform/03_Agentic_Infrastructure/Databases/Aztrotech_Citas/leads/prospecto_20260807.done.done.done.done.done.done.dup.dup.dup.dup.dup.dup.dup.dup.dup.dup.dup.dup.dup.dup.dup.dup.dup.dup.dup.dup.dup.dup.dup.dup.dup.dup.dup.dup.dup.dup.dup.dup.dup.dup.dup.dup.dup.dup.dup.dup.dup.dup.dup.dup.dup.dup.dup.dup.dup.dup.dup.json'
[INGEST] 0 leads nuevos, 0 duplicados saltados.
[DUP LEAD] prospecto_20260807.done.done.done.done.done.done.dup.dup.dup.dup.dup.dup.dup.dup.dup.dup.dup.dup.dup.dup.dup.dup.dup.dup.dup.dup.dup.dup.dup.dup.dup.dup.dup.dup.dup.dup.dup.dup.dup.dup.dup.dup.dup.dup.dup.dup.dup.dup.dup.dup.dup.dup.dup.dup.dup.dup.json: ya existe cita #4. skip
[LEAD FAIL] prospecto_20260807.done.done.done.done.done.done.dup.dup.dup.dup.dup.dup.dup.dup.dup.dup.dup.dup.dup.dup.dup.dup.dup.dup.dup.dup.dup.dup.dup.dup.dup.dup.dup.dup.dup.dup.dup.dup.dup.dup.dup.dup.dup.dup.dup.dup.dup.dup.dup.dup.dup.dup.dup.dup.dup.dup.json: [Errno 36] File name too long: '/home/mystic/Documentos/Sonora Digital Corp Nuevo/01_Core_Platform/03_Agentic_Infrastructure/Databases/Aztrotech_Citas/leads/prospecto_20260807.done.done.done.done.done.done.dup.dup.dup.dup.dup.dup.dup.dup.dup.dup.dup.dup.dup.dup.dup.dup.dup.dup.dup.dup.dup.dup.dup.dup.dup.dup.dup.dup.dup.dup.dup.dup.dup.dup.dup.dup.dup.dup.dup.dup.dup.dup.dup.dup.dup.dup.dup.dup.dup.dup.json' -> '/home/mystic/Documentos/Sonora Digital Corp Nuevo/01_Core_Platform/03_Agentic_Infrastructure/Databases/Aztrotech_Citas/leads/prospecto_20260807.done.done.done.done.done.done.dup.dup.dup.dup.dup.dup.dup.dup.dup.dup.dup.dup.dup.dup.dup.dup.dup.dup.dup.dup.dup.dup.dup.dup.dup.dup.dup.dup.dup.dup.dup.dup.dup.dup.dup.dup.dup.dup.dup.dup.dup.dup.dup.dup.dup.dup.dup.dup.dup.dup.dup.json'
[INGEST] 0 leads nuevos, 0 duplicados saltados.
[DUP LEAD] prospecto_20260807.done.done.done.done.done.done.dup.dup.dup.dup.dup.dup.dup.dup.dup.dup.dup.dup.dup.dup.dup.dup.dup.dup.dup.dup.dup.dup.dup.dup.dup.dup.dup.dup.dup.dup.dup.dup.dup.dup.dup.dup.dup.dup.dup.dup.dup.dup.dup.dup.dup.dup.dup.dup.dup.dup.json: ya existe cita #4. skip
[LEAD FAIL] prospecto_20260807.done.done.done.done.done.done.dup.dup.dup.dup.dup.dup.dup.dup.dup.dup.dup.dup.dup.dup.dup.dup.dup.dup.dup.dup.dup.dup.dup.dup.dup.dup.dup.dup.dup.dup.dup.dup.dup.dup.dup.dup.dup.dup.dup.dup.dup.dup.dup.dup.dup.dup.dup.dup.dup.dup.json: [Errno 36] File name too long: '/home/mystic/Documentos/Sonora Digital Corp Nuevo/01_Core_Platform/03_Agentic_Infrastructure/Databases/Aztrotech_Citas/leads/prospecto_20260807.done.done.done.done.done.done.dup.dup.dup.dup.dup.dup.dup.dup.dup.dup.dup.dup.dup.dup.dup.dup.dup.dup.dup.dup.dup.dup.dup.dup.dup.dup.dup.dup.dup.dup.dup.dup.dup.dup.dup.dup.dup.dup.dup.dup.dup.dup.dup.dup.dup.dup.dup.dup.dup.dup.json' -> '/home/mystic/Documentos/Sonora Digital Corp Nuevo/01_Core_Platform/03_Agentic_Infrastructure/Databases/Aztrotech_Citas/leads/prospecto_20260807.done.done.done.done.done.done.dup.dup.dup.dup.dup.dup.dup.dup.dup.dup.dup.dup.dup.dup.dup.dup.dup.dup.dup.dup.dup.dup.dup.dup.dup.dup.dup.dup.dup.dup.dup.dup.dup.dup.dup.dup.dup.dup.dup.dup.dup.dup.dup.dup.dup.dup.dup.dup.dup.dup.dup.json'
[INGEST] 0 leads nuevos, 0 duplicados saltados.
[DUP LEAD] prospecto_20260807.done.done.done.done.done.done.dup.dup.dup.dup.dup.dup.dup.dup.dup.dup.dup.dup.dup.dup.dup.dup.dup.dup.dup.dup.dup.dup.dup.dup.dup.dup.dup.dup.dup.dup.dup.dup.dup.dup.dup.dup.dup.dup.dup.dup.dup.dup.dup.dup.dup.dup.dup.dup.dup.dup.json: ya existe cita #4. skip
[LEAD FAIL] prospecto_20260807.done.done.done.done.done.done.dup.dup.dup.dup.dup.dup.dup.dup.dup.dup.dup.dup.dup.dup.dup.dup.dup.dup.dup.dup.dup.dup.dup.dup.dup.dup.dup.dup.dup.dup.dup.dup.dup.dup.dup.dup.dup.dup.dup.dup.dup.dup.dup.dup.dup.dup.dup.dup.dup.dup.json: [Errno 36] File name too long: '/home/mystic/Documentos/Sonora Digital Corp Nuevo/01_Core_Platform/03_Agentic_Infrastructure/Databases/Aztrotech_Citas/leads/prospecto_20260807.done.done.done.done.done.done.dup.dup.dup.dup.dup.dup.dup.dup.dup.dup.dup.dup.dup.dup.dup.dup.dup.dup.dup.dup.dup.dup.dup.dup.dup.dup.dup.dup.dup.dup.dup.dup.dup.dup.dup.dup.dup.dup.dup.dup.dup.dup.dup.dup.dup.dup.dup.dup.dup.dup.json' -> '/home/mystic/Documentos/Sonora Digital Corp Nuevo/01_Core_Platform/03_Agentic_Infrastructure/Databases/Aztrotech_Citas/leads/prospecto_20260807.done.done.done.done.done.done.dup.dup.dup.dup.dup.dup.dup.dup.dup.dup.dup.dup.dup.dup.dup.dup.dup.dup.dup.dup.dup.dup.dup.dup.dup.dup.dup.dup.dup.dup.dup.dup.dup.dup.dup.dup.dup.dup.dup.dup.dup.dup.dup.dup.dup.dup.dup.dup.dup.dup.dup.json'
[INGEST] 0 leads nuevos, 0 duplicados saltados.
[DUP LEAD] prospecto_20260807.done.done.done.done.done.done.dup.dup.dup.dup.dup.dup.dup.dup.dup.dup.dup.dup.dup.dup.dup.dup.dup.dup.dup.dup.dup.dup.dup.dup.dup.dup.dup.dup.dup.dup.dup.dup.dup.dup.dup.dup.dup.dup.dup.dup.dup.dup.dup.dup.dup.dup.dup.dup.dup.dup.json: ya existe cita #4. skip
[LEAD FAIL] prospecto_20260807.done.done.done.done.done.done.dup.dup.dup.dup.dup.dup.dup.dup.dup.dup.dup.dup.dup.dup.dup.dup.dup.dup.dup.dup.dup.dup.dup.dup.dup.dup.dup.dup.dup.dup.dup.dup.dup.dup.dup.dup.dup.dup.dup.dup.dup.dup.dup.dup.dup.dup.dup.dup.dup.dup.json: [Errno 36] File name too long: '/home/mystic/Documentos/Sonora Digital Corp Nuevo/01_Core_Platform/03_Agentic_Infrastructure/Databases/Aztrotech_Citas/leads/prospecto_20260807.done.done.done.done.done.done.dup.dup.dup.dup.dup.dup.dup.dup.dup.dup.dup.dup.dup.dup.dup.dup.dup.dup.dup.dup.dup.dup.dup.dup.dup.dup.dup.dup.dup.dup.dup.dup.dup.dup.dup.dup.dup.dup.dup.dup.dup.dup.dup.dup.dup.dup.dup.dup.dup.dup.json' -> '/home/mystic/Documentos/Sonora Digital Corp Nuevo/01_Core_Platform/03_Agentic_Infrastructure/Databases/Aztrotech_Citas/leads/prospecto_20260807.done.done.done.done.done.done.dup.dup.dup.dup.dup.dup.dup.dup.dup.dup.dup.dup.dup.dup.dup.dup.dup.dup.dup.dup.dup.dup.dup.dup.dup.dup.dup.dup.dup.dup.dup.dup.dup.dup.dup.dup.dup.dup.dup.dup.dup.dup.dup.dup.dup.dup.dup.dup.dup.dup.dup.json'
[INGEST] 0 leads nuevos, 0 duplicados saltados.
[DUP LEAD] prospecto_20260807.done.done.done.done.done.done.dup.dup.dup.dup.dup.dup.dup.dup.dup.dup.dup.dup.dup.dup.dup.dup.dup.dup.dup.dup.dup.dup.dup.dup.dup.dup.dup.dup.dup.dup.dup.dup.dup.dup.dup.dup.dup.dup.dup.dup.dup.dup.dup.dup.dup.dup.dup.dup.dup.dup.json: ya existe cita #4. skip
[LEAD FAIL] prospecto_20260807.done.done.done.done.done.done.dup.dup.dup.dup.dup.dup.dup.dup.dup.dup.dup.dup.dup.dup.dup.dup.dup.dup.dup.dup.dup.dup.dup.dup.dup.dup.dup.dup.dup.dup.dup.dup.dup.dup.dup.dup.dup.dup.dup.dup.dup.dup.dup.dup.dup.dup.dup.dup.dup.dup.json: [Errno 36] File name too long: '/home/mystic/Documentos/Sonora Digital Corp Nuevo/01_Core_Platform/03_Agentic_Infrastructure/Databases/Aztrotech_Citas/leads/prospecto_20260807.done.done.done.done.done.done.dup.dup.dup.dup.dup.dup.dup.dup.dup.dup.dup.dup.dup.dup.dup.dup.dup.dup.dup.dup.dup.dup.dup.dup.dup.dup.dup.dup.dup.dup.dup.dup.dup.dup.dup.dup.dup.dup.dup.dup.dup.dup.dup.dup.dup.dup.dup.dup.dup.dup.json' -> '/home/mystic/Documentos/Sonora Digital Corp Nuevo/01_Core_Platform/03_Agentic_Infrastructure/Databases/Aztrotech_Citas/leads/prospecto_20260807.done.done.done.done.done.done.dup.dup.dup.dup.dup.dup.dup.dup.dup.dup.dup.dup.dup.dup.dup.dup.dup.dup.dup.dup.dup.dup.dup.dup.dup.dup.dup.dup.dup.dup.dup.dup.dup.dup.dup.dup.dup.dup.dup.dup.dup.dup.dup.dup.dup.dup.dup.dup.dup.dup.dup.json'
[INGEST] 0 leads nuevos, 0 duplicados saltados.
[DUP LEAD] prospecto_20260807.done.done.done.done.done.done.dup.dup.dup.dup.dup.dup.dup.dup.dup.dup.dup.dup.dup.dup.dup.dup.dup.dup.dup.dup.dup.dup.dup.dup.dup.dup.dup.dup.dup.dup.dup.dup.dup.dup.dup.dup.dup.dup.dup.dup.dup.dup.dup.dup.dup.dup.dup.dup.dup.dup.json: ya existe cita #4. skip
[LEAD FAIL] prospecto_20260807.done.done.done.done.done.done.dup.dup.dup.dup.dup.dup.dup.dup.dup.dup.dup.dup.dup.dup.dup.dup.dup.dup.dup.dup.dup.dup.dup.dup.dup.dup.dup.dup.dup.dup.dup.dup.dup.dup.dup.dup.dup.dup.dup.dup.dup.dup.dup.dup.dup.dup.dup.dup.dup.dup.json: [Errno 36] File name too long: '/home/mystic/Documentos/Sonora Digital Corp Nuevo/01_Core_Platform/03_Agentic_Infrastructure/Databases/Aztrotech_Citas/leads/prospecto_20260807.done.done.done.done.done.done.dup.dup.dup.dup.dup.dup.dup.dup.dup.dup.dup.dup.dup.dup.dup.dup.dup.dup.dup.dup.dup.dup.dup.dup.dup.dup.dup.dup.dup.dup.dup.dup.dup.dup.dup.dup.dup.dup.dup.dup.dup.dup.dup.dup.dup.dup.dup.dup.dup.dup.json' -> '/home/mystic/Documentos/Sonora Digital Corp Nuevo/01_Core_Platform/03_Agentic_Infrastructure/Databases/Aztrotech_Citas/leads/prospecto_20260807.done.done.done.done.done.done.dup.dup.dup.dup.dup.dup.dup.dup.dup.dup.dup.dup.dup.dup.dup.dup.dup.dup.dup.dup.dup.dup.dup.dup.dup.dup.dup.dup.dup.dup.dup.dup.dup.dup.dup.dup.dup.dup.dup.dup.dup.dup.dup.dup.dup.dup.dup.dup.dup.dup.dup.json'
[INGEST] 0 leads nuevos, 0 duplicados saltados.
[DUP LEAD] prospecto_20260807.done.done.done.done.done.done.dup.dup.dup.dup.dup.dup.dup.dup.dup.dup.dup.dup.dup.dup.dup.dup.dup.dup.dup.dup.dup.dup.dup.dup.dup.dup.dup.dup.dup.dup.dup.dup.dup.dup.dup.dup.dup.dup.dup.dup.dup.dup.dup.dup.dup.dup.dup.dup.dup.dup.json: ya existe cita #4. skip
[LEAD FAIL] prospecto_20260807.done.done.done.done.done.done.dup.dup.dup.dup.dup.dup.dup.dup.dup.dup.dup.dup.dup.dup.dup.dup.dup.dup.dup.dup.dup.dup.dup.dup.dup.dup.dup.dup.dup.dup.dup.dup.dup.dup.dup.dup.dup.dup.dup.dup.dup.dup.dup.dup.dup.dup.dup.dup.dup.dup.json: [Errno 36] File name too long: '/home/mystic/Documentos/Sonora Digital Corp Nuevo/01_Core_Platform/03_Agentic_Infrastructure/Databases/Aztrotech_Citas/leads/prospecto_20260807.done.done.done.done.done.done.dup.dup.dup.dup.dup.dup.dup.dup.dup.dup.dup.dup.dup.dup.dup.dup.dup.dup.dup.dup.dup.dup.dup.dup.dup.dup.dup.dup.dup.dup.dup.dup.dup.dup.dup.dup.dup.dup.dup.dup.dup.dup.dup.dup.dup.dup.dup.dup.dup.dup.json' -> '/home/mystic/Documentos/Sonora Digital Corp Nuevo/01_Core_Platform/03_Agentic_Infrastructure/Databases/Aztrotech_Citas/leads/prospecto_20260807.done.done.done.done.done.done.dup.dup.dup.dup.dup.dup.dup.dup.dup.dup.dup.dup.dup.dup.dup.dup.dup.dup.dup.dup.dup.dup.dup.dup.dup.dup.dup.dup.dup.dup.dup.dup.dup.dup.dup.dup.dup.dup.dup.dup.dup.dup.dup.dup.dup.dup.dup.dup.dup.dup.dup.json'
[INGEST] 0 leads nuevos, 0 duplicados saltados.
[DUP LEAD] prospecto_20260807.done.done.done.done.done.done.dup.dup.dup.dup.dup.dup.dup.dup.dup.dup.dup.dup.dup.dup.dup.dup.dup.dup.dup.dup.dup.dup.dup.dup.dup.dup.dup.dup.dup.dup.dup.dup.dup.dup.dup.dup.dup.dup.dup.dup.dup.dup.dup.dup.dup.dup.dup.dup.dup.dup.json: ya existe cita #4. skip
[LEAD FAIL] prospecto_20260807.done.done.done.done.done.done.dup.dup.dup.dup.dup.dup.dup.dup.dup.dup.dup.dup.dup.dup.dup.dup.dup.dup.dup.dup.dup.dup.dup.dup.dup.dup.dup.dup.dup.dup.dup.dup.dup.dup.dup.dup.dup.dup.dup.dup.dup.dup.dup.dup.dup.dup.dup.dup.dup.dup.json: [Errno 36] File name too long: '/home/mystic/Documentos/Sonora Digital Corp Nuevo/01_Core_Platform/03_Agentic_Infrastructure/Databases/Aztrotech_Citas/leads/prospecto_20260807.done.done.done.done.done.done.dup.dup.dup.dup.dup.dup.dup.dup.dup.dup.dup.dup.dup.dup.dup.dup.dup.dup.dup.dup.dup.dup.dup.dup.dup.dup.dup.dup.dup.dup.dup.dup.dup.dup.dup.dup.dup.dup.dup.dup.dup.dup.dup.dup.dup.dup.dup.dup.dup.dup.json' -> '/home/mystic/Documentos/Sonora Digital Corp Nuevo/01_Core_Platform/03_Agentic_Infrastructure/Databases/Aztrotech_Citas/leads/prospecto_20260807.done.done.done.done.done.done.dup.dup.dup.dup.dup.dup.dup.dup.dup.dup.dup.dup.dup.dup.dup.dup.dup.dup.dup.dup.dup.dup.dup.dup.dup.dup.dup.dup.dup.dup.dup.dup.dup.dup.dup.dup.dup.dup.dup.dup.dup.dup.dup.dup.dup.dup.dup.dup.dup.dup.dup.json'
[INGEST] 0 leads nuevos, 0 duplicados saltados.
[DUP LEAD] prospecto_20260807.done.done.done.done.done.done.dup.dup.dup.dup.dup.dup.dup.dup.dup.dup.dup.dup.dup.dup.dup.dup.dup.dup.dup.dup.dup.dup.dup.dup.dup.dup.dup.dup.dup.dup.dup.dup.dup.dup.dup.dup.dup.dup.dup.dup.dup.dup.dup.dup.dup.dup.dup.dup.dup.dup.json: ya existe cita #4. skip
[LEAD FAIL] prospecto_20260807.done.done.done.done.done.done.dup.dup.dup.dup.dup.dup.dup.dup.dup.dup.dup.dup.dup.dup.dup.dup.dup.dup.dup.dup.dup.dup.dup.dup.dup.dup.dup.dup.dup.dup.dup.dup.dup.dup.dup.dup.dup.dup.dup.dup.dup.dup.dup.dup.dup.dup.dup.dup.dup.dup.json: [Errno 36] File name too long: '/home/mystic/Documentos/Sonora Digital Corp Nuevo/01_Core_Platform/03_Agentic_Infrastructure/Databases/Aztrotech_Citas/leads/prospecto_20260807.done.done.done.done.done.done.dup.dup.dup.dup.dup.dup.dup.dup.dup.dup.dup.dup.dup.dup.dup.dup.dup.dup.dup.dup.dup.dup.dup.dup.dup.dup.dup.dup.dup.dup.dup.dup.dup.dup.dup.dup.dup.dup.dup.dup.dup.dup.dup.dup.dup.dup.dup.dup.dup.dup.json' -> '/home/mystic/Documentos/Sonora Digital Corp Nuevo/01_Core_Platform/03_Agentic_Infrastructure/Databases/Aztrotech_Citas/leads/prospecto_20260807.done.done.done.done.done.done.dup.dup.dup.dup.dup.dup.dup.dup.dup.dup.dup.dup.dup.dup.dup.dup.dup.dup.dup.dup.dup.dup.dup.dup.dup.dup.dup.dup.dup.dup.dup.dup.dup.dup.dup.dup.dup.dup.dup.dup.dup.dup.dup.dup.dup.dup.dup.dup.dup.dup.dup.json'
[INGEST] 0 leads nuevos, 0 duplicados saltados.
[DUP LEAD] prospecto_20260807.done.done.done.done.done.done.dup.dup.dup.dup.dup.dup.dup.dup.dup.dup.dup.dup.dup.dup.dup.dup.dup.dup.dup.dup.dup.dup.dup.dup.dup.dup.dup.dup.dup.dup.dup.dup.dup.dup.dup.dup.dup.dup.dup.dup.dup.dup.dup.dup.dup.dup.dup.dup.dup.dup.json: ya existe cita #4. skip
[LEAD FAIL] prospecto_20260807.done.done.done.done.done.done.dup.dup.dup.dup.dup.dup.dup.dup.dup.dup.dup.dup.dup.dup.dup.dup.dup.dup.dup.dup.dup.dup.dup.dup.dup.dup.dup.dup.dup.dup.dup.dup.dup.dup.dup.dup.dup.dup.dup.dup.dup.dup.dup.dup.dup.dup.dup.dup.dup.dup.json: [Errno 36] File name too long: '/home/mystic/Documentos/Sonora Digital Corp Nuevo/01_Core_Platform/03_Agentic_Infrastructure/Databases/Aztrotech_Citas/leads/prospecto_20260807.done.done.done.done.done.done.dup.dup.dup.dup.dup.dup.dup.dup.dup.dup.dup.dup.dup.dup.dup.dup.dup.dup.dup.dup.dup.dup.dup.dup.dup.dup.dup.dup.dup.dup.dup.dup.dup.dup.dup.dup.dup.dup.dup.dup.dup.dup.dup.dup.dup.dup.dup.dup.dup.dup.json' -> '/home/mystic/Documentos/Sonora Digital Corp Nuevo/01_Core_Platform/03_Agentic_Infrastructure/Databases/Aztrotech_Citas/leads/prospecto_20260807.done.done.done.done.done.done.dup.dup.dup.dup.dup.dup.dup.dup.dup.dup.dup.dup.dup.dup.dup.dup.dup.dup.dup.dup.dup.dup.dup.dup.dup.dup.dup.dup.dup.dup.dup.dup.dup.dup.dup.dup.dup.dup.dup.dup.dup.dup.dup.dup.dup.dup.dup.dup.dup.dup.dup.json'
[INGEST] 0 leads nuevos, 0 duplicados saltados.
[DUP LEAD] prospecto_20260807.done.done.done.done.done.done.dup.dup.dup.dup.dup.dup.dup.dup.dup.dup.dup.dup.dup.dup.dup.dup.dup.dup.dup.dup.dup.dup.dup.dup.dup.dup.dup.dup.dup.dup.dup.dup.dup.dup.dup.dup.dup.dup.dup.dup.dup.dup.dup.dup.dup.dup.dup.dup.dup.dup.json: ya existe cita #4. skip
[LEAD FAIL] prospecto_20260807.done.done.done.done.done.done.dup.dup.dup.dup.dup.dup.dup.dup.dup.dup.dup.dup.dup.dup.dup.dup.dup.dup.dup.dup.dup.dup.dup.dup.dup.dup.dup.dup.dup.dup.dup.dup.dup.dup.dup.dup.dup.dup.dup.dup.dup.dup.dup.dup.dup.dup.dup.dup.dup.dup.json: [Errno 36] File name too long: '/home/mystic/Documentos/Sonora Digital Corp Nuevo/01_Core_Platform/03_Agentic_Infrastructure/Databases/Aztrotech_Citas/leads/prospecto_20260807.done.done.done.done.done.done.dup.dup.dup.dup.dup.dup.dup.dup.dup.dup.dup.dup.dup.dup.dup.dup.dup.dup.dup.dup.dup.dup.dup.dup.dup.dup.dup.dup.dup.dup.dup.dup.dup.dup.dup.dup.dup.dup.dup.dup.dup.dup.dup.dup.dup.dup.dup.dup.dup.dup.json' -> '/home/mystic/Documentos/Sonora Digital Corp Nuevo/01_Core_Platform/03_Agentic_Infrastructure/Databases/Aztrotech_Citas/leads/prospecto_20260807.done.done.done.done.done.done.dup.dup.dup.dup.dup.dup.dup.dup.dup.dup.dup.dup.dup.dup.dup.dup.dup.dup.dup.dup.dup.dup.dup.dup.dup.dup.dup.dup.dup.dup.dup.dup.dup.dup.dup.dup.dup.dup.dup.dup.dup.dup.dup.dup.dup.dup.dup.dup.dup.dup.dup.json'
[INGEST] 0 leads nuevos, 0 duplicados saltados.
[DUP LEAD] prospecto_20260807.done.done.done.done.done.done.dup.dup.dup.dup.dup.dup.dup.dup.dup.dup.dup.dup.dup.dup.dup.dup.dup.dup.dup.dup.dup.dup.dup.dup.dup.dup.dup.dup.dup.dup.dup.dup.dup.dup.dup.dup.dup.dup.dup.dup.dup.dup.dup.dup.dup.dup.dup.dup.dup.dup.json: ya existe cita #4. skip
[LEAD FAIL] prospecto_20260807.done.done.done.done.done.done.dup.dup.dup.dup.dup.dup.dup.dup.dup.dup.dup.dup.dup.dup.dup.dup.dup.dup.dup.dup.dup.dup.dup.dup.dup.dup.dup.dup.dup.dup.dup.dup.dup.dup.dup.dup.dup.dup.dup.dup.dup.dup.dup.dup.dup.dup.dup.dup.dup.dup.json: [Errno 36] File name too long: '/home/mystic/Documentos/Sonora Digital Corp Nuevo/01_Core_Platform/03_Agentic_Infrastructure/Databases/Aztrotech_Citas/leads/prospecto_20260807.done.done.done.done.done.done.dup.dup.dup.dup.dup.dup.dup.dup.dup.dup.dup.dup.dup.dup.dup.dup.dup.dup.dup.dup.dup.dup.dup.dup.dup.dup.dup.dup.dup.dup.dup.dup.dup.dup.dup.dup.dup.dup.dup.dup.dup.dup.dup.dup.dup.dup.dup.dup.dup.dup.json' -> '/home/mystic/Documentos/Sonora Digital Corp Nuevo/01_Core_Platform/03_Agentic_Infrastructure/Databases/Aztrotech_Citas/leads/prospecto_20260807.done.done.done.done.done.done.dup.dup.dup.dup.dup.dup.dup.dup.dup.dup.dup.dup.dup.dup.dup.dup.dup.dup.dup.dup.dup.dup.dup.dup.dup.dup.dup.dup.dup.dup.dup.dup.dup.dup.dup.dup.dup.dup.dup.dup.dup.dup.dup.dup.dup.dup.dup.dup.dup.dup.dup.json'
[INGEST] 0 leads nuevos, 0 duplicados saltados.
[DUP LEAD] prospecto_20260807.done.done.done.done.done.done.dup.dup.dup.dup.dup.dup.dup.dup.dup.dup.dup.dup.dup.dup.dup.dup.dup.dup.dup.dup.dup.dup.dup.dup.dup.dup.dup.dup.dup.dup.dup.dup.dup.dup.dup.dup.dup.dup.dup.dup.dup.dup.dup.dup.dup.dup.dup.dup.dup.dup.json: ya existe cita #4. skip
[LEAD FAIL] prospecto_20260807.done.done.done.done.done.done.dup.dup.dup.dup.dup.dup.dup.dup.dup.dup.dup.dup.dup.dup.dup.dup.dup.dup.dup.dup.dup.dup.dup.dup.dup.dup.dup.dup.dup.dup.dup.dup.dup.dup.dup.dup.dup.dup.dup.dup.dup.dup.dup.dup.dup.dup.dup.dup.dup.dup.json: [Errno 36] File name too long: '/home/mystic/Documentos/Sonora Digital Corp Nuevo/01_Core_Platform/03_Agentic_Infrastructure/Databases/Aztrotech_Citas/leads/prospecto_20260807.done.done.done.done.done.done.dup.dup.dup.dup.dup.dup.dup.dup.dup.dup.dup.dup.dup.dup.dup.dup.dup.dup.dup.dup.dup.dup.dup.dup.dup.dup.dup.dup.dup.dup.dup.dup.dup.dup.dup.dup.dup.dup.dup.dup.dup.dup.dup.dup.dup.dup.dup.dup.dup.dup.json' -> '/home/mystic/Documentos/Sonora Digital Corp Nuevo/01_Core_Platform/03_Agentic_Infrastructure/Databases/Aztrotech_Citas/leads/prospecto_20260807.done.done.done.done.done.done.dup.dup.dup.dup.dup.dup.dup.dup.dup.dup.dup.dup.dup.dup.dup.dup.dup.dup.dup.dup.dup.dup.dup.dup.dup.dup.dup.dup.dup.dup.dup.dup.dup.dup.dup.dup.dup.dup.dup.dup.dup.dup.dup.dup.dup.dup.dup.dup.dup.dup.dup.json'
[INGEST] 0 leads nuevos, 0 duplicados saltados.
[DUP LEAD] prospecto_20260807.done.done.done.done.done.done.dup.dup.dup.dup.dup.dup.dup.dup.dup.dup.dup.dup.dup.dup.dup.dup.dup.dup.dup.dup.dup.dup.dup.dup.dup.dup.dup.dup.dup.dup.dup.dup.dup.dup.dup.dup.dup.dup.dup.dup.dup.dup.dup.dup.dup.dup.dup.dup.dup.dup.json: ya existe cita #4. skip
[LEAD FAIL] prospecto_20260807.done.done.done.done.done.done.dup.dup.dup.dup.dup.dup.dup.dup.dup.dup.dup.dup.dup.dup.dup.dup.dup.dup.dup.dup.dup.dup.dup.dup.dup.dup.dup.dup.dup.dup.dup.dup.dup.dup.dup.dup.dup.dup.dup.dup.dup.dup.dup.dup.dup.dup.dup.dup.dup.dup.json: [Errno 36] File name too long: '/home/mystic/Documentos/Sonora Digital Corp Nuevo/01_Core_Platform/03_Agentic_Infrastructure/Databases/Aztrotech_Citas/leads/prospecto_20260807.done.done.done.done.done.done.dup.dup.dup.dup.dup.dup.dup.dup.dup.dup.dup.dup.dup.dup.dup.dup.dup.dup.dup.dup.dup.dup.dup.dup.dup.dup.dup.dup.dup.dup.dup.dup.dup.dup.dup.dup.dup.dup.dup.dup.dup.dup.dup.dup.dup.dup.dup.dup.dup.dup.json' -> '/home/mystic/Documentos/Sonora Digital Corp Nuevo/01_Core_Platform/03_Agentic_Infrastructure/Databases/Aztrotech_Citas/leads/prospecto_20260807.done.done.done.done.done.done.dup.dup.dup.dup.dup.dup.dup.dup.dup.dup.dup.dup.dup.dup.dup.dup.dup.dup.dup.dup.dup.dup.dup.dup.dup.dup.dup.dup.dup.dup.dup.dup.dup.dup.dup.dup.dup.dup.dup.dup.dup.dup.dup.dup.dup.dup.dup.dup.dup.dup.dup.json'
[INGEST] 0 leads nuevos, 0 duplicados saltados.
[DUP LEAD] prospecto_20260807.done.done.done.done.done.done.dup.dup.dup.dup.dup.dup.dup.dup.dup.dup.dup.dup.dup.dup.dup.dup.dup.dup.dup.dup.dup.dup.dup.dup.dup.dup.dup.dup.dup.dup.dup.dup.dup.dup.dup.dup.dup.dup.dup.dup.dup.dup.dup.dup.dup.dup.dup.dup.dup.dup.json: ya existe cita #4. skip
[LEAD FAIL] prospecto_20260807.done.done.done.done.done.done.dup.dup.dup.dup.dup.dup.dup.dup.dup.dup.dup.dup.dup.dup.dup.dup.dup.dup.dup.dup.dup.dup.dup.dup.dup.dup.dup.dup.dup.dup.dup.dup.dup.dup.dup.dup.dup.dup.dup.dup.dup.dup.dup.dup.dup.dup.dup.dup.dup.dup.json: [Errno 36] File name too long: '/home/mystic/Documentos/Sonora Digital Corp Nuevo/01_Core_Platform/03_Agentic_Infrastructure/Databases/Aztrotech_Citas/leads/prospecto_20260807.done.done.done.done.done.done.dup.dup.dup.dup.dup.dup.dup.dup.dup.dup.dup.dup.dup.dup.dup.dup.dup.dup.dup.dup.dup.dup.dup.dup.dup.dup.dup.dup.dup.dup.dup.dup.dup.dup.dup.dup.dup.dup.dup.dup.dup.dup.dup.dup.dup.dup.dup.dup.dup.dup.json' -> '/home/mystic/Documentos/Sonora Digital Corp Nuevo/01_Core_Platform/03_Agentic_Infrastructure/Databases/Aztrotech_Citas/leads/prospecto_20260807.done.done.done.done.done.done.dup.dup.dup.dup.dup.dup.dup.dup.dup.dup.dup.dup.dup.dup.dup.dup.dup.dup.dup.dup.dup.dup.dup.dup.dup.dup.dup.dup.dup.dup.dup.dup.dup.dup.dup.dup.dup.dup.dup.dup.dup.dup.dup.dup.dup.dup.dup.dup.dup.dup.dup.json'
[INGEST] 0 leads nuevos, 0 duplicados saltados.
[DUP LEAD] prospecto_20260807.done.done.done.done.done.done.dup.dup.dup.dup.dup.dup.dup.dup.dup.dup.dup.dup.dup.dup.dup.dup.dup.dup.dup.dup.dup.dup.dup.dup.dup.dup.dup.dup.dup.dup.dup.dup.dup.dup.dup.dup.dup.dup.dup.dup.dup.dup.dup.dup.dup.dup.dup.dup.dup.dup.json: ya existe cita #4. skip
[LEAD FAIL] prospecto_20260807.done.done.done.done.done.done.dup.dup.dup.dup.dup.dup.dup.dup.dup.dup.dup.dup.dup.dup.dup.dup.dup.dup.dup.dup.dup.dup.dup.dup.dup.dup.dup.dup.dup.dup.dup.dup.dup.dup.dup.dup.dup.dup.dup.dup.dup.dup.dup.dup.dup.dup.dup.dup.dup.dup.json: [Errno 36] File name too long: '/home/mystic/Documentos/Sonora Digital Corp Nuevo/01_Core_Platform/03_Agentic_Infrastructure/Databases/Aztrotech_Citas/leads/prospecto_20260807.done.done.done.done.done.done.dup.dup.dup.dup.dup.dup.dup.dup.dup.dup.dup.dup.dup.dup.dup.dup.dup.dup.dup.dup.dup.dup.dup.dup.dup.dup.dup.dup.dup.dup.dup.dup.dup.dup.dup.dup.dup.dup.dup.dup.dup.dup.dup.dup.dup.dup.dup.dup.dup.dup.json' -> '/home/mystic/Documentos/Sonora Digital Corp Nuevo/01_Core_Platform/03_Agentic_Infrastructure/Databases/Aztrotech_Citas/leads/prospecto_20260807.done.done.done.done.done.done.dup.dup.dup.dup.dup.dup.dup.dup.dup.dup.dup.dup.dup.dup.dup.dup.dup.dup.dup.dup.dup.dup.dup.dup.dup.dup.dup.dup.dup.dup.dup.dup.dup.dup.dup.dup.dup.dup.dup.dup.dup.dup.dup.dup.dup.dup.dup.dup.dup.dup.dup.json'
[INGEST] 0 leads nuevos, 0 duplicados saltados.
[DUP LEAD] prospecto_20260807.done.done.done.done.done.done.dup.dup.dup.dup.dup.dup.dup.dup.dup.dup.dup.dup.dup.dup.dup.dup.dup.dup.dup.dup.dup.dup.dup.dup.dup.dup.dup.dup.dup.dup.dup.dup.dup.dup.dup.dup.dup.dup.dup.dup.dup.dup.dup.dup.dup.dup.dup.dup.dup.dup.json: ya existe cita #4. skip
[LEAD FAIL] prospecto_20260807.done.done.done.done.done.done.dup.dup.dup.dup.dup.dup.dup.dup.dup.dup.dup.dup.dup.dup.dup.dup.dup.dup.dup.dup.dup.dup.dup.dup.dup.dup.dup.dup.dup.dup.dup.dup.dup.dup.dup.dup.dup.dup.dup.dup.dup.dup.dup.dup.dup.dup.dup.dup.dup.dup.json: [Errno 36] File name too long: '/home/mystic/Documentos/Sonora Digital Corp Nuevo/01_Core_Platform/03_Agentic_Infrastructure/Databases/Aztrotech_Citas/leads/prospecto_20260807.done.done.done.done.done.done.dup.dup.dup.dup.dup.dup.dup.dup.dup.dup.dup.dup.dup.dup.dup.dup.dup.dup.dup.dup.dup.dup.dup.dup.dup.dup.dup.dup.dup.dup.dup.dup.dup.dup.dup.dup.dup.dup.dup.dup.dup.dup.dup.dup.dup.dup.dup.dup.dup.dup.json' -> '/home/mystic/Documentos/Sonora Digital Corp Nuevo/01_Core_Platform/03_Agentic_Infrastructure/Databases/Aztrotech_Citas/leads/prospecto_20260807.done.done.done.done.done.done.dup.dup.dup.dup.dup.dup.dup.dup.dup.dup.dup.dup.dup.dup.dup.dup.dup.dup.dup.dup.dup.dup.dup.dup.dup.dup.dup.dup.dup.dup.dup.dup.dup.dup.dup.dup.dup.dup.dup.dup.dup.dup.dup.dup.dup.dup.dup.dup.dup.dup.dup.json'
[INGEST] 0 leads nuevos, 0 duplicados saltados.
[DUP LEAD] prospecto_20260807.done.done.done.done.done.done.dup.dup.dup.dup.dup.dup.dup.dup.dup.dup.dup.dup.dup.dup.dup.dup.dup.dup.dup.dup.dup.dup.dup.dup.dup.dup.dup.dup.dup.dup.dup.dup.dup.dup.dup.dup.dup.dup.dup.dup.dup.dup.dup.dup.dup.dup.dup.dup.dup.dup.json: ya existe cita #4. skip
[LEAD FAIL] prospecto_20260807.done.done.done.done.done.done.dup.dup.dup.dup.dup.dup.dup.dup.dup.dup.dup.dup.dup.dup.dup.dup.dup.dup.dup.dup.dup.dup.dup.dup.dup.dup.dup.dup.dup.dup.dup.dup.dup.dup.dup.dup.dup.dup.dup.dup.dup.dup.dup.dup.dup.dup.dup.dup.dup.dup.json: [Errno 36] File name too long: '/home/mystic/Documentos/Sonora Digital Corp Nuevo/01_Core_Platform/03_Agentic_Infrastructure/Databases/Aztrotech_Citas/leads/prospecto_20260807.done.done.done.done.done.done.dup.dup.dup.dup.dup.dup.dup.dup.dup.dup.dup.dup.dup.dup.dup.dup.dup.dup.dup.dup.dup.dup.dup.dup.dup.dup.dup.dup.dup.dup.dup.dup.dup.dup.dup.dup.dup.dup.dup.dup.dup.dup.dup.dup.dup.dup.dup.dup.dup.dup.json' -> '/home/mystic/Documentos/Sonora Digital Corp Nuevo/01_Core_Platform/03_Agentic_Infrastructure/Databases/Aztrotech_Citas/leads/prospecto_20260807.done.done.done.done.done.done.dup.dup.dup.dup.dup.dup.dup.dup.dup.dup.dup.dup.dup.dup.dup.dup.dup.dup.dup.dup.dup.dup.dup.dup.dup.dup.dup.dup.dup.dup.dup.dup.dup.dup.dup.dup.dup.dup.dup.dup.dup.dup.dup.dup.dup.dup.dup.dup.dup.dup.dup.json'
[INGEST] 0 leads nuevos, 0 duplicados saltados.
[DUP LEAD] prospecto_20260807.done.done.done.done.done.done.dup.dup.dup.dup.dup.dup.dup.dup.dup.dup.dup.dup.dup.dup.dup.dup.dup.dup.dup.dup.dup.dup.dup.dup.dup.dup.dup.dup.dup.dup.dup.dup.dup.dup.dup.dup.dup.dup.dup.dup.dup.dup.dup.dup.dup.dup.dup.dup.dup.dup.json: ya existe cita #4. skip
[LEAD FAIL] prospecto_20260807.done.done.done.done.done.done.dup.dup.dup.dup.dup.dup.dup.dup.dup.dup.dup.dup.dup.dup.dup.dup.dup.dup.dup.dup.dup.dup.dup.dup.dup.dup.dup.dup.dup.dup.dup.dup.dup.dup.dup.dup.dup.dup.dup.dup.dup.dup.dup.dup.dup.dup.dup.dup.dup.dup.json: [Errno 36] File name too long: '/home/mystic/Documentos/Sonora Digital Corp Nuevo/01_Core_Platform/03_Agentic_Infrastructure/Databases/Aztrotech_Citas/leads/prospecto_20260807.done.done.done.done.done.done.dup.dup.dup.dup.dup.dup.dup.dup.dup.dup.dup.dup.dup.dup.dup.dup.dup.dup.dup.dup.dup.dup.dup.dup.dup.dup.dup.dup.dup.dup.dup.dup.dup.dup.dup.dup.dup.dup.dup.dup.dup.dup.dup.dup.dup.dup.dup.dup.dup.dup.json' -> '/home/mystic/Documentos/Sonora Digital Corp Nuevo/01_Core_Platform/03_Agentic_Infrastructure/Databases/Aztrotech_Citas/leads/prospecto_20260807.done.done.done.done.done.done.dup.dup.dup.dup.dup.dup.dup.dup.dup.dup.dup.dup.dup.dup.dup.dup.dup.dup.dup.dup.dup.dup.dup.dup.dup.dup.dup.dup.dup.dup.dup.dup.dup.dup.dup.dup.dup.dup.dup.dup.dup.dup.dup.dup.dup.dup.dup.dup.dup.dup.dup.json'
[INGEST] 0 leads nuevos, 0 duplicados saltados.
[DUP LEAD] prospecto_20260807.done.done.done.done.done.done.dup.dup.dup.dup.dup.dup.dup.dup.dup.dup.dup.dup.dup.dup.dup.dup.dup.dup.dup.dup.dup.dup.dup.dup.dup.dup.dup.dup.dup.dup.dup.dup.dup.dup.dup.dup.dup.dup.dup.dup.dup.dup.dup.dup.dup.dup.dup.dup.dup.dup.json: ya existe cita #4. skip
[LEAD FAIL] prospecto_20260807.done.done.done.done.done.done.dup.dup.dup.dup.dup.dup.dup.dup.dup.dup.dup.dup.dup.dup.dup.dup.dup.dup.dup.dup.dup.dup.dup.dup.dup.dup.dup.dup.dup.dup.dup.dup.dup.dup.dup.dup.dup.dup.dup.dup.dup.dup.dup.dup.dup.dup.dup.dup.dup.dup.json: [Errno 36] File name too long: '/home/mystic/Documentos/Sonora Digital Corp Nuevo/01_Core_Platform/03_Agentic_Infrastructure/Databases/Aztrotech_Citas/leads/prospecto_20260807.done.done.done.done.done.done.dup.dup.dup.dup.dup.dup.dup.dup.dup.dup.dup.dup.dup.dup.dup.dup.dup.dup.dup.dup.dup.dup.dup.dup.dup.dup.dup.dup.dup.dup.dup.dup.dup.dup.dup.dup.dup.dup.dup.dup.dup.dup.dup.dup.dup.dup.dup.dup.dup.dup.json' -> '/home/mystic/Documentos/Sonora Digital Corp Nuevo/01_Core_Platform/03_Agentic_Infrastructure/Databases/Aztrotech_Citas/leads/prospecto_20260807.done.done.done.done.done.done.dup.dup.dup.dup.dup.dup.dup.dup.dup.dup.dup.dup.dup.dup.dup.dup.dup.dup.dup.dup.dup.dup.dup.dup.dup.dup.dup.dup.dup.dup.dup.dup.dup.dup.dup.dup.dup.dup.dup.dup.dup.dup.dup.dup.dup.dup.dup.dup.dup.dup.dup.json'
[INGEST] 0 leads nuevos, 0 duplicados saltados.
[DUP LEAD] prospecto_20260807.done.done.done.done.done.done.dup.dup.dup.dup.dup.dup.dup.dup.dup.dup.dup.dup.dup.dup.dup.dup.dup.dup.dup.dup.dup.dup.dup.dup.dup.dup.dup.dup.dup.dup.dup.dup.dup.dup.dup.dup.dup.dup.dup.dup.dup.dup.dup.dup.dup.dup.dup.dup.dup.dup.json: ya existe cita #4. skip
[LEAD FAIL] prospecto_20260807.done.done.done.done.done.done.dup.dup.dup.dup.dup.dup.dup.dup.dup.dup.dup.dup.dup.dup.dup.dup.dup.dup.dup.dup.dup.dup.dup.dup.dup.dup.dup.dup.dup.dup.dup.dup.dup.dup.dup.dup.dup.dup.dup.dup.dup.dup.dup.dup.dup.dup.dup.dup.dup.dup.json: [Errno 36] File name too long: '/home/mystic/Documentos/Sonora Digital Corp Nuevo/01_Core_Platform/03_Agentic_Infrastructure/Databases/Aztrotech_Citas/leads/prospecto_20260807.done.done.done.done.done.done.dup.dup.dup.dup.dup.dup.dup.dup.dup.dup.dup.dup.dup.dup.dup.dup.dup.dup.dup.dup.dup.dup.dup.dup.dup.dup.dup.dup.dup.dup.dup.dup.dup.dup.dup.dup.dup.dup.dup.dup.dup.dup.dup.dup.dup.dup.dup.dup.dup.dup.json' -> '/home/mystic/Documentos/Sonora Digital Corp Nuevo/01_Core_Platform/03_Agentic_Infrastructure/Databases/Aztrotech_Citas/leads/prospecto_20260807.done.done.done.done.done.done.dup.dup.dup.dup.dup.dup.dup.dup.dup.dup.dup.dup.dup.dup.dup.dup.dup.dup.dup.dup.dup.dup.dup.dup.dup.dup.dup.dup.dup.dup.dup.dup.dup.dup.dup.dup.dup.dup.dup.dup.dup.dup.dup.dup.dup.dup.dup.dup.dup.dup.dup.json'
[INGEST] 0 leads nuevos, 0 duplicados saltados.
[DUP LEAD] prospecto_20260807.done.done.done.done.done.done.dup.dup.dup.dup.dup.dup.dup.dup.dup.dup.dup.dup.dup.dup.dup.dup.dup.dup.dup.dup.dup.dup.dup.dup.dup.dup.dup.dup.dup.dup.dup.dup.dup.dup.dup.dup.dup.dup.dup.dup.dup.dup.dup.dup.dup.dup.dup.dup.dup.dup.json: ya existe cita #4. skip
[LEAD FAIL] prospecto_20260807.done.done.done.done.done.done.dup.dup.dup.dup.dup.dup.dup.dup.dup.dup.dup.dup.dup.dup.dup.dup.dup.dup.dup.dup.dup.dup.dup.dup.dup.dup.dup.dup.dup.dup.dup.dup.dup.dup.dup.dup.dup.dup.dup.dup.dup.dup.dup.dup.dup.dup.dup.dup.dup.dup.json: [Errno 36] File name too long: '/home/mystic/Documentos/Sonora Digital Corp Nuevo/01_Core_Platform/03_Agentic_Infrastructure/Databases/Aztrotech_Citas/leads/prospecto_20260807.done.done.done.done.done.done.dup.dup.dup.dup.dup.dup.dup.dup.dup.dup.dup.dup.dup.dup.dup.dup.dup.dup.dup.dup.dup.dup.dup.dup.dup.dup.dup.dup.dup.dup.dup.dup.dup.dup.dup.dup.dup.dup.dup.dup.dup.dup.dup.dup.dup.dup.dup.dup.dup.dup.json' -> '/home/mystic/Documentos/Sonora Digital Corp Nuevo/01_Core_Platform/03_Agentic_Infrastructure/Databases/Aztrotech_Citas/leads/prospecto_20260807.done.done.done.done.done.done.dup.dup.dup.dup.dup.dup.dup.dup.dup.dup.dup.dup.dup.dup.dup.dup.dup.dup.dup.dup.dup.dup.dup.dup.dup.dup.dup.dup.dup.dup.dup.dup.dup.dup.dup.dup.dup.dup.dup.dup.dup.dup.dup.dup.dup.dup.dup.dup.dup.dup.dup.json'
[INGEST] 0 leads nuevos, 0 duplicados saltados.
[DUP LEAD] prospecto_20260807.done.done.done.done.done.done.dup.dup.dup.dup.dup.dup.dup.dup.dup.dup.dup.dup.dup.dup.dup.dup.dup.dup.dup.dup.dup.dup.dup.dup.dup.dup.dup.dup.dup.dup.dup.dup.dup.dup.dup.dup.dup.dup.dup.dup.dup.dup.dup.dup.dup.dup.dup.dup.dup.dup.json: ya existe cita #4. skip
[LEAD FAIL] prospecto_20260807.done.done.done.done.done.done.dup.dup.dup.dup.dup.dup.dup.dup.dup.dup.dup.dup.dup.dup.dup.dup.dup.dup.dup.dup.dup.dup.dup.dup.dup.dup.dup.dup.dup.dup.dup.dup.dup.dup.dup.dup.dup.dup.dup.dup.dup.dup.dup.dup.dup.dup.dup.dup.dup.dup.json: [Errno 36] File name too long: '/home/mystic/Documentos/Sonora Digital Corp Nuevo/01_Core_Platform/03_Agentic_Infrastructure/Databases/Aztrotech_Citas/leads/prospecto_20260807.done.done.done.done.done.done.dup.dup.dup.dup.dup.dup.dup.dup.dup.dup.dup.dup.dup.dup.dup.dup.dup.dup.dup.dup.dup.dup.dup.dup.dup.dup.dup.dup.dup.dup.dup.dup.dup.dup.dup.dup.dup.dup.dup.dup.dup.dup.dup.dup.dup.dup.dup.dup.dup.dup.json' -> '/home/mystic/Documentos/Sonora Digital Corp Nuevo/01_Core_Platform/03_Agentic_Infrastructure/Databases/Aztrotech_Citas/leads/prospecto_20260807.done.done.done.done.done.done.dup.dup.dup.dup.dup.dup.dup.dup.dup.dup.dup.dup.dup.dup.dup.dup.dup.dup.dup.dup.dup.dup.dup.dup.dup.dup.dup.dup.dup.dup.dup.dup.dup.dup.dup.dup.dup.dup.dup.dup.dup.dup.dup.dup.dup.dup.dup.dup.dup.dup.dup.json'
[INGEST] 0 leads nuevos, 0 duplicados saltados.
[DUP LEAD] prospecto_20260807.done.done.done.done.done.done.dup.dup.dup.dup.dup.dup.dup.dup.dup.dup.dup.dup.dup.dup.dup.dup.dup.dup.dup.dup.dup.dup.dup.dup.dup.dup.dup.dup.dup.dup.dup.dup.dup.dup.dup.dup.dup.dup.dup.dup.dup.dup.dup.dup.dup.dup.dup.dup.dup.dup.json: ya existe cita #4. skip
[LEAD FAIL] prospecto_20260807.done.done.done.done.done.done.dup.dup.dup.dup.dup.dup.dup.dup.dup.dup.dup.dup.dup.dup.dup.dup.dup.dup.dup.dup.dup.dup.dup.dup.dup.dup.dup.dup.dup.dup.dup.dup.dup.dup.dup.dup.dup.dup.dup.dup.dup.dup.dup.dup.dup.dup.dup.dup.dup.dup.json: [Errno 36] File name too long: '/home/mystic/Documentos/Sonora Digital Corp Nuevo/01_Core_Platform/03_Agentic_Infrastructure/Databases/Aztrotech_Citas/leads/prospecto_20260807.done.done.done.done.done.done.dup.dup.dup.dup.dup.dup.dup.dup.dup.dup.dup.dup.dup.dup.dup.dup.dup.dup.dup.dup.dup.dup.dup.dup.dup.dup.dup.dup.dup.dup.dup.dup.dup.dup.dup.dup.dup.dup.dup.dup.dup.dup.dup.dup.dup.dup.dup.dup.dup.dup.json' -> '/home/mystic/Documentos/Sonora Digital Corp Nuevo/01_Core_Platform/03_Agentic_Infrastructure/Databases/Aztrotech_Citas/leads/prospecto_20260807.done.done.done.done.done.done.dup.dup.dup.dup.dup.dup.dup.dup.dup.dup.dup.dup.dup.dup.dup.dup.dup.dup.dup.dup.dup.dup.dup.dup.dup.dup.dup.dup.dup.dup.dup.dup.dup.dup.dup.dup.dup.dup.dup.dup.dup.dup.dup.dup.dup.dup.dup.dup.dup.dup.dup.json'
[INGEST] 0 leads nuevos, 0 duplicados saltados.
[DUP LEAD] prospecto_20260807.done.done.done.done.done.done.dup.dup.dup.dup.dup.dup.dup.dup.dup.dup.dup.dup.dup.dup.dup.dup.dup.dup.dup.dup.dup.dup.dup.dup.dup.dup.dup.dup.dup.dup.dup.dup.dup.dup.dup.dup.dup.dup.dup.dup.dup.dup.dup.dup.dup.dup.dup.dup.dup.dup.json: ya existe cita #4. skip
[LEAD FAIL] prospecto_20260807.done.done.done.done.done.done.dup.dup.dup.dup.dup.dup.dup.dup.dup.dup.dup.dup.dup.dup.dup.dup.dup.dup.dup.dup.dup.dup.dup.dup.dup.dup.dup.dup.dup.dup.dup.dup.dup.dup.dup.dup.dup.dup.dup.dup.dup.dup.dup.dup.dup.dup.dup.dup.dup.dup.json: [Errno 36] File name too long: '/home/mystic/Documentos/Sonora Digital Corp Nuevo/01_Core_Platform/03_Agentic_Infrastructure/Databases/Aztrotech_Citas/leads/prospecto_20260807.done.done.done.done.done.done.dup.dup.dup.dup.dup.dup.dup.dup.dup.dup.dup.dup.dup.dup.dup.dup.dup.dup.dup.dup.dup.dup.dup.dup.dup.dup.dup.dup.dup.dup.dup.dup.dup.dup.dup.dup.dup.dup.dup.dup.dup.dup.dup.dup.dup.dup.dup.dup.dup.dup.json' -> '/home/mystic/Documentos/Sonora Digital Corp Nuevo/01_Core_Platform/03_Agentic_Infrastructure/Databases/Aztrotech_Citas/leads/prospecto_20260807.done.done.done.done.done.done.dup.dup.dup.dup.dup.dup.dup.dup.dup.dup.dup.dup.dup.dup.dup.dup.dup.dup.dup.dup.dup.dup.dup.dup.dup.dup.dup.dup.dup.dup.dup.dup.dup.dup.dup.dup.dup.dup.dup.dup.dup.dup.dup.dup.dup.dup.dup.dup.dup.dup.dup.json'
[INGEST] 0 leads nuevos, 0 duplicados saltados.
[DUP LEAD] prospecto_20260807.done.done.done.done.done.done.dup.dup.dup.dup.dup.dup.dup.dup.dup.dup.dup.dup.dup.dup.dup.dup.dup.dup.dup.dup.dup.dup.dup.dup.dup.dup.dup.dup.dup.dup.dup.dup.dup.dup.dup.dup.dup.dup.dup.dup.dup.dup.dup.dup.dup.dup.dup.dup.dup.dup.json: ya existe cita #4. skip
[LEAD FAIL] prospecto_20260807.done.done.done.done.done.done.dup.dup.dup.dup.dup.dup.dup.dup.dup.dup.dup.dup.dup.dup.dup.dup.dup.dup.dup.dup.dup.dup.dup.dup.dup.dup.dup.dup.dup.dup.dup.dup.dup.dup.dup.dup.dup.dup.dup.dup.dup.dup.dup.dup.dup.dup.dup.dup.dup.dup.json: [Errno 36] File name too long: '/home/mystic/Documentos/Sonora Digital Corp Nuevo/01_Core_Platform/03_Agentic_Infrastructure/Databases/Aztrotech_Citas/leads/prospecto_20260807.done.done.done.done.done.done.dup.dup.dup.dup.dup.dup.dup.dup.dup.dup.dup.dup.dup.dup.dup.dup.dup.dup.dup.dup.dup.dup.dup.dup.dup.dup.dup.dup.dup.dup.dup.dup.dup.dup.dup.dup.dup.dup.dup.dup.dup.dup.dup.dup.dup.dup.dup.dup.dup.dup.json' -> '/home/mystic/Documentos/Sonora Digital Corp Nuevo/01_Core_Platform/03_Agentic_Infrastructure/Databases/Aztrotech_Citas/leads/prospecto_20260807.done.done.done.done.done.done.dup.dup.dup.dup.dup.dup.dup.dup.dup.dup.dup.dup.dup.dup.dup.dup.dup.dup.dup.dup.dup.dup.dup.dup.dup.dup.dup.dup.dup.dup.dup.dup.dup.dup.dup.dup.dup.dup.dup.dup.dup.dup.dup.dup.dup.dup.dup.dup.dup.dup.dup.json'
[INGEST] 0 leads nuevos, 0 duplicados saltados.
[DUP LEAD] prospecto_20260807.done.done.done.done.done.done.dup.dup.dup.dup.dup.dup.dup.dup.dup.dup.dup.dup.dup.dup.dup.dup.dup.dup.dup.dup.dup.dup.dup.dup.dup.dup.dup.dup.dup.dup.dup.dup.dup.dup.dup.dup.dup.dup.dup.dup.dup.dup.dup.dup.dup.dup.dup.dup.dup.dup.json: ya existe cita #4. skip
[LEAD FAIL] prospecto_20260807.done.done.done.done.done.done.dup.dup.dup.dup.dup.dup.dup.dup.dup.dup.dup.dup.dup.dup.dup.dup.dup.dup.dup.dup.dup.dup.dup.dup.dup.dup.dup.dup.dup.dup.dup.dup.dup.dup.dup.dup.dup.dup.dup.dup.dup.dup.dup.dup.dup.dup.dup.dup.dup.dup.json: [Errno 36] File name too long: '/home/mystic/Documentos/Sonora Digital Corp Nuevo/01_Core_Platform/03_Agentic_Infrastructure/Databases/Aztrotech_Citas/leads/prospecto_20260807.done.done.done.done.done.done.dup.dup.dup.dup.dup.dup.dup.dup.dup.dup.dup.dup.dup.dup.dup.dup.dup.dup.dup.dup.dup.dup.dup.dup.dup.dup.dup.dup.dup.dup.dup.dup.dup.dup.dup.dup.dup.dup.dup.dup.dup.dup.dup.dup.dup.dup.dup.dup.dup.dup.json' -> '/home/mystic/Documentos/Sonora Digital Corp Nuevo/01_Core_Platform/03_Agentic_Infrastructure/Databases/Aztrotech_Citas/leads/prospecto_20260807.done.done.done.done.done.done.dup.dup.dup.dup.dup.dup.dup.dup.dup.dup.dup.dup.dup.dup.dup.dup.dup.dup.dup.dup.dup.dup.dup.dup.dup.dup.dup.dup.dup.dup.dup.dup.dup.dup.dup.dup.dup.dup.dup.dup.dup.dup.dup.dup.dup.dup.dup.dup.dup.dup.dup.json'
[INGEST] 0 leads nuevos, 0 duplicados saltados.
[DUP LEAD] prospecto_20260807.done.done.done.done.done.done.dup.dup.dup.dup.dup.dup.dup.dup.dup.dup.dup.dup.dup.dup.dup.dup.dup.dup.dup.dup.dup.dup.dup.dup.dup.dup.dup.dup.dup.dup.dup.dup.dup.dup.dup.dup.dup.dup.dup.dup.dup.dup.dup.dup.dup.dup.dup.dup.dup.dup.json: ya existe cita #4. skip
[LEAD FAIL] prospecto_20260807.done.done.done.done.done.done.dup.dup.dup.dup.dup.dup.dup.dup.dup.dup.dup.dup.dup.dup.dup.dup.dup.dup.dup.dup.dup.dup.dup.dup.dup.dup.dup.dup.dup.dup.dup.dup.dup.dup.dup.dup.dup.dup.dup.dup.dup.dup.dup.dup.dup.dup.dup.dup.dup.dup.json: [Errno 36] File name too long: '/home/mystic/Documentos/Sonora Digital Corp Nuevo/01_Core_Platform/03_Agentic_Infrastructure/Databases/Aztrotech_Citas/leads/prospecto_20260807.done.done.done.done.done.done.dup.dup.dup.dup.dup.dup.dup.dup.dup.dup.dup.dup.dup.dup.dup.dup.dup.dup.dup.dup.dup.dup.dup.dup.dup.dup.dup.dup.dup.dup.dup.dup.dup.dup.dup.dup.dup.dup.dup.dup.dup.dup.dup.dup.dup.dup.dup.dup.dup.dup.json' -> '/home/mystic/Documentos/Sonora Digital Corp Nuevo/01_Core_Platform/03_Agentic_Infrastructure/Databases/Aztrotech_Citas/leads/prospecto_20260807.done.done.done.done.done.done.dup.dup.dup.dup.dup.dup.dup.dup.dup.dup.dup.dup.dup.dup.dup.dup.dup.dup.dup.dup.dup.dup.dup.dup.dup.dup.dup.dup.dup.dup.dup.dup.dup.dup.dup.dup.dup.dup.dup.dup.dup.dup.dup.dup.dup.dup.dup.dup.dup.dup.dup.json'
[INGEST] 0 leads nuevos, 0 duplicados saltados.
[DUP LEAD] prospecto_20260807.done.done.done.done.done.done.dup.dup.dup.dup.dup.dup.dup.dup.dup.dup.dup.dup.dup.dup.dup.dup.dup.dup.dup.dup.dup.dup.dup.dup.dup.dup.dup.dup.dup.dup.dup.dup.dup.dup.dup.dup.dup.dup.dup.dup.dup.dup.dup.dup.dup.dup.dup.dup.dup.dup.json: ya existe cita #4. skip
[LEAD FAIL] prospecto_20260807.done.done.done.done.done.done.dup.dup.dup.dup.dup.dup.dup.dup.dup.dup.dup.dup.dup.dup.dup.dup.dup.dup.dup.dup.dup.dup.dup.dup.dup.dup.dup.dup.dup.dup.dup.dup.dup.dup.dup.dup.dup.dup.dup.dup.dup.dup.dup.dup.dup.dup.dup.dup.dup.dup.json: [Errno 36] File name too long: '/home/mystic/Documentos/Sonora Digital Corp Nuevo/01_Core_Platform/03_Agentic_Infrastructure/Databases/Aztrotech_Citas/leads/prospecto_20260807.done.done.done.done.done.done.dup.dup.dup.dup.dup.dup.dup.dup.dup.dup.dup.dup.dup.dup.dup.dup.dup.dup.dup.dup.dup.dup.dup.dup.dup.dup.dup.dup.dup.dup.dup.dup.dup.dup.dup.dup.dup.dup.dup.dup.dup.dup.dup.dup.dup.dup.dup.dup.dup.dup.json' -> '/home/mystic/Documentos/Sonora Digital Corp Nuevo/01_Core_Platform/03_Agentic_Infrastructure/Databases/Aztrotech_Citas/leads/prospecto_20260807.done.done.done.done.done.done.dup.dup.dup.dup.dup.dup.dup.dup.dup.dup.dup.dup.dup.dup.dup.dup.dup.dup.dup.dup.dup.dup.dup.dup.dup.dup.dup.dup.dup.dup.dup.dup.dup.dup.dup.dup.dup.dup.dup.dup.dup.dup.dup.dup.dup.dup.dup.dup.dup.dup.dup.json'
[INGEST] 0 leads nuevos, 0 duplicados saltados.
[DUP LEAD] prospecto_20260807.done.done.done.done.done.done.dup.dup.dup.dup.dup.dup.dup.dup.dup.dup.dup.dup.dup.dup.dup.dup.dup.dup.dup.dup.dup.dup.dup.dup.dup.dup.dup.dup.dup.dup.dup.dup.dup.dup.dup.dup.dup.dup.dup.dup.dup.dup.dup.dup.dup.dup.dup.dup.dup.dup.json: ya existe cita #4. skip
[LEAD FAIL] prospecto_20260807.done.done.done.done.done.done.dup.dup.dup.dup.dup.dup.dup.dup.dup.dup.dup.dup.dup.dup.dup.dup.dup.dup.dup.dup.dup.dup.dup.dup.dup.dup.dup.dup.dup.dup.dup.dup.dup.dup.dup.dup.dup.dup.dup.dup.dup.dup.dup.dup.dup.dup.dup.dup.dup.dup.json: [Errno 36] File name too long: '/home/mystic/Documentos/Sonora Digital Corp Nuevo/01_Core_Platform/03_Agentic_Infrastructure/Databases/Aztrotech_Citas/leads/prospecto_20260807.done.done.done.done.done.done.dup.dup.dup.dup.dup.dup.dup.dup.dup.dup.dup.dup.dup.dup.dup.dup.dup.dup.dup.dup.dup.dup.dup.dup.dup.dup.dup.dup.dup.dup.dup.dup.dup.dup.dup.dup.dup.dup.dup.dup.dup.dup.dup.dup.dup.dup.dup.dup.dup.dup.json' -> '/home/mystic/Documentos/Sonora Digital Corp Nuevo/01_Core_Platform/03_Agentic_Infrastructure/Databases/Aztrotech_Citas/leads/prospecto_20260807.done.done.done.done.done.done.dup.dup.dup.dup.dup.dup.dup.dup.dup.dup.dup.dup.dup.dup.dup.dup.dup.dup.dup.dup.dup.dup.dup.dup.dup.dup.dup.dup.dup.dup.dup.dup.dup.dup.dup.dup.dup.dup.dup.dup.dup.dup.dup.dup.dup.dup.dup.dup.dup.dup.dup.json'
[INGEST] 0 leads nuevos, 0 duplicados saltados.
[DUP LEAD] prospecto_20260807.done.done.done.done.done.done.dup.dup.dup.dup.dup.dup.dup.dup.dup.dup.dup.dup.dup.dup.dup.dup.dup.dup.dup.dup.dup.dup.dup.dup.dup.dup.dup.dup.dup.dup.dup.dup.dup.dup.dup.dup.dup.dup.dup.dup.dup.dup.dup.dup.dup.dup.dup.dup.dup.dup.json: ya existe cita #4. skip
[LEAD FAIL] prospecto_20260807.done.done.done.done.done.done.dup.dup.dup.dup.dup.dup.dup.dup.dup.dup.dup.dup.dup.dup.dup.dup.dup.dup.dup.dup.dup.dup.dup.dup.dup.dup.dup.dup.dup.dup.dup.dup.dup.dup.dup.dup.dup.dup.dup.dup.dup.dup.dup.dup.dup.dup.dup.dup.dup.dup.json: [Errno 36] File name too long: '/home/mystic/Documentos/Sonora Digital Corp Nuevo/01_Core_Platform/03_Agentic_Infrastructure/Databases/Aztrotech_Citas/leads/prospecto_20260807.done.done.done.done.done.done.dup.dup.dup.dup.dup.dup.dup.dup.dup.dup.dup.dup.dup.dup.dup.dup.dup.dup.dup.dup.dup.dup.dup.dup.dup.dup.dup.dup.dup.dup.dup.dup.dup.dup.dup.dup.dup.dup.dup.dup.dup.dup.dup.dup.dup.dup.dup.dup.dup.dup.json' -> '/home/mystic/Documentos/Sonora Digital Corp Nuevo/01_Core_Platform/03_Agentic_Infrastructure/Databases/Aztrotech_Citas/leads/prospecto_20260807.done.done.done.done.done.done.dup.dup.dup.dup.dup.dup.dup.dup.dup.dup.dup.dup.dup.dup.dup.dup.dup.dup.dup.dup.dup.dup.dup.dup.dup.dup.dup.dup.dup.dup.dup.dup.dup.dup.dup.dup.dup.dup.dup.dup.dup.dup.dup.dup.dup.dup.dup.dup.dup.dup.dup.json'
[INGEST] 0 leads nuevos, 0 duplicados saltados.
[DUP LEAD] prospecto_20260807.done.done.done.done.done.done.dup.dup.dup.dup.dup.dup.dup.dup.dup.dup.dup.dup.dup.dup.dup.dup.dup.dup.dup.dup.dup.dup.dup.dup.dup.dup.dup.dup.dup.dup.dup.dup.dup.dup.dup.dup.dup.dup.dup.dup.dup.dup.dup.dup.dup.dup.dup.dup.dup.dup.json: ya existe cita #4. skip
[LEAD FAIL] prospecto_20260807.done.done.done.done.done.done.dup.dup.dup.dup.dup.dup.dup.dup.dup.dup.dup.dup.dup.dup.dup.dup.dup.dup.dup.dup.dup.dup.dup.dup.dup.dup.dup.dup.dup.dup.dup.dup.dup.dup.dup.dup.dup.dup.dup.dup.dup.dup.dup.dup.dup.dup.dup.dup.dup.dup.json: [Errno 36] File name too long: '/home/mystic/Documentos/Sonora Digital Corp Nuevo/01_Core_Platform/03_Agentic_Infrastructure/Databases/Aztrotech_Citas/leads/prospecto_20260807.done.done.done.done.done.done.dup.dup.dup.dup.dup.dup.dup.dup.dup.dup.dup.dup.dup.dup.dup.dup.dup.dup.dup.dup.dup.dup.dup.dup.dup.dup.dup.dup.dup.dup.dup.dup.dup.dup.dup.dup.dup.dup.dup.dup.dup.dup.dup.dup.dup.dup.dup.dup.dup.dup.json' -> '/home/mystic/Documentos/Sonora Digital Corp Nuevo/01_Core_Platform/03_Agentic_Infrastructure/Databases/Aztrotech_Citas/leads/prospecto_20260807.done.done.done.done.done.done.dup.dup.dup.dup.dup.dup.dup.dup.dup.dup.dup.dup.dup.dup.dup.dup.dup.dup.dup.dup.dup.dup.dup.dup.dup.dup.dup.dup.dup.dup.dup.dup.dup.dup.dup.dup.dup.dup.dup.dup.dup.dup.dup.dup.dup.dup.dup.dup.dup.dup.dup.json'
[INGEST] 0 leads nuevos, 0 duplicados saltados.
[DUP LEAD] prospecto_20260807.done.done.done.done.done.done.dup.dup.dup.dup.dup.dup.dup.dup.dup.dup.dup.dup.dup.dup.dup.dup.dup.dup.dup.dup.dup.dup.dup.dup.dup.dup.dup.dup.dup.dup.dup.dup.dup.dup.dup.dup.dup.dup.dup.dup.dup.dup.dup.dup.dup.dup.dup.dup.dup.dup.json: ya existe cita #4. skip
[LEAD FAIL] prospecto_20260807.done.done.done.done.done.done.dup.dup.dup.dup.dup.dup.dup.dup.dup.dup.dup.dup.dup.dup.dup.dup.dup.dup.dup.dup.dup.dup.dup.dup.dup.dup.dup.dup.dup.dup.dup.dup.dup.dup.dup.dup.dup.dup.dup.dup.dup.dup.dup.dup.dup.dup.dup.dup.dup.dup.json: [Errno 36] File name too long: '/home/mystic/Documentos/Sonora Digital Corp Nuevo/01_Core_Platform/03_Agentic_Infrastructure/Databases/Aztrotech_Citas/leads/prospecto_20260807.done.done.done.done.done.done.dup.dup.dup.dup.dup.dup.dup.dup.dup.dup.dup.dup.dup.dup.dup.dup.dup.dup.dup.dup.dup.dup.dup.dup.dup.dup.dup.dup.dup.dup.dup.dup.dup.dup.dup.dup.dup.dup.dup.dup.dup.dup.dup.dup.dup.dup.dup.dup.dup.dup.json' -> '/home/mystic/Documentos/Sonora Digital Corp Nuevo/01_Core_Platform/03_Agentic_Infrastructure/Databases/Aztrotech_Citas/leads/prospecto_20260807.done.done.done.done.done.done.dup.dup.dup.dup.dup.dup.dup.dup.dup.dup.dup.dup.dup.dup.dup.dup.dup.dup.dup.dup.dup.dup.dup.dup.dup.dup.dup.dup.dup.dup.dup.dup.dup.dup.dup.dup.dup.dup.dup.dup.dup.dup.dup.dup.dup.dup.dup.dup.dup.dup.dup.json'
[INGEST] 0 leads nuevos, 0 duplicados saltados.
[DUP LEAD] prospecto_20260807.done.done.done.done.done.done.dup.dup.dup.dup.dup.dup.dup.dup.dup.dup.dup.dup.dup.dup.dup.dup.dup.dup.dup.dup.dup.dup.dup.dup.dup.dup.dup.dup.dup.dup.dup.dup.dup.dup.dup.dup.dup.dup.dup.dup.dup.dup.dup.dup.dup.dup.dup.dup.dup.dup.json: ya existe cita #4. skip
[LEAD FAIL] prospecto_20260807.done.done.done.done.done.done.dup.dup.dup.dup.dup.dup.dup.dup.dup.dup.dup.dup.dup.dup.dup.dup.dup.dup.dup.dup.dup.dup.dup.dup.dup.dup.dup.dup.dup.dup.dup.dup.dup.dup.dup.dup.dup.dup.dup.dup.dup.dup.dup.dup.dup.dup.dup.dup.dup.dup.json: [Errno 36] File name too long: '/home/mystic/Documentos/Sonora Digital Corp Nuevo/01_Core_Platform/03_Agentic_Infrastructure/Databases/Aztrotech_Citas/leads/prospecto_20260807.done.done.done.done.done.done.dup.dup.dup.dup.dup.dup.dup.dup.dup.dup.dup.dup.dup.dup.dup.dup.dup.dup.dup.dup.dup.dup.dup.dup.dup.dup.dup.dup.dup.dup.dup.dup.dup.dup.dup.dup.dup.dup.dup.dup.dup.dup.dup.dup.dup.dup.dup.dup.dup.dup.json' -> '/home/mystic/Documentos/Sonora Digital Corp Nuevo/01_Core_Platform/03_Agentic_Infrastructure/Databases/Aztrotech_Citas/leads/prospecto_20260807.done.done.done.done.done.done.dup.dup.dup.dup.dup.dup.dup.dup.dup.dup.dup.dup.dup.dup.dup.dup.dup.dup.dup.dup.dup.dup.dup.dup.dup.dup.dup.dup.dup.dup.dup.dup.dup.dup.dup.dup.dup.dup.dup.dup.dup.dup.dup.dup.dup.dup.dup.dup.dup.dup.dup.json'
[INGEST] 0 leads nuevos, 0 duplicados saltados.
[DUP LEAD] prospecto_20260807.done.done.done.done.done.done.dup.dup.dup.dup.dup.dup.dup.dup.dup.dup.dup.dup.dup.dup.dup.dup.dup.dup.dup.dup.dup.dup.dup.dup.dup.dup.dup.dup.dup.dup.dup.dup.dup.dup.dup.dup.dup.dup.dup.dup.dup.dup.dup.dup.dup.dup.dup.dup.dup.dup.json: ya existe cita #4. skip
[LEAD FAIL] prospecto_20260807.done.done.done.done.done.done.dup.dup.dup.dup.dup.dup.dup.dup.dup.dup.dup.dup.dup.dup.dup.dup.dup.dup.dup.dup.dup.dup.dup.dup.dup.dup.dup.dup.dup.dup.dup.dup.dup.dup.dup.dup.dup.dup.dup.dup.dup.dup.dup.dup.dup.dup.dup.dup.dup.dup.json: [Errno 36] File name too long: '/home/mystic/Documentos/Sonora Digital Corp Nuevo/01_Core_Platform/03_Agentic_Infrastructure/Databases/Aztrotech_Citas/leads/prospecto_20260807.done.done.done.done.done.done.dup.dup.dup.dup.dup.dup.dup.dup.dup.dup.dup.dup.dup.dup.dup.dup.dup.dup.dup.dup.dup.dup.dup.dup.dup.dup.dup.dup.dup.dup.dup.dup.dup.dup.dup.dup.dup.dup.dup.dup.dup.dup.dup.dup.dup.dup.dup.dup.dup.dup.json' -> '/home/mystic/Documentos/Sonora Digital Corp Nuevo/01_Core_Platform/03_Agentic_Infrastructure/Databases/Aztrotech_Citas/leads/prospecto_20260807.done.done.done.done.done.done.dup.dup.dup.dup.dup.dup.dup.dup.dup.dup.dup.dup.dup.dup.dup.dup.dup.dup.dup.dup.dup.dup.dup.dup.dup.dup.dup.dup.dup.dup.dup.dup.dup.dup.dup.dup.dup.dup.dup.dup.dup.dup.dup.dup.dup.dup.dup.dup.dup.dup.dup.json'
[INGEST] 0 leads nuevos, 0 duplicados saltados.
[DUP LEAD] prospecto_20260807.done.done.done.done.done.done.dup.dup.dup.dup.dup.dup.dup.dup.dup.dup.dup.dup.dup.dup.dup.dup.dup.dup.dup.dup.dup.dup.dup.dup.dup.dup.dup.dup.dup.dup.dup.dup.dup.dup.dup.dup.dup.dup.dup.dup.dup.dup.dup.dup.dup.dup.dup.dup.dup.dup.json: ya existe cita #4. skip
[LEAD FAIL] prospecto_20260807.done.done.done.done.done.done.dup.dup.dup.dup.dup.dup.dup.dup.dup.dup.dup.dup.dup.dup.dup.dup.dup.dup.dup.dup.dup.dup.dup.dup.dup.dup.dup.dup.dup.dup.dup.dup.dup.dup.dup.dup.dup.dup.dup.dup.dup.dup.dup.dup.dup.dup.dup.dup.dup.dup.json: [Errno 36] File name too long: '/home/mystic/Documentos/Sonora Digital Corp Nuevo/01_Core_Platform/03_Agentic_Infrastructure/Databases/Aztrotech_Citas/leads/prospecto_20260807.done.done.done.done.done.done.dup.dup.dup.dup.dup.dup.dup.dup.dup.dup.dup.dup.dup.dup.dup.dup.dup.dup.dup.dup.dup.dup.dup.dup.dup.dup.dup.dup.dup.dup.dup.dup.dup.dup.dup.dup.dup.dup.dup.dup.dup.dup.dup.dup.dup.dup.dup.dup.dup.dup.json' -> '/home/mystic/Documentos/Sonora Digital Corp Nuevo/01_Core_Platform/03_Agentic_Infrastructure/Databases/Aztrotech_Citas/leads/prospecto_20260807.done.done.done.done.done.done.dup.dup.dup.dup.dup.dup.dup.dup.dup.dup.dup.dup.dup.dup.dup.dup.dup.dup.dup.dup.dup.dup.dup.dup.dup.dup.dup.dup.dup.dup.dup.dup.dup.dup.dup.dup.dup.dup.dup.dup.dup.dup.dup.dup.dup.dup.dup.dup.dup.dup.dup.json'
[INGEST] 0 leads nuevos, 0 duplicados saltados.
[DUP LEAD] prospecto_20260807.done.done.done.done.done.done.dup.dup.dup.dup.dup.dup.dup.dup.dup.dup.dup.dup.dup.dup.dup.dup.dup.dup.dup.dup.dup.dup.dup.dup.dup.dup.dup.dup.dup.dup.dup.dup.dup.dup.dup.dup.dup.dup.dup.dup.dup.dup.dup.dup.dup.dup.dup.dup.dup.dup.json: ya existe cita #4. skip
[LEAD FAIL] prospecto_20260807.done.done.done.done.done.done.dup.dup.dup.dup.dup.dup.dup.dup.dup.dup.dup.dup.dup.dup.dup.dup.dup.dup.dup.dup.dup.dup.dup.dup.dup.dup.dup.dup.dup.dup.dup.dup.dup.dup.dup.dup.dup.dup.dup.dup.dup.dup.dup.dup.dup.dup.dup.dup.dup.dup.json: [Errno 36] File name too long: '/home/mystic/Documentos/Sonora Digital Corp Nuevo/01_Core_Platform/03_Agentic_Infrastructure/Databases/Aztrotech_Citas/leads/prospecto_20260807.done.done.done.done.done.done.dup.dup.dup.dup.dup.dup.dup.dup.dup.dup.dup.dup.dup.dup.dup.dup.dup.dup.dup.dup.dup.dup.dup.dup.dup.dup.dup.dup.dup.dup.dup.dup.dup.dup.dup.dup.dup.dup.dup.dup.dup.dup.dup.dup.dup.dup.dup.dup.dup.dup.json' -> '/home/mystic/Documentos/Sonora Digital Corp Nuevo/01_Core_Platform/03_Agentic_Infrastructure/Databases/Aztrotech_Citas/leads/prospecto_20260807.done.done.done.done.done.done.dup.dup.dup.dup.dup.dup.dup.dup.dup.dup.dup.dup.dup.dup.dup.dup.dup.dup.dup.dup.dup.dup.dup.dup.dup.dup.dup.dup.dup.dup.dup.dup.dup.dup.dup.dup.dup.dup.dup.dup.dup.dup.dup.dup.dup.dup.dup.dup.dup.dup.dup.json'
[INGEST] 0 leads nuevos, 0 duplicados saltados.
[DUP LEAD] prospecto_20260807.done.done.done.done.done.done.dup.dup.dup.dup.dup.dup.dup.dup.dup.dup.dup.dup.dup.dup.dup.dup.dup.dup.dup.dup.dup.dup.dup.dup.dup.dup.dup.dup.dup.dup.dup.dup.dup.dup.dup.dup.dup.dup.dup.dup.dup.dup.dup.dup.dup.dup.dup.dup.dup.dup.json: ya existe cita #4. skip
[LEAD FAIL] prospecto_20260807.done.done.done.done.done.done.dup.dup.dup.dup.dup.dup.dup.dup.dup.dup.dup.dup.dup.dup.dup.dup.dup.dup.dup.dup.dup.dup.dup.dup.dup.dup.dup.dup.dup.dup.dup.dup.dup.dup.dup.dup.dup.dup.dup.dup.dup.dup.dup.dup.dup.dup.dup.dup.dup.dup.json: [Errno 36] File name too long: '/home/mystic/Documentos/Sonora Digital Corp Nuevo/01_Core_Platform/03_Agentic_Infrastructure/Databases/Aztrotech_Citas/leads/prospecto_20260807.done.done.done.done.done.done.dup.dup.dup.dup.dup.dup.dup.dup.dup.dup.dup.dup.dup.dup.dup.dup.dup.dup.dup.dup.dup.dup.dup.dup.dup.dup.dup.dup.dup.dup.dup.dup.dup.dup.dup.dup.dup.dup.dup.dup.dup.dup.dup.dup.dup.dup.dup.dup.dup.dup.json' -> '/home/mystic/Documentos/Sonora Digital Corp Nuevo/01_Core_Platform/03_Agentic_Infrastructure/Databases/Aztrotech_Citas/leads/prospecto_20260807.done.done.done.done.done.done.dup.dup.dup.dup.dup.dup.dup.dup.dup.dup.dup.dup.dup.dup.dup.dup.dup.dup.dup.dup.dup.dup.dup.dup.dup.dup.dup.dup.dup.dup.dup.dup.dup.dup.dup.dup.dup.dup.dup.dup.dup.dup.dup.dup.dup.dup.dup.dup.dup.dup.dup.json'
[INGEST] 0 leads nuevos, 0 duplicados saltados.
